month,WORLD,MOMENTUM,QUALITY,TREND,WORLD_100,BASELINE_60_15_15_10,THREE_EQUITY_FIXED,PRUDENT_TREND_10,ERC_TREND_15,ERC_TREND_20,ERC_FREE
2006-06-30,0.002317653963533937004911374,0.003723569919399028189969861,0.008443430628374691454094782,0.009405383488131817212033369,0.0012915312652887691369025959808675,0.0030564572398880155813848989193325,0.004085136925398407016825418429696988675976,0.004485088264404738458328635069865281218435,0.0046970506228422431402778575868541,0.0049164804896997494958986027280112,0.0056285852466477300960181222915054
2006-07-31,0.002676942964587909253952566,-0.0114396270761516708963027818,0.006381291131306806172813899,-0.0018793948358070861833699714,0.0026769429645879092539525660000000000000000000000,0.0006605425125546296119962484503517544793080319911,0.0004208010821477811420099910449210252191371952912,0.0001899494114265095186147052381150678547333950064,0.0000745691878995225308504279983055795502707130440,0.0000053522440676389926554789906649675958131192546,-0.00025398317422259229113332725394551247967382809447
2006-08-31,0.024173063394043574096505114,0.006114093644962045902499519,0.015193465176268228585673603,-0.0121653088052391291943597128,0.0241730633940435740965051140000000000000000000000,0.0164949160389335816212537980238470228900654371265,0.0157730479898257953622676223306738027262334082868,0.0129748070255029119070958923154161178296413131669,0.0115757552408920121607103320235722428440793610643,0.0102104431924537421602307387863832942195748404502,0.0055555838349140099189562632652954911800889589915
2006-09-30,0.018539394655947109101567146,0.017430204145976272728919167,0.010170048080712616471586939,0.027096802989436429425303569,0.0185393946559471091015671460000000000000000000000,0.0179442403639098731811085065149685094167074812478,0.0148470476023798052653926167577476313329388858048,0.0160435032647507958223468581893597689335440783906,0.0166441838049281765640174392244481364951622458922,0.0172337837434550527289092237009791563556103169580,0.0193623331287254201829180161309546718604881501460
2006-10-31,0.030415235261880497494275113,0.031805809128630673604253892,0.035679550614577592767766205,0.015032878562827640199474606,0.0304152352618804974942751130000000000000000000000,0.0298972627982417453321602610031583721923369717240,0.0329091454145586400411588467065217677118179405843,0.0311441404280923139182925119478751828818066343085,0.0302595861201232797689471802512629065798322513845,0.0293799281891933860493581846150251391546516886348,0.0262721383178742019242136565881127245781527399372
2006-11-30,-0.0106969082271320565287045499,-0.0088668275394011159264307096,-0.0090594676117938465161437454,-0.0252756464450408833188403617,-0.01069690822713205652870454990000000000000000000001,-0.01159347056726908072296741863944041056431232511540,-0.00955519278311991579479038674692679424270798139713,-0.01108309446799065670678810867633353502217522548119,-0.01185079074330034137024670716899416959323981705098,-0.01262265548119229997743438382026857935431077988011,-0.01533650578593857373900284379716545942244464421137
2006-12-31,0.027458702735470036872244516,0.035095559596877931522835282,0.019319421080548464942009620,0.046077719377941303008889524,0.0274587027354700368722445160000000000000000000000,0.0291297165100642944595755987307493860441361370901,0.0261457218296402009269907172821460438584895586526,0.0280551416035049519155891243494372146966994412603,0.0290167609492613472220762677246683992184637786974,0.0299462910977026834733223702317723831220328875215,0.0332693205005637491255288285953869941397893266688
2007-01-31,0.029219795353131357125708304,0.028712140329281534023643734,0.024244776119403090725475522,0.046792652118903797622915335,0.0292197953531313571257083040000000000000000000000,0.0300544193646607797352739564043008672523571044271,0.0270048500538957411548352916960309126447491802652,0.0289499042130085631395608090142241692884573286933,0.0299341976129647212696362623218950050458401482859,0.0309108697286778175653750687797321004963040707925,0.0343455338475549859758599615205213180452508700539
2007-02-28,-0.0192060922146636302101287112,-0.0222517309145880444607032889,-0.0172411640211640081129838223,-0.0469322412530362087722851072,-0.01920609221466363021012871120000000000000000000000,-0.02218620949307086607571555644411443368404648439573,-0.01922853868140497856292727810549152671654401313259,-0.02204626231954873774669567173725172058867176867535,-0.02345139817398405873287028338664763096355408584680,-0.02484181125076281621837314867225863992213030521319,-0.02966459282816595587193728473468430764283326298703
2007-03-31,0.010897039030955576184298964,0.016436742934051134679877860,0.018909825033647366151118439,0.014454470634363964812476196,0.0108970390309555761842989640000000000000000000000,0.0132800199249465798171567011754664775193723842851,0.0155985506369213456883584769610185743030700669346,0.0154851506792313492366079773445391456390332081063,0.0154283560022456475734274157185358303228235646720,0.0153709771802188137512419590647764457375029485272,0.0151023437062558892695070318070144346058351596351
2007-04-30,0.019694070278184338680329779,0.012057379209370284103559186,0.021260571010248760131975029,0.032668762247586017341847754,0.0196940702781843386803297790000000000000000000000,0.0200692110247215625754497597751610723290075360304,0.0182946072738119446577403234694420448671439226053,0.0197179379685022581618093466857280040183323878698,0.0204309108646271862868821549757949435504228823361,0.0211688535560165998169776432959783354833250188260,0.0237320134377033771464768242886524683362818110964
2007-05-31,0.044833122723556210663643247,0.047676206050695139128034113,0.051433137590128723170264901,0.042441730275872755120966139,0.0448331227235562106636432470000000000000000000000,0.0460127964998797036265621038325040383358341550846,0.0482607160741822468222860488441739981217252299278,0.0476772007873490469011950665818529667254312586292,0.0473855193777683249467220642523252873014762449182,0.0470983441344636585259717848764457872138259638168,0.0460462389624096496107530922511242515641152172937
2007-06-30,-0.0088362943786982124526130486,-0.0084382766272189225068054441,0.002407707100591728516451777,0.022650103041540575058959298,-0.00883629437869821245261304860000000000000000000000,-0.00392197699427388977860399305636589314494195750191,-0.00415921368318433668514763403149294586187402357814,-0.00148426350133183436269733204031188646729531984068,-0.00014601980147192857888609124968028377230979696858,0.0012122070071178581116121613071099156473636340083,0.0058425977767301440159571401591866080971320280313
2007-07-31,-0.0333559915396396931180257895,-0.0156067391145795222276090438,-0.0285242506017066465978567865,-0.0645651371278765915363062744,-0.03335599153963969311802578950000000000000000000000,-0.03318560317465183702621289746326882023952814993829,-0.02670587382505596112753821253042943728700794260007,-0.03057464763960763078151255788171209209605465805945,-0.03250237807563278709270732352304680543963198843330,-0.03446485559330451118549374274802075416656812537452,-0.04129777992010920299061006405206749498743958372718
2007-08-31,-0.0021053588446596487317991723,-0.0015022798915037218474710896,0.003322351733743693227153572,-0.0135537009856826836902595925,-0.00210535884465964873179917230000000000000000000000,-0.00231912977956026910569938053508144631219241258507,0.0002725428088575022463115651560727541221243415323,-0.00109080164710363039274408602418109883897014361435,-0.00177419751365568140758375601341463922897717126583,-0.00245006963872889469088127736318893316237043159626,-0.00485157799185052939483652096427240151817575395309
2007-09-30,0.004823363105703901243346351,0.029190857303608120349304913,0.014416864758422097741755234,0.001864923444103006741551747,0.0048233631057039012433463510000000000000000000000,0.0097027630394143101504190437922076425539398171532,0.0152309289931041535318623510354266127966321243176,0.0139294224481653789034501571149760585683594506987,0.0132756842540731023377550117283397048496114071823,0.0125700643645498157189344599689284081981332114643,0.0100064133297565873039473073646341606232426797975
2007-10-31,0.017187240807298713641709317,0.032322200718827602714252625,0.021806351949128959008005002,0.034718248658106038173664908,0.0171872408072987136417093170000000000000000000000,0.0219482771889303393735174052471675386352954215088,0.0231564123304977778311271917234032142376470183542,0.0242688612802754430670525073954449340641233398760,0.0248287128702225014151083765515492121494341235657,0.0253569961019280901201294334267789077916340543561,0.0271635698705298615483386466306316436933689394926
2007-11-30,-0.0574326525054466774609665207,-0.0616682461873638885456335120,-0.0482719498910675930220355861,-0.0346135213111177100816402389,-0.05743265250544667746096652070000000000000000000000,-0.05442155430920267611303683191038380333282342646388,-0.05483832547084390514787776310361867120743845415437,-0.05287251313841182356357970471920066122570485716017,-0.05188480914609823058227089514958038627445497729803,-0.05086413539167465277515006929794011117493525349714,-0.04736022794186384002827600421872445033501208993932
2007-12-31,-0.0068526193247960935780538114,0.003607916181606702276501830,-0.0001136204889404462486766194,0.044541872843428008555837624,-0.00685261932479609357805381140000000000000000000001,0.0009957297307038267328003417676314930957182035165,-0.00125475332385900115041450392540656048364944526120,0.0032824174745059773775440660150896299099519497292,0.0055549725636954066515671097347443394966777284767,0.0078135719360443582772206162932418801106524841046,0.0156266798941004775494672300159797996680358068168
2008-01-31,-0.0912114547537228689625596014,-0.1135474226804124433178539897,-0.0930809851088202342169675017,-0.0458295521076664632422003737,-0.09121145475372286896255960140000000000000000000000,-0.09041150681617563595957631354366757100193804130813,-0.09799643083954320716075227716631489169585132839904,-0.09280743525351756491886681530950238382520967431547,-0.09020273213513248547589928640672797334282731313172,-0.08753930630704459134423238896076461740648513899076,-0.07825429246598833784038156628289538337723994499442
2008-02-29,-0.0219031474287218685703868664,0.003113616909198723061742314,-0.0103719826167115958649523225,0.070327576912402150810057367,-0.02190314742872186857038686639999999999999999999999,-0.00684987892642695002902677485880884506163051539567,-0.01068129301766918913193889386758915948822404463102,-0.00216295361589243891297336035551898645593559536254,0.0020605489816534422069068971035939661633629139272,0.0062118218449351646337024150251031764913940569964,0.0203359534282123987312714532458249470208915341694
2008-03-31,-0.0494792534008225584226327661,-0.0529384878203100622536866703,-0.0503440620056944343803962422,-0.0638367213665185260084455725,-0.04947925340082255842263276610000000000000000000000,-0.05174150915364894667056550228816453980158669468948,-0.05074793644001797001978534002784173568267220744111,-0.05222424903218669152739601400205635116876366229197,-0.05294691645560453720080368685064397830558371091537,-0.05365162634384882477233859028245358441974415728129,-0.05601595777932525733995270548557368037641919904119
2008-04-30,0.066999935765673086053103591,0.079791752312435674905881046,0.079994797019527144570210847,-0.0049490450406492295056867682,0.0669999357656730860531035910000000000000000000000,0.0627968833310951041316592639317407140600681513941,0.0756581274369553605456957112301457950833980096052,0.0666776922550846159615468556710170214278453920715,0.0622714838808254765799254284943540981755911874537,0.0579099247759775111323416236629878078866040367878,0.0430642630815974318617328903727043891161847550782
2008-05-31,0.020624473007712201634449160,0.035031876606683925684577645,0.029228894601542536831053672,0.003277792949579655041262694,0.0206244730077122016344491600000000000000000000000,0.0222752056132170980277233000449269312823756800659,0.0279582097515586521054880899195416485674442011071,0.0253932117767607823731233014084201136875529746555,0.0241188471986773435456462027345205923322435045383,0.0228263655831059924739063114557000217717623735453,0.0183001351759659522408690513908981674736105921144
2008-06-30,-0.0898961137922276725532250952,-0.0481998983997968917278490221,-0.0705300990601982103689272034,0.067823130229427757315442355,-0.08989611379222767255322509520000000000000000000000,-0.06444507316087947890962034976911819801088685207858,-0.07084030988767262368815944145740028123290145916411,-0.05673994656214289356779298800290980023015883257953,-0.04970822836819518709197519268237153700409494222260,-0.04276922864815833091735773476260564470453839695292,-0.01893394533635921630024445867294936289758071992785
2008-07-31,-0.0164697671434985890838541373,-0.0531400089806914826913480720,-0.0328349990377830209417439925,-0.0232749165252717584047456786,-0.01646976714349858908385413730000000000000000000001,-0.02540651566149692885345183986603646857709557373383,-0.03319821403137459720143808721658864293618833010323,-0.03205590887655867375942811934761121334468276285529,-0.03149891687905520631432303624666742004573737843775,-0.03088066139271231904113521002406429992532008816970,-0.02866214244956175446760342934269804421413884569386
2008-08-31,0.041781764264775988950851581,0.023715570250187401975268110,0.044969916149703386652425135,0.026446562505175019602723366,0.0417817642647759889508515810000000000000000000000,0.0377548715396631683664924123353860064710626444286,0.0382322454747114485899892175818024786613447320548,0.0368632200359336750620627362193595123764049400008,0.0361968534323042755962892251678582571562390300170,0.0355968077604056162412079427945928973836938601231,0.0335785968398664401923786868854329468896779270487
2008-09-30,-0.0846068958170582628728820375,-0.1071088772104252157828009495,-0.0880446985299337695674529824,0.027677112820678226518006365,-0.08460689581705826287288203750000000000000000000001,-0.07543050326512008841723083408336728279797304313059,-0.09197584947466229585033878101367829578167110114459,-0.07821657623967161168320198779572038366343833650685,-0.07150615334030231205847877529193104657617542224437,-0.06485256632887879716251002422518416635818009645398,-0.04251131985445573408983679782469551854210319921153
2008-10-31,-0.1054201466645640681156696218,-0.0666701939757137342162490804,-0.0734431083425328470181535304,0.210540913435183504799072488,-0.10542014666456406811566962180000000000000000000000,-0.05436647230263775274376985467046659850139696745991,-0.08214234120498376628807577210320886377950501627954,-0.04461926553210087096327438553936100218601940088208,-0.02672264517271192029787087556974266850089646976406,-0.00942071592985006017690129586742579751242525023325,0.0465560206074294751697589793912453151190963335273
2008-11-30,-0.0658838821490467765730953207,-0.0670827477548447914053009737,-0.0501987238065227491850713597,0.079762545994664166503836928,-0.06588388214904677657309532070000000000000000000001,-0.03971525055723779045747964634617422616705853069065,-0.05966982584999542233739114673091004499148616757814,-0.03701988838956536758212526512434062288567958616162,-0.02683213612116153283305918218954826517631477151450,-0.01727844959046569968114462084705292648768585722838,0.0115092096448030879573775603789121725921467280011
2008-12-31,-0.0475168043681298715007935335,-0.0621998563115166094066123999,-0.0556335225231697452499729069,-0.0322039608649268937465194166,-0.04751680436812987150079353350000000000000000000000,-0.04786148024124844065086639641349522437408879708329,-0.05478677840004138548446259254856405005244298549468,-0.05067347281469612153700256681324644821791700047652,-0.04888577031634966978485775319697609994628443622555,-0.04722721321779489677537637148902240326834513706279,-0.04234806158480514974635001582376576312529704293086
2009-01-31,-0.0058633630115589596341541980,-0.0033630740393627711236660128,0.009247079037800614407491791,0.090034409817395791088256005,-0.00586336301155895963415419800000000000000000000000,0.0060590287402631569591336641456915935943510272878,0.0007630307307399418291170405125224965746812039387,0.0095094882711871225387886494243204397118708667302,0.0139088098028802015788878913098670448868946909698,0.0183434359921095433146279143642353839713861961831,0.0337126077022122122255429306465370499179747931458
2009-02-28,-0.0890978360448586178811161234,-0.0848507344811246105488566737,-0.0722105512557257792028464068,0.036769849013091921108462211,-0.08909783604485861788111612339999999999999999999999,-0.07230527513898010754179723746246542645761547644393,-0.08110600239243143843106163204627172150986401882279,-0.06839256243363372566061888583516353734495856506141,-0.06211509832997159493186989802728932776878443927901,-0.05587250072395072252190518945751583774121627212429,-0.03472954704474589140315111359622519403358500903294
2009-03-31,0.024437056028957143672551328,-0.0083136113415277384487726639,0.017848729356760476423655248,-0.0659584835493291688846075798,0.0244370560289571436725513280000000000000000000000,0.0077138797541064957443392154101260244508222655951,0.0130820559175256600743214911293040499636204417884,0.0035951940004741276278240575095871180380980657080,-0.00099443219836711847038057281231788382087532938616,-0.00540880576859813104895037843733026883138391849265,-0.01996095336954993634096038648727277779273586907959
2009-04-30,0.115630187254605768110035748,0.028017872244034950743648988,0.092901049531863396061841698,-0.0432698037109125893419938540,0.1156301872546057681100357480000000000000000000000,0.0817287853157626535756287687405770691950873147149,0.0836036186655414578160654969806379935177323822748,0.0694310438239143531470894662217468534324903481065,0.0624778780927712852288650377109220332157599458463,0.0558088375302152552750576500453809702242433618485,0.0335269782263270281341061697825257362821220311205
2009-05-31,0.030849355797819621946305451,-0.0039341922695738368751660655,0.026067789890981168038232547,-0.1315569808723652809977825658,0.0308493557978196219463054510000000000000000000000,0.0092461170693121086392716205216096955930418710208,0.0203282626506669024025108509125281241162494985614,0.0051495826678368187319234357502011065001537239216,-0.00244518423359712135248929216374084956369472247946,-0.00994893689376066261964418999697700178026928354631,-0.03592100691789960457569650507817481325484224723693
2009-06-30,0.005041726105563545144871241,0.022674037089871677515833895,0.005545506419400920355470174,0.022672090096324893510288304,0.0050417261055635451448712410000000000000000000000,0.0090094354530361038648087127552373599030613123620,0.0094747082052227998723354797079801621442250407285,0.0106141078649021524907558005922396989391344337691,0.0111972920785786954148160991423417249855446709578,0.0117424102497053619578688152223146783103649291240,0.0136816863548059389438208498690464539041689549321
2009-07-31,0.066399747881504300807190892,0.056090202395125702926263257,0.052948245675467463572075787,-0.0514285180274016519129716559,0.0663997478815043008071908920000000000000000000000,0.0527053394500501025708722330475224730903527978237,0.0582940065373972890745815605264002603806484267805,0.0487068913033937442598668315677226922322736587585,0.0438089095443936305890788812354519583756805260592,0.0388506070528190092292609728654954577844953823750,0.0212192104362248893518852585372865447494128033108
2009-08-31,0.033471722168036744910068743,0.004623247875156712565866227,0.010989807719102650738379886,0.013993099253381997169916720,0.0334717221680367449100687430000000000000000000000,0.0244883263633430361804761091249210687469053499885,0.0171678433118207061119289540114029337768811069678,0.0169167590853976007515314275514653986076957357565,0.0167868088724741549461170070147159892238707419977,0.0166911695669958670403470490821280944981268967697,0.0165687653899171924553061426782238177276294686512
2009-09-30,0.024991373889268625721234652,0.021753629528366370083367250,0.019889473684210525928231474,-0.0098817764629057456258689851,0.0249913738892686257212346520000000000000000000000,0.0210820032830646693347779113148148393754531078383,0.0221150423565320054062545070662475280600185892262,0.0195934862285281150534185570936101917879488872930,0.0182868910697158150740601285437813705763164699704,0.0169501244112919342294370012760167587001037254819,0.0121069780971253572573730817011307793523032201989
2009-10-31,-0.0292937987123009363966937987,-0.0240386987461877545406186987,-0.0089674686546933461986674686,-0.0312445227302474072922476573,-0.02929379871230093639669379870000000000000000000000,-0.02561309741342927913247674266671105069470994222364,-0.01968073619313086471667437127809337227246916759826,-0.02056535367109039512769929069892758356444137057753,-0.02102566187090160973234207767466801202580224228165,-0.02147467878560206851174558430703804673039045003141,-0.02331995653036220884511007069083028334467907176479
2009-11-30,0.019880085367480287605569972,0.024308356676003696804938039,0.027555755635587530217807955,0.026732606691068718453645357,0.0198800853674802876055699720000000000000000000000,0.0221854301607224429989926726838714062539177824386,0.0241240888707286958941949450745926390487118464257,0.0243216344861997413106690548866223665149735629814,0.0244244645961201323746879577147910571678203524490,0.0245321119606578106160624429209052319977180942900,0.0248546619895981240489781237041018271255901318217
2009-12-31,0.066486435947530069318381173,0.080086910410270790233761745,0.067428007256489042304830597,0.030726348131867397357831562,0.0664864359475300693183811730000000000000000000000,0.0658058344204071589425833852138937033850000560578,0.0701159731325727099614692936256924877123629816326,0.0671273977256087085862903979020181248222922369064,0.0655713070921868435324020560261934138024752364699,0.0639394704229363037824657601487561289751971724924,0.0578978873564618417238729850882742916360015105785
2010-01-31,-0.0052331362653208508212244253,-0.0282759336697909297935799829,-0.0132929488103821340492232302,-0.0146936774368550171376966819,-0.00523313626532085082122442530000000000000000000000,-0.01102324542183236153937204693502422310985055420963,-0.01474962203770582873139606323279860477904094220803,-0.01481093858633345500229233363966066683161594187436,-0.01482657038395569158626199125999148799101584542173,-0.01479159816894035072259371019452720538553612351829,-0.01457919738906456714630078266807638034663313954917
2010-02-28,0.028471669106881303950688697,0.037305417276720248905147174,0.027354758418740747692079004,0.036291842252540062384497757,0.0284716691068813039506886970000000000000000000000,0.0303848746683996950309721763674441546338978252572,0.0303408692403739534890266873593329031428929249622,0.0309358247313517068683338792383282527573099513219,0.0312333983397088398474060424250624231780016881318,0.0315045078578964578264214774900455376408101774049,0.0324481196170182152954145989948680766934945561431
2010-03-31,0.073026023953866695695493863,0.108069791512642389192560816,0.068077480408102981051815821,0.062488868437388109333440700,0.0730260239538666956954938630000000000000000000000,0.0764307607671030485942802105764362225813808522432,0.0803001848584229213763364740851410288678076947849,0.0785108792739220203421010016858419864954562326988,0.0776166690227425830624963860267609007351845620753,0.0766169417219092023850287816303131057511142386506,0.0731610649373453046717315734701646874453326555746
2010-04-30,0.021822086904224930748430919,0.030871959103894153440898861,0.021008615245827697247984363,0.038715717045813536101641295,0.0218220869042249307484309190000000000000000000000,0.0247534837117059352573297779571669435447801019200,0.0239527949285673169699665122643301139432698453374,0.0254142303579404814582750337718578033783402186275,0.0261463785534995159816639206707899448116374502941,0.0268525241018079540550226653895825603571487584287,0.0293112618825966859136835491901509366877876402087
2010-05-31,-0.0270580160077613384515009645,-0.0340483143342226530309916727,-0.0258750424448217313688179216,0.020333438103597609905570109,-0.02705801600776133845150096450000000000000000000000,-0.02320883469514418426397842306389723054683787248906,-0.02849723315013260519101822906768782978633852363821,-0.02360099954879544700783600144593899071703114786293,-0.02115330721072115170432126984837404918795904949917,-0.01868340884758670391350114871836234999644335123102,-0.01011033848826348528624370523080273933300872590803
2010-06-30,-0.0252531608494020024879703906,-0.0380337564071271672292493252,-0.0276683915059799863760860948,0.018196509677151845279929545,-0.02525316084940200248797039060000000000000000000000,-0.02300222372571528354566529010426619557241899259983,-0.02968406036774648767534159689573523643449107959468,-0.02466710297840895672232715764548362533992396674235,-0.02217787383077544209355000850149359707115191790192,-0.01966988125824365618673764816321528356202438354478,-0.01102894724177903982059412904707392916028519322103
2010-07-31,0.017776432779860829206581322,0.026710896013467073780100563,0.011757425969852411809684149,-0.0676977245625892663350534420,0.0177764327798608292065813220000000000000000000000,0.0089084147189408108790177888014904782181928978673,0.0177810200493495257732025081232654277695172008856,0.0084307892160535271478506273300460382084166589224,0.0038271684457150607858878703249994684187395771719,-0.00076519946973487624713664856674007841383870199899,-0.01631682515740589904785260843015993724075856838823
2010-08-31,-0.0112865318010076028479819376,-0.0006906013853904748793358174,-0.0021308249370277544090547076,0.085994775850487117246103161,-0.01128653180100760284798193760000000000000000000000,0.0014756488071181032299911150516655647214369223892,-0.00478024310611345583023063404963947169562130839370,0.0043999011449381327829693379498592657767179003531,0.0089825967863895994603762567331602235610534023142,0.0135482663589951306851068980436235420536752048605,0.0292838724114422892297168385015479862664666463885
2010-09-30,0.026146195132710629546272172,0.040437144327622765566714520,0.018767208293507631208919587,-0.0550366023957472021629108589,0.0261461951327106295462721720000000000000000000000,0.0183639856331879562879045402524373740369975662839,0.0271095093734734828869659234544568133479663568186,0.0181273716017749969702156422237709805911756558443,0.0137046654688809955796946768304016555047815209008,0.0092727411214471547715918004138524735253146251918,-0.00573421793866200513459512822339830791123095871997
2010-10-31,0.017578775010796291439182704,0.022179660285015380010384396,0.021885986756873736059031097,-0.0002167909142516025338586349,0.0175787750107962914391827040000000000000000000000,0.0171180458062228877681929802770202232267846190281,0.0205474194467995874835253051716399004236191700987,0.0184401261350321837333118297852779720255836473228,0.0173887985314255315646239039613821528117213876892,0.0163335930430776394252812419265196309855608350583,0.0126422812773386673572394070882953293443259846844
2010-11-30,0.042796072414851042756372519,0.068695443387542048826466399,0.044181635471003236496747912,0.058517413760053573075874005,0.0427960724148510427563725190000000000000000000000,0.0486058345799856301140834872883901676529357480417,0.0505070322594584641491104709661259283800238625644,0.0513053530384715014567275873529003064436133179904,0.0517048537980154038563508132462008434093264039689,0.0520335201924526663941258248932356541053935531463,0.0531444309517782362335414915379489229785325026966
2010-12-31,0.057203979199638372731457208,0.053077730047479204284777420,0.043056839249378366628555077,0.026882295254298114609116241,0.0572039791996383727314572080000000000000000000000,0.0514257518947838785176422823330219981758731906425,0.0504919560931020961647853148558155062184154556240,0.0481236540390342072986440887788086948946521653996,0.0469397897715891401358887373000834705646845731847,0.0457403682584387534763769371590864627385588210474,0.0416874309043359444913737276796355373901376179933
2011-01-31,-0.0118150492161866560852298766,-0.0258435216915785627689621723,-0.0166524535180459342520341165,-0.0389388646344469918880474283,-0.01181504921618665608522987660000000000000000000000,-0.01745432934673319032129567597234850876760355560566,-0.01759556542944792732071074983954112985645736093363,-0.01975201797385353422954282058634943104393513686339,-0.02082033645471520671845883611048687302802853199456,-0.02185854399941016594960086027982905856764961670127,-0.02541702727325814527419454663991819367311923344137
2011-02-28,0.029147031102733292039576107,0.029147031102733292039576107,0.027754948162111237345029821,0.036484705506161299968836950,0.0291470311027332920395761070000000000000000000000,0.0296556482724012568946759932850812852434426742076,0.0285852858657933194425711438751157702975465805653,0.0293595977458637193682778974814911888422195289650,0.0297481039588530209701454594650957006069309627357,0.0301348276568956534605737513460103225280222867449,0.0314958706714247620539760592732753858290657057085
2011-03-31,-0.0340134738771769125989907103,-0.0283729605866177925879911594,-0.0275949587534372243106119110,-0.0433981863633856039343363834,-0.03401347387717691259899071030000000000000000000001,-0.03313741155813557617026174734464823699604108068122,-0.02993515046533373394178107244095768300918465535497,-0.03126395275808994089163359534755447735867279047815,-0.03192991805815219593774350467506877937508246977523,-0.03260052317684478393552659921095161416771691224794,-0.03499343252089830868814607932720409546876558564207
2011-04-30,-0.0002712300114703642253096085,0.002216847716078383791359478,0.002312543013291797176615982,0.006183317033055291295500876,-0.00027123001147036422530960850000000000000000000000,0.0011183283930954756749508485564447779163494511166,0.0014315367639718569414787483997011188294476906881,0.0018946618721686907981226292822048724969265734533,0.0021272479787165689799530806137684729989510431670,0.0023583474862183583215989616283495512332248921652,0.0031432315831715500805151318512670291358999209197
2011-05-31,0.009304326655537226200121727,0.005489795492487698378936384,0.016005530050083693994095977,0.018372013081909946149854403,0.0093043266555372262001217270000000000000000000000,0.0106325639558936192839450094646144018864641497196,0.0110048655322091249925085831285897563525155844722,0.0117259747960477482290648176078330904008338651847,0.0120878713996942705646468911423238278204058184392,0.0124737075717063984023682207859820948159709748596,0.0137696129122600636444355925757374160194137294736
2011-06-30,-0.0251680231357157147653669440,-0.0143783515802519670916692386,-0.0214064862631687201635273770,-0.0336584688659609710260798307,-0.02516802313571571476536694400000000000000000000000,-0.02383004145095578443853382488446323641914201848337,-0.02079670457538679727176896333100116788574637686039,-0.02206390176098826902278737368769073127485979805697,-0.02269917806577285344275420868371771899387813453350,-0.02335828420588221092251489011248322056576408388356,-0.02569481349581906926254964062607925841304251042783
2011-07-31,-0.0077766889074230381211846539,0.002317139282735425377073895,-0.0002063177648041904974907424,0.028403492232983235681365003,-0.00777668890742303812118465390000000000000000000000,-0.00157687706447056270070036371237462150341184050609,-0.00202473989613232884118783454559697892697173678300,0.0009376178220681161291215739125870744678197426332,0.0024256109363012907296286638528201595936930550504,0.0039038504008816704098717218474803128401786896135,0.0090047301289046058403200003385861470093619018332
2011-08-31,-0.0762556434818825572516417326,-0.1001257809246147519555943357,-0.0591770095793419493253827571,0.025524917196530913110967124,-0.07625564348188255725164173260000000000000000000000,-0.06701778483900855068304759221117209775644387841074,-0.07566075271367742256373008151460753976274563309400,-0.06553940819055624131966673210270305590426868335780,-0.06047802686720811548425053881390701590312358707433,-0.05531859796232508828920431083249066956342072110451,-0.03751040178771570280662110535813391203985731069518
2011-09-30,-0.0273888021414231374478459600,-0.0575954494757974408883423740,-0.0110000892259647387726830120,-0.0292167005461417067096387506,-0.02738880214142313744784596000000000000000000000000,-0.02946767439207241022687265083399174314055071649002,-0.02843023223998773311380259150545688561784801177509,-0.02851653392065007262157748553765355492769317868155,-0.02855899472948846977921211250756245302632298998475,-0.02849019329151750384085332436945344832432264751394,-0.02836531032067929634883137280215551239319542395753
2011-10-31,0.060819165411916455233477146,0.064290621639062077666747319,0.057154850505484964887247518,-0.0532450991772296406131620035,0.0608191654119164552334771460000000000000000000000,0.0481226558646492016291024820065885628042990165400,0.0601468284914800230555631823431995058465063800103,0.0477082036010991243325609054880347332912765000358,0.0415877258757143791360952565967753007779807935065,0.0355224141958241600741209807571045955320345538416,0.0149744932409036406311086844330283895205250099098
2011-11-30,0.009351014643574032557235560,0.028322998587675721953083353,0.021895331896231433742468253,0.062459811411801596523570100,0.0093510146435740325572355600000000000000000000000,0.0193557497345596590241255780311226478861600345979,0.0194155302334700536935399385335239801738360144112,0.0236823259718457768443371162594335110188694549479,0.0258192304210983647677658672233425533335278376728,0.0279284000315603208456810290271297935312080544432,0.0351553686106102458336021167439652470053441336798
2011-12-31,0.032437123255993368036080851,0.042496022508286593899831337,0.033370423186618512703851514,0.052026623913828672086657525,0.0324371232559933680360808510000000000000000000000,0.0360792877560458678141335270000242460460995245441,0.0353920571816546350843088370320801640365894647980,0.0371034281286257433951939601365116703826294803548,0.0379551697764693189747288377835900998115042541379,0.0387782057293596321818571495814159133779650938208,0.0416042522303873086095357611829492921517343485738
2012-01-31,0.049627311729104309578108987,0.019115467708572634259438458,0.038794116295104463943792741,-0.0144212288132304404215061324,0.0496273117291043095781089870000000000000000000000,0.0369072782959649037620912348800663904542001171861,0.0370283435507588880080627293474898731273696021274,0.0318564174350742633157817724763220636163657928775,0.0292811872259848368878762034294164817654832559364,0.0267708148676125002683864482154241614889940462860,0.0181606445248302183008106989351952650784368163461
2012-02-29,0.025264832697058026317089961,0.022724388052997842510338380,0.023115225690545563095992469,-0.0444121757682032164615460851,0.0252648326970580263170899610000000000000000000000,0.0179463780048005357032275890713018568440476213171,0.0237318835883945266927099286008475753402572446299,0.0172247008112257139288816192452546984361650540899,0.0139459578288178292058561584028908319695654658507,0.0106546483295187388260244520857576665444755979734,-0.00088319225019659781305853325239132096952745622585
2012-03-31,0.014298155092245532673819832,0.031530403479826156105259679,0.014097780110994595192058904,0.003999609091953170783678533,0.0142981550922455326738198320000000000000000000000,0.0159012095095652883814507005402955138491393096745,0.0187228880401803998112856590557550393180236080430,0.0174021118622177048618856874818905802377873477417,0.0167301967584087546129211428052323655139408811945,0.0160018622688019620596505824098148723257518007058,0.0133939065766119700767323684689441941382378271683
2012-04-30,-0.0032509940282711961399829404,0.012775205986847104983866055,0.003300597172877794885489919,0.044701222131570406850287687,-0.00325099402827119613998294040000000000000000000000,0.0043738579629473471464493925070483692767090827329,0.0036240376127159444318041334479910839056236847054,0.0072603391327912413511377682268259083212708575391,0.0091138537378988472278622542529744365085248377171,0.0109579937481925010577889990470825175819762213978,0.0174828142576784886355991738589006588303239977810
2012-05-31,-0.0249443788417988805716652416,0.007475444839857537642620442,-0.0116768602394048348338057540,0.184599719945273950453975890,-0.02494437884179888057166524160000000000000000000000,0.0011839990804631564535267610291723317404183643646,-0.01095447369634376791519147824376947682124393423962,0.0070001731888259690990087835955801150064771024890,0.0161023213068808075558945540200270558978096447048,0.0252214662829793514370698057228879225462455849345,0.0574236157854195336118854384109522185986539338300
2012-06-30,0.023338648563309194573851955,0.016506630880959967714512933,0.021289043258604426516050248,-0.0894006902224293854357965041,0.0233386485633091945738519550000000000000000000000,0.0097596599724812041948946168156587777808761734243,0.0206568059200528348933105081401827684327126061929,0.0087698280286556450102720594860315193249039344720,0.0029041618684340571817101172436287008193033918716,-0.00289639249406872366292000146315239805434562032189,-0.02264482521477900108666487712634163881513637796730
2012-07-31,0.037407876573284509910808650,0.050780511571254463930481939,0.042756930572472491518677966,0.046706514575266803541517083,0.0374078765732845099108086500000000000000000000000,0.0411759181891296380381103215015392789731763533759,0.0431803847289385226641167145971681112564113361678,0.0435241661977554212884321325001045383718372182932,0.0436968089976767911114018536322566604507756606118,0.0438422353333512366517223172587173950545640349254,0.0442973990583222477916688559445624447825933509886
2012-08-31,0.006407099697885208854070393,-0.0036775321990777424555870886,0.001805374463348716508886882,-0.0378333069734587120490980248,0.0064070996978852088540703930000000000000000000000,-0.00020066490279927155882414092861587202716427495058,0.0018067036872884760193249337332628835592286189751,-0.00206982741455518488385334933957605122898588201926,-0.00401561076572040946408415340073009034395323583207,-0.00594693846748406444356003099884560930695044665695,-0.01265302208149575641471706537867300538720152618954
2012-09-30,0.008509831985065274979861490,0.003715790292470377960651826,-0.0021544648413192918587885784,-0.0577420543513608355345027735,0.0085098319850652749798614900000000000000000000000,-0.00011107372016600851274054607932330903101480289317,0.0029274141958493866772861306050597448756292653666,-0.00279305121495970540828675760281819829806095067999,-0.00568116166651743368645899153315094088652280453608,-0.00859513502884575687637781428061784734369368986306,-0.01877835504849100401324775613030010723960495713134
2012-10-31,-0.0120385244636516714405729699,-0.0180905077944125921116038043,-0.0198763389411945031292850341,-0.0188871711699677567626021135,-0.01203852446365167144057296990000000000000000000000,-0.01476802005098174533176609404026992565132284640983,-0.01681326504377041845483919176369408766755071850616,-0.01699804703758732417302720933105242570438099703602,-0.01709214539777130279878750749724062055794017620152,-0.01718499401423468139504635429656580226060416765986,-0.01744637224028095513576150060946947218779999860085
2012-11-30,0.009249915449654177822612683,0.015723935434281388082009685,0.005963105303612671075534204,-0.0064620662577534147447537533,0.0092499154496541778226126830000000000000000000000,0.0083624459222068984595021706891049373746464896070,0.0096982298181128129661977867538627888578185046449,0.0082612108532128453217517629096938656946403781889,0.0075292098840686572317242141633397245151594400436,0.0067629076966770127837932968132591351859890346836,0.0040464948996619144929030598260505467949581281504
2012-12-31,0.009444183224632081295108844,0.001945624146822283799416510,-0.0036782951615350643223527408,-0.0028396490709227738106900746,0.0094441832246320812951088440000000000000000000000,0.0052408573464234314340310367831527101446861404110,0.0021919529293749052904649298297481335722243017886,0.0017510451623320743054979378560530099256308736673,0.0015259696555034436142483486068238578703659968185,0.0012942358469887809265743566248466699476389979535,0.0005795329750381570683102575074269721057075093906
2013-01-31,0.023701089517079011781144134,0.016809113663133192528682420,0.012538030035335783414480795,-0.0215708792937602236911479997,0.0237010895170790117811441340000000000000000000000,0.0163608419073616011474423243380652419664701327393,0.0172882595336776849488455472868069104476238592441,0.0133669720719320958028958290752155446521555503706,0.0114164592592371674886172805380240859968157889150,0.0094609124483507550172246124725632442021290493229,0.0027689022289609064106967518569287489000752198615
2013-02-28,0.039546265004969566513327079,0.049620796696994948464750071,0.040377154216683000076331037,0.057926270366156266724806881,0.0395462650049695665133270790000000000000000000000,0.0429508642805711598397138059578434386311801234427,0.0425615306897905150986751278588723853233995562842,0.0440445502531751664583601213671995625059192065952,0.0447905065910377846899635656178467434612837777409,0.0455126996217902958510106263620371046659386331023,0.0480281467749428922795018335658843913187033484309
2013-03-31,0.043993211610486964924649616,0.056035362047440773513223287,0.046136306179775354588717811,0.033278177828078718179714097,0.0439932116104869649246496160000000000000000000000,0.0450850288412874472441883962265398101296022520619,0.0480787081136394349233721738677611905253449337587,0.0466311068002868821386698027634022522299647819464,0.0459045220091611231227414484196803837950101606009,0.0451462896740139934233854425446366021229769033944,0.0424709090483976985456181649138740874152964640670
2013-04-30,0.002661239368165429407297166,0.013561846901579769156240797,0.003926488456865308128156695,0.032584694099297817748634060,0.0026612393681654294072971660000000000000000000000,0.0074013747915419405609275397152346671543020792821,0.0061105254360542549074402109345924124378939932339,0.0086667968971424524894419081540014024699595076684,0.0099525200306097763526604213868598650729476386994,0.0112150425944599284250429354535631399284921983914,0.0156205300666856829333859858955625794366122873446
2013-05-31,0.019536556821681430020771676,0.012845087773329105599394297,0.020043486295041454598148751,-0.0086243966999566085508317264,0.0195365568216814300207716760000000000000000000000,0.0157987332024874350744257736848668931199706302842,0.0179183892135712253481168055776728370212840093440,0.0152947179916553012134275417208478763629238070693,0.0139801150059024517360437905979297346338556937179,0.0126832302469471875698253526358535970622270049700,0.0081648590124226511789757922495602340609057234895
2013-06-30,-0.0268483935434280316794344412,-0.0268483935434280316794344412,-0.0291445042275171940995588778,0.001490111404512166697525741,-0.02684839354342803167943444119999999999999999999996,-0.02445511244893162297405701886200558909435373392324,-0.02776602983865265094395278513832127082196847957739,-0.02494227079121919162008938173559317615179710879945,-0.02352191816885164970867702928975700736192061029430,-0.02209998635043821694026080427814260122645476609534,-0.01709738767876364269681919530420585569647422092684
2013-07-31,0.034178436982382105379150700,0.045834738744164968661980681,0.030162400240927505424562220,0.013033679612532814558332283,0.0341784369823821053791507000000000000000000000000,0.0332657413300825243357874376249796119340298193798,0.0357338509020630921481313106956621460894644223787,0.0334833986837797495409647075758330530065733776051,0.0323563444637928481341525591794061380643747145879,0.0311875557575784441578303897378597040919906657654,0.0271404990055112244413569695518950866313827835386
2013-08-31,-0.0119021370112156578522489090,-0.0186458017581086547885735828,-0.0090838890572902262967699408,-0.0004824337237839074366669556,-0.01190213701121565785224890899999999999999999999995,-0.01141715707586859909738029154664671321108773187864,-0.01262841307498324824149459507432911597962994262576,-0.01144810341557862356171898862895135123491088259869,-0.01085505630453530321430707630105086420405561049143,-0.01023538561246811567469287335896436262888647912103,-0.00808381770226946186427904243469147867829146788157
2013-09-30,0.028771274473587137781554302,0.044955507942371772435813022,0.021361625415589353241050309,-0.0393961270597513856884194812,0.0287712744735871377815543020000000000000000000000,0.0234564382716758423378611307192807776960732060632,0.0302202792101549366521378234982276145769697732158,0.0233802479112612865785939992775341590788671347626,0.0199496244602495545082327024591519430778967478610,0.0164514925333732139737658110302995637800359921270,0.0042893340311864350268461594361567555298472433608
2013-10-31,0.032598830366338167241931755,0.031204906576430855088678738,0.033395358246285202758076337,0.020730210057842424352292651,0.0325988303663381672419317550000000000000000000000,0.0314040048687821762176100706972981715449627019283,0.0325289587291980968383950352267217993404767923930,0.0314408305173797811399912684219363737454043075138,0.0308895816917073494930645390696265468937610385289,0.0303387578579566111968331144521971853271089685169,0.0283811834188402453431177544687566686367057549479
2013-11-30,0.017301984418638678634575290,0.025494752315154920202836455,0.020698985741584437333610407,0.035472139950732854362932299,0.0173019844186386786345752900000000000000000000000,0.0207477394379203815192680801446223603680968145592,0.0209013912695537514578340052160555257125667445073,0.0222312187156579065121390316685021743986192693528,0.0229059837340770152925979312168922974015053879055,0.0235705071112474354346388240283936647122218855149,0.0258966290134092427003000591486200175002497447095
2013-12-31,0.008970955802308062862216105,0.014895623775310459003509212,0.009267189200958182669280761,0.003740244508279623183986326,0.0089709558023080628622161050000000000000000000000,0.0094628820350702850075374775235565853624664758860,0.0107273094172216628675718518940942572575884140730,0.0100813440659888255020911958602140680919059705477,0.0097542194887473290726475688720424409021634066475,0.0094075310967902388133360905270988463439827363320,0.0081719130131160117953180891560628247167699333789
2014-01-31,-0.0129132666666668590005166563,-0.0016859333333335278548292230,-0.0240385333333335234994251130,-0.0268639598622130629555574205,-0.01291326666666685900051665630000000000000000000003,-0.01437099654031570327259335918459337991076728410731,-0.01447663701053738934205192292994697322452063424027,-0.01573638357668466431861201065936830406095573832513,-0.01636115415004592142814450933384910204972402445118,-0.01703733388798912445008452195636081494722554071821,-0.01930916909992027846220890147080048985951063248828
2014-02-28,0.027314211212516345525281617,0.039439374185136945834165580,0.032007822685788835967430248,-0.0311716517880208377960478516,0.0273142112125163455252816170000000000000000000000,0.0240800400290136812431918085875146597418274763208,0.0324592509192578132416201500219471739974953468086,0.0261694998029983599869432526036360121259746925557,0.0230181260572304634020449122353605127212952462386,0.0198367335276580539567913707681322555871718525202,0.0087047518920827095151607170635583371536071627845
2014-03-31,0.003608114974232503539557082,-0.0234487188792914880685987259,0.006313798359584902700372662,0.013715145264393340496337734,0.0036081149742325035395570820000000000000000000000,0.0007851235262297568536722858323421256878226398411,-0.00266094945329956848853351957592667800472676398966,-0.00113257739200393880525949065474924919500748155221,-0.00035976432627750274105121904306831912023346180036,0.0005015457361834552083811175046209808866248767729,0.0035451062529232068721715568920410548808053757669
2014-04-30,-0.0012419971160779570442761075,-0.0223991780821918700377688165,0.010677541456380585487269081,-0.0077945868105195542095960726,-0.00124199711607795704427610750000000000000000000002,-0.00325118865112279336438802209984330262375904219586,-0.00206915940993281279576435861759914293583532626086,-0.00261132395023955124307271090542636137578233311476,-0.00288485211141084324263919222779277035422850254662,-0.00307812703242341881319908266425856470091180951937,-0.00383963553522288558921929271504008988609478624355
2014-05-31,0.034657258064516056606250000,0.038928079178885557773568182,0.036080865102639223662022727,0.014558139105622540760988914,0.0346572580645160566062500000000000000000000000000,0.0336121745956267498617571892241995930231935654200,0.0363504721112675636446802280536590452718196002088,0.0342972198723474595745367946432443901091967540494,0.0332605212020170537212294822066120134592385047877,0.0322082741471719682621704974349494575607254054005,0.0284853587803824689550055857996354241141394256740
2014-06-30,0.016374287801314802017761315,0.019462965668371047372388371,0.012289262235208154935835208,0.019444150493142601359727401,0.0163742878013148020177613150000000000000000000000,0.0164913000245439748209414780187122072731927211923,0.0155155317962164956519010298193058133771904925039,0.0158785979364932194216041890589779536256893069954,0.0160624602452254081741361566924759545672065711565,0.0162315159990054243561761104520495752841224141984,0.0168618001198562303221165376768432424960615548914
2014-07-31,0.001445481702763302428095668,0.003183569828230068751860612,0.006250784167289068146739925,0.015999029156630083850282854,0.0014454817027633024280956680000000000000000000000,0.0037849916954182135810644389330858795579479909613,0.0038540639433217051608752930159037030347938807666,0.0049804493185311032885117974503136215035992551984,0.0055505701177074448760221759425387577323734355070,0.0061293435321313925914562047765815679513929933119,0.0081352513953467700025688657487653871957472183786
2014-08-31,0.037903193916349935576008342,0.040448821292775791397591802,0.040856121673003928329045155,0.053009990371487016508102989,0.0379031939163499355760083420000000000000000000000,0.0401498662807696081449544060014873077799052899427,0.0397731209221636566302528633264043529965367787715,0.0410142283171135539090157876729162334424680052993,0.0416413543411199632530912808609576591970417621937,0.0422711253793680389174650878751275838459175913843,0.0444667625106427495963507158782229527606127005678
2014-09-30,0.009159407665505271610444948,0.014782625910674736543575071,0.011450348432055794360979443,0.082606194977853387699863325,0.0091594076655052716104449480000000000000000000000,0.0173216613538422168142274312826416116487062726988,0.0115679674221136017445943497242021065754970515048,0.0183053632399850401416851969120052363715410008893,0.0217036135044678891372109129879677388403386332612,0.0251091891827530896671767531799943598770856782417,0.0370700506730788675502994513618708304405888502880
2014-10-31,0.011147039106145233276893104,0.006813407821229032237233341,0.017093184357541881215030919,0.016165535619614257075229803,0.0111470391061452332768931040000000000000000000000,0.0119147865426092300500508356979318399042803346912,0.0124317317606181221245660407303474957499922202724,0.0128082402742550494333295506319042553844686977716,0.0129962631438848296754798271914137359195186181933,0.0132070457624965326191308107610078178709131219901,0.0138930788217089605776963425108857825815187750960
2014-11-30,0.024018732915259553640042715,0.031876427078308274268072556,0.035200836147290425303008258,0.092687943839242774028355182,0.0240187329152595536400427150000000000000000000000,0.0338558255059749282391076178318795259879239339247,0.0306544433101080510264279164903877151097746905832,0.0369300623131527949792496083176344267907688724441,0.0400622613011510754873901736870388734477011614192,0.0431886048910941559179323080526712112148717369150,0.0539225941934211008831316911733164034858221523023
2014-12-31,0.013047913395587234404390143,0.012945128501776805504795541,0.004516767209321635738038237,0.075034446179856873728130032,0.0130479133955872344043901430000000000000000000000,0.0183780421282334371152095533385058145220474492249,0.0095110209107314242796830654834367146174053153228,0.0164961245102223305265716800829197366877456563580,0.0199508698723656056999010904539609503629336958702,0.0233639995419934944156732567429723103384515966023,0.0351000573536417130734538993723100498289611945521
2015-01-31,0.053183578387953866143774515,0.071833480956598683232011515,0.066474313551815689815851457,0.210794976502351539058780192,0.0531835783879538661437745150000000000000000000000,0.0736486745364868838267953694836920958610806591429,0.0634547789848044776303181011621019661041163253243,0.0781546668103674030900394313216726885482611947128,0.0855094684177354921075056600864437239052065596559,0.0928378978974812429835011546375555004304673955134,0.1181878329974579985087841004085345533028135914414
2015-02-28,0.067896668750558269773565386,0.059225238903277747518771068,0.063964276145396172471972614,-0.0174960774121294241764040668,0.0678966687505582697735653860000000000000000000000,0.0563848448228526118189502518567618075029751263715,0.0639790817364351695720030104961345118391865145468,0.0548314963007479514557933534495538275003884679080,0.0503499796428233263339712005974424833927509732254,0.0459447115480018707812723363423971403275819376862,0.0311218765785264871210502799403498226990390729568
2015-03-31,0.030257434130900113047553766,0.034010269062470729668995832,0.023898463830183234883443599,0.103559954431251854874104985,0.0302574341309001130475537660000000000000000000000,0.0375531503767720964629728644595872910269235200824,0.0286894160533862962382278798459321049941835480900,0.0365190352940902700497831990577526346825730323568,0.0404046607538900013948394874281751005686307467493,0.0442486966766882830480559549848100530279473029283,0.0575030753291250493125938572692554557119784105798
2015-04-30,-0.0116393925819745202977877508,-0.0360813743056799503283944991,-0.0136601863465328432530741355,-0.1010791628376474289287371679,-0.01163939258197452029778775079999999999999999999997,-0.02557091555670553307910595972686615850110081925082,-0.01901813448772753076213573512184912488373620609182,-0.02815475104890439473822870448027633581824921837074,-0.03263794489977371833366405747013074522012145581831,-0.03700294411787123391409808917592790632245603486844,-0.05172336630934686182577065008492271653154808535119
2015-05-31,0.020357467709659920194090268,0.037515717664180569598349099,0.016499399672548768257037986,0.029357446923694676626757155,0.0203574677096599201940902680000000000000000000000,0.0232447102882748169630320066757489430376809384693,0.0233252891356361827887819696735946366775904829039,0.0239464408118937885118092210300438296277113376739,0.0242555538186387742203558598987001826964085905344,0.0245093637635412870988908829512913646918097609989,0.0254022505005294934271309063848300877726004525407
2015-06-30,-0.0349448269679038236971673939,-0.0260739286354670291034328485,-0.0371132687824994845978580606,-0.0712685857683552458835956653,-0.03494482696790382369716739389999999999999999999998,-0.03769605612659282042700237470913013364950253179852,-0.03344245020259253087252546907229165659626094229549,-0.03735861241282436979776635534006486801130408023638,-0.03930546682401632309295584797330258626573781431472,-0.04127344098753177300712361228626351082374151460576,-0.04804076143017586562358326927490619210393671525509
2015-07-31,0.022854570184983550933606237,0.039745375408052101611536845,0.031856256800870383330826740,0.099816903154420854725530513,0.0228545701849835509336062370000000000000000000000,0.0344490705376673447770517355128575174474901094623,0.0310132492511921541951989347537007994661229830751,0.0378855481404554678984413350158879064633604399024,0.0413228743682179407076143982573977927000149761417,0.0447307769500543437311870932121210538691319872212,0.0564898223894347196460789679266220172680818303258
2015-08-31,-0.0757129176344469606398573464,-0.0773877077005538037084058888,-0.0753188493835982916825518070,-0.0324109058567625732615265662,-0.07571291763444696063985734640000000000000000000001,-0.07131117847757061659209107491764553709023096721937,-0.07601043361549132761624322309247898804260831626913,-0.07139573418118240607194896190224008468888069623193,-0.06911044653675276748184074161213454110413195779432,-0.06683377890634430664952008999725608440167840224012,-0.05903581607809668339531934869281186242161540855249
2015-09-30,-0.0363452248700950797927626118,-0.0309297437735174061856036130,-0.0307291703995700849408940205,0.033536943893493100749098269,-0.03634522487009507979276261180000000000000000000002,-0.02696021568961550246609156575862622924871031383464,-0.03262267957026942596469991584002715014768196275132,-0.02532616563466039548085867581655602518112920095035,-0.02173957923125374477661975656574867440452306588522,-0.01819707517759474991039807648558544362909077483124,-0.00623739388640344136844587773083454402525946989285
2015-10-31,0.084863104510052550930319099,0.071923999275493593930777462,0.090422876290527102766059646,0.004119397265453731083743534,0.0848631045100525509303190990000000000000000000000,0.0742382733828088791425967912983251668659551539690,0.0835775861676177376778084089784779494289131810463,0.0742852844311394242856665411420407872302431470786,0.0697684419029297878181600659131411013178656633178,0.0653789185780508079318674100902095347848457924942,0.0507006310309710459504263400629155813697456569338
2015-11-30,0.042309600454459437163771563,0.047850463927286553529837750,0.042518689642113290611547645,0.090343144952659158585195660,0.0423096004544594371637715630000000000000000000000,0.0484529853716323651642327855444216087731044989395,0.0438850441334093240570803365941211531739605784220,0.0489632919489258184485734124399205401724733179336,0.0514636014166999391882390601503491421459860754890,0.0539238485769842843679715969520192941091380903638,0.0622764550591029821121036201465809877231753381750
2015-12-31,-0.0440801547103785352656168354,-0.0281287043005802120852710032,-0.0435938300027627327296306820,-0.0308397060218168665342823922,-0.04408015471037853526561683539999999999999999999999,-0.04009229405125220750718034413845183345078704938330,-0.03957535108182783409944143758527275905805858502970,-0.03858284516885943614587171906088164444963697374385,-0.03809768193998986513264419900147006661899523143922,-0.03766223067629665729296596976582521326186400814057,-0.03621276737111212614546807215383129225175355567133
2016-01-31,-0.0607646694977842351646702352,-0.0538474704579024027627449760,-0.0490355059084193889179274043,0.031165203283943581867216401,-0.06076466949778423516467023520000000000000000000000,-0.04885234994574325417490524217260127661541041050310,-0.05423910283154449624997032344173881708640363517766,-0.04573151906063295299068715718840836360488135332132,-0.04147006395107527099185358691523843846905834257472,-0.03720756860638814153813641181932160511356364180748,-0.02248941944540253501783516248578506961468860648350
2016-02-29,-0.0080965771071034829228917306,-0.0191598086124402507480081914,-0.0020167832167832771811610630,0.013812123037734485637097307,-0.00809657710710348292289173059999999999999999999997,-0.00646092635080863361605733535165240236737447320412,-0.00857967742341788043463496498254926935610453986864,-0.00616074961192502988262480285121426409854534042708,-0.00496723907779961629901168435310055739643030141787,-0.00374283225214786481324783432321169241581443537893,0.0003894877886183448937608746081330438131467860302
2016-03-31,0.020389745390693529747837745,0.013138050921861221139194051,0.021534749780509157422886750,-0.0956256533252839331553420665,0.0203897453906935297478377450000000000000000000000,0.0066632954888674938728202643563942455470027721794,0.0189454259123898564526813540502809106393196673314,0.0063194098272286083570162675429376367497566535973,0.0001123357129157084844522580870832515273347756962,-0.00600244429455304790126349478734515838981319593016,-0.02672900444458218013995018029334582888202509455191
2016-04-30,0.014656760772659882608596731,-0.0041589895988111454342824666,-0.0015705794947992579786482913,-0.0523636746644190176454790134,0.0146567607726598826085967310000000000000000000000,0.0027281019169473359477483197637753246028722180623,0.0030865248654886407573621936953600821070069396510,-0.00240521142863343137699047337901561358212035272991,-0.00515583951414815284127485786830654343405864998986,-0.00788696338307300848428021881646247267723224467467,-0.01725272654148147180059630138881093807412558835196
2016-05-31,0.032207328244274721422682442,0.046283816793893040836867939,0.034262290076335789950300763,0.039611987860469530324584085,0.0322073282442747214226824420000000000000000000000,0.0352877363569528362955268781690225566705590361753,0.0367068989694101667687485015682498613112666502883,0.0369802778549023240170064743233819784742659684382,0.0371183318403631450150801680858726936707492154987,0.0372219595644834780800332584766028103042873106268,0.0375593345782372409868034223194709627046607533239
2016-06-30,-0.0073175761421319017897148473,0.026495195794053742633309609,0.001968319434372812499593362,0.081016864521399803280009184,-0.00731757614213190178971484730000000000000000000002,0.0074543090640315476903011749495381587224851794972,0.0053343096597759151200206142360208281617214685428,0.0124726324714315108851275228348838621638955116465,0.0160761639945222905006672094400362309132791748619,0.0196247581768434481828692360277678516153201137442,0.0320248892105047867136494385483266502070752185200
2016-07-31,0.032274355300859484064959885,0.022099785100286419293793295,0.028026719197707622073113639,-0.0203943800880456233648096906,0.0322743553008594840649598850000000000000000000000,0.0247607752133260618572924961075422900568814417294,0.0278263807216067887232039727494127320959147892416,0.0229703912631140525047069953150059859035426265098,0.0205449248442027136591085309723736355361056622195,0.0181415770941965939894942743758285427314361376580,0.0098451130165256147048791538658569860953735651679
2016-08-31,0.005079921047909504589015174,-0.0170636999820564011545968639,-0.0064427776780908536033621307,-0.0148173627315039455471346208,0.0050799210479095045890151740000000000000000000000,-0.00194070600002360438057346340185882840584110438964,-0.00549077608408130617615754674526351163982961481897,-0.00639026133567378211453003258781431257660045027580,-0.00684273324874079251868431503049321678082586323829,-0.00725649586836302283128485376015013881595955264255,-0.00859649023416828630655920523558889813048781665793
2016-09-30,0.000938174052322735010672030,0.004508702616124124077297495,-0.0001528207866165783152413067,0.005100045367851883628014078,0.0009381740523227350106720300000000000000000000000,0.0017024429052105240217621265601008695996047400340,0.0014377637843922191343235488329772821730259898310,0.0017879587290042504648145051595184868877427108580,0.0019643596615512666140743134369157903959610212490,0.0021295880648470085038383837214148703985652116835,0.0027159759635567292257584716239883692536424795544
2016-10-31,0.006109578544061155810116061,-0.0012717022441161830138424019,-0.0070126984126985576546989843,-0.0100933023088281184200991599,0.0061095785440611558101160610000000000000000000000,0.0014771713592341828185609945348427086653199835682,-0.00114215287467662813435902672784939179719270320015,-0.00200085300892721564643181931261154535425509149228,-0.00243317761171857245037910920627142615431462259071,-0.00287131126962184955879530684016984871181667914990,-0.00429550815437454036177876948146589827149463467148
2016-11-30,0.050809982983550689955799569,0.029047646057855853181567034,0.043866761202495670604020618,-0.0147502650606256608565512124,0.0508099829835506899557995690000000000000000000000,0.0403237011386453272993101390004660409192760083385,0.0422697869102281613196639371047417794785264705520,0.0368440071391551888622329688885739287884727588406,0.0341087970904520404937426002068600878121635722627,0.0314069925814266380834873493513127351085723885523,0.0219846954240865798607043691989894829098719110376
2016-12-31,0.025320166793025154008925213,0.013791830932524773415355952,0.021711296436694600083981792,-0.0378159576058219041727934477,0.0253201667930251540089252130000000000000000000000,0.0174190636724171287207368883804243129234983786595,0.0208603305324492581424242123379429241953377709677,0.0155548300994426354364744517718221731441663502329,0.0128591428228632300675680305387752455202105953837,0.0101607688539503638723840177908333614717667335807,0.0006040846706468525464930836961623118839579251477
2017-01-31,0.004561348897535625390373562,0.016194552529182836311106770,0.002606188623309203386888989,-0.0176945508731804018980315599,0.0045613488975356253903735620000000000000000000000,0.0037099132087363630668637238941110875608028302224,0.0068237126397013533264102824904614708989180581818,0.0043412499046334415191101308166155162630738426654,0.0031058403563285421767125880826235163152765620875,0.0018333667902493054891936433953095449290268810609,-0.00257583252006154898236235623414881637406493318036
2017-02-28,0.040160180825013967601688966,0.021455189301186507668273136,0.049715991712186691698107922,0.057165503430169264152246758,0.0401601808250139676016889660000000000000000000000,0.0404153244697110917328691982191071895130893650757,0.0389684491513900258696747463422402332895287051696,0.0407476793027851595150651211232267429989001311126,0.0416406959319816636666441726970257947539347423921,0.0426066220466537778405434587674688003026823753363,0.0459190801681451944978082351194807575097739923210
2017-03-31,0.007509048420265510703356234,0.010685118713778316963085069,0.010883623107122867354318121,-0.0242498112939391813760041723,0.0075090484202655107033562340000000000000000000000,0.0053352684188547428015638937553847696190957320800,0.0097172559286283306511949807668089961396902542384,0.0063434944288561452613549846576115337423967362002,0.0046545118240922512519133024279273388354353479610,0.0029619199552120212043118235440629950836264795346,-0.00295759556715384843598215364386658879338993363001
2017-04-30,0.000672950894906054517220202,0.000771142726021244984742253,0.000476567232675673582176101,-0.0416156371237283459787305892,0.0006729508949060545172202020000000000000000000000,-0.00342269920426358874239257172847578317278653735155,0.0006191751709121524713788555296310667851635564411,-0.00344825726143506180274825020346554504565951116021,-0.00549476713146973379784109834787401466316794118747,-0.00755014297015612924339766766512671075455281805089,-0.01475575362173905511129462357141429905842835536712
2017-05-31,-0.0084347632609470638564972517,-0.0047500889996441094683246422,0.001843538625845387857878975,-0.0244178017721705095121315279,-0.00843476326094706385649725169999999999999999999998,-0.00779492717714375957319475661030088161079906225023,-0.00328648298774485237711007424522563711471540013022,-0.00524360159128911330487182064162789916022184133594,-0.00623437321084519119661033707056636160905021790088,-0.00722417858463423715810869745492183139811893655256,-0.01081567626692473998498852144175098014704024132264
2017-06-30,-0.0088372973446673243654116996,-0.0094280956971342423123427079,-0.0196686004732274867258135189,-0.0254147968932934598179771348,-0.00883729734466732436541169960000000000000000000000,-0.01210784614946952870104581956973090374407777226714,-0.01341395848967542769038791023553542839805178074944,-0.01450399262110379234759966971284401333838711348250,-0.01505744484081186551559413046614796308431164484984,-0.01563548647191864634676983227810763310500750812395,-0.01759999993354704829446467605542382451405612092347
2017-07-31,-0.0101975477760867286419812783,0.000609419922205169037108027,-0.0178203196347033350406246278,-0.0358316357396423550853153429,-0.01019754777608672864198127830000000000000000000000,-0.01203441250147263242452513549472334292452445067150,-0.01042230272324065724308162971492028700884082996804,-0.01270464706174962435912886326828130011814868549297,-0.01386542013044371364960717098126293550723440774491,-0.01508462454543444537945732654837043973658542451728,-0.01937559014916075466710485264252172187379650530921
2017-08-31,-0.0035297460904657379189217454,0.005120514545148858050051893,0.004126231713469019432928487,-0.0081346495813704995376179173,-0.00352974609046573791892174540000000000000000000002,-0.00144430335297423380776676373100703089365419135062,0.0018719723004281442506343953051840081260892264411,0.0009942016020489685064205441579231744833674588202,0.0005462162759567533562528687821844480918621475910,0.0000818095222597735006795734621836691262846189282,-0.00165454137023676801753378931713164337935533689969
2017-09-30,0.030920731397612772210989060,0.028101532210276786507120743,0.024174790485058806419589873,0.029387096708093759856365147,0.0309207313976127722109890600000000000000000000000,0.0293207359404205248541068676189272577539162204531,0.0274407128280433403301666602764122878288707283365,0.0276098963950479316974293689255548870683693418061,0.0276963577249744267007669439292982376447502260198,0.0277792192291815630616260982456988220159319955102,0.0281361673921024304980262606684218816502620897234
2017-10-31,0.033333250343406645889589191,0.053616560782967086480218089,0.035057331730769283339792648,0.039579840904770278694834295,0.0333332503434066458895891910000000000000000000000,0.0372670579431242167654591303672434650247979770887,0.0394879427397341624515096602030821846324428908312,0.0394960475002195753491872493754061190892522126601,0.0395001831133783458493353953049877291387118390588,0.0394491727723981028857904090549494286359494986738,0.0392349357646089993953192871898915128885590011488
2017-11-30,-0.0013342746680113459854260737,-0.0008447806354008231670677882,0.012175760632039083801262604,-0.0337708214136922731208605507,-0.00133427466801134598542607369999999999999999999999,-0.00204405835696808519736582979624365362719539167156,0.0042090045531347529540904375503696655489330983593,0.0009017252455090341655409096905228655333895576237,-0.00078798723974576806891502663391544886777428145434,-0.00247820103244694262474598550217049903287895094542,-0.00866368758629825569361280075257574697020514055433
2017-12-31,0.004233954416902264657870702,-0.0079391781733489404818669639,0.003739111628680670953003317,0.033121103814409941416679409,0.0042339544169022646578707020000000000000000000000,0.0046955031312932303558857664879665324842129853264,0.0007287316045934840590476599941933689480387653501,0.0034516557238660852145049557675330594728162224057,0.0048497751567655063072480962077727833180164875950,0.0063081109453898393153080078596046254498159637768,0.0116029801174095154049797055008698891405724476449
2018-01-31,0.018213485677502468154502061,0.041042516897328668276529658,0.019084084325716179176104808,-0.0153936672132051433843973120,0.0182134856775024681545020610000000000000000000000,0.0183434400374402807435056652665554096428510105199,0.0246064275529510036950352829096524091671507474742,0.0205771474183669343416116311336629690191184065028,0.0185644554230684056564805966416354738351198967441,0.0164911255289555515322790013391265885857976286198,0.0092742275283286831629812672189577078050756984540
2018-02-28,-0.0218204242076817371960678803,-0.0027881090819754095356438551,-0.0177493407583327901029290514,-0.0367801330368696803907083741,-0.02182042420768173719606788030000000000000000000002,-0.01973725236410113652397237160572234441133292078757,-0.01503755919172284506972241612917315577512678750779,-0.01713476748726619463935643973217577987137000511377,-0.01818967784638301700553239277524902033978788914398,-0.01929526259389061865154354721038425977883459856051,-0.02321949853907122682472670793707324260040117631127
2018-03-31,-0.0251023051948050796405301178,-0.0322386038961037817822423821,-0.0263908035714284564161170544,-0.0209552124309274248941405431,-0.02510230519480507964053011779999999999999999999999,-0.02601530561212203294052524911258842558027055770168,-0.02757275280441761247410860574986118329583840814872,-0.02694720393322746935799447903166170506848784600670,-0.02663154023313250426213927976191186900864930759903,-0.02629580021425984306825168323600662862592358880571,-0.02509643544234224864942374429797504790753812850784
2018-04-30,0.031292363756832797651949962,0.033843299652145038667216485,0.026088454530395825980806255,0.031613018520023991734350341,0.0312923637568327976519499620000000000000000000000,0.0309359646208696196143496495968144424706816834070,0.0299044000121899625707357929370448305538848008587,0.0300669133972507453595564588442345789670508007122,0.0301488379848834052990064798025073808429413668705,0.0302140583946561389030982433399267021076402294466,0.0304837810385622831675242121218988943034471589219
2018-05-31,0.041136778063410517602830696,0.062139537275064332078968491,0.051379502999143166041932380,0.014246039856691011240544414,0.0411367780634105176028306960000000000000000000000,0.0433645446439551986212398264692792907786808829149,0.0509711036188608451393281755698659987580255773319,0.0474729373458760553705374744104450955643663764990,0.0457098049402054512442200686156266558354896276543,0.0438959388733321812414925917702599733134744229160,0.0374159663160783996359088956852804228936913151660
2018-06-30,-0.0040973709000598678593789201,-0.0102936541920012916619598038,0.001799092232594067694689985,0.000314865400532855367843483,-0.00409737090005986785937892009999999999999999999998,-0.00377884803357798823336336330457569886182762141386,-0.00345839815835572541913022395017102703673822985519,-0.00311039685650312161664458953198514019083504494411,-0.00293410876117337466443668654648774550233093808757,-0.00272682917625371363346558363603649791907930438916,-0.00203507313034971796399738652489409736331631713033
2018-07-31,0.024355996924653853032622558,0.015079036391593885330603481,0.031837416709379633437476652,-0.0036733060741288931638319210,0.0243559969246538530326225580000000000000000000000,0.0214183130058024759478422425028333495421596096699,0.0248086291681941567537578015440428905768191690953,0.0221727362282253553319136746944412050338401814189,0.0208381904191545739353780887502417588998090728837,0.0195330567546600491289404556936792031863141789007,0.0148549906074968687550641043850992690156487489369
2018-08-31,0.019883735770955632075165967,0.045120886512590681864217881,0.038660175922732109118220591,0.038738176564789859485196255,0.0198837357709556320751659670000000000000000000000,0.0284171558490716180877151483234832261580852328648,0.0343348639848628294481256837913692148959330817401,0.0347319519422563534907051271182049636630053626368,0.0349338432602307360819905079708252967550266044206,0.0351015419876172876580340554442094911315592173717,0.0355242849596854086550419873498586223808963154584
2018-09-30,0.002452348993288652114502980,0.009037583892617511578975678,0.005046532438478808873234649,-0.0154270778344165527051737286,0.0024523489932886521145029800000000000000000000000,0.0022563099789133829402240979800479900470316408638,0.0053151209104222835092320195462494672232811196464,0.0034367823614381274733440758486140732404085572782,0.0024826492628825449970560868813011857561678029500,0.0015039174939838491883612073929301593128030431874,-0.00200913537106115421137091378188116417965423767989
2018-10-31,-0.0564560536533710697784406638,-0.0735834274620544427509407083,-0.0556355806565479141869436557,0.022041652749462570229517133,-0.05645605365337106977844066380000000000000000000000,-0.05198105473592535724254273827529620919218958556850,-0.06084992900844835551310288347956419647909600348115,-0.05348473499702998210700592374686539497121947040584,-0.04973286209919926646491280052962494292478527170577,-0.04588036663190528085153960776288717412173803512825,-0.03208748715886532515076805156362951179395840266440
2018-11-30,0.011403267685242248709405366,-0.0089128676145899476579021033,0.010502552327121609461593705,-0.0231409087632982997890913491,0.0114032676852422487094053660000000000000000000000,0.0047298637872725851901254757345997996360122857842,0.0055054802321252931975526355361059753785184051915,0.0027571134195710481547690057098745367797793400990,0.0013734254207152064149447962300988664521191482141,0.0000392463740305959056830362591910100369489447754,-0.00462716979505670050175602793920313949147551843557
2018-12-31,-0.0855412360335194063934399581,-0.0791166986731842098322179085,-0.0857389141061451047491698673,-0.0165737487112777562257826452,-0.08554123603351940639343995810000000000000000000003,-0.07805752129430556883176200099411366802052496974049,-0.08389840340154711464760842892835172926839066907195,-0.07760592260563402916224068327403289577509660994331,-0.07442490019043627470746199918410586804365006248922,-0.07123901620963296240245214537792050209753086046059,-0.05998084169576819300510025044426880051495323353329
2019-01-31,0.076988021651824626220756327,0.066086118386589774413729726,0.071887131133228502898202597,-0.0583575896388036806712692629,0.0769880216518246262207563270000000000000000000000,0.0609933731713189730856736040257408706771399269425,0.0719765691403578324225862489442483963231126330349,0.0589323259885777891694993351631865338360434768417,0.0524146670386995898209074911422574921914060522928,0.0459177556575327424010253061289860819209508972828,0.0233962195581694865591837030674136021479036436523
2019-02-28,0.037996730819931681554261218,0.040211231215397012915218718,0.042425731610862344276176219,0.003606212742964665220295140,0.0379967308199316815542612180000000000000000000000,0.0359497119307483953065135785345386546740721040007,0.0403687503194664877121468725165389877253101136128,0.0371000033630565956590228226025211837314815243020,0.0354351037312589698147822795680638848926952229123,0.0337516947783129277078881697469711241067323991303,0.0276989007988405762633745611499762807326644797309
2019-03-31,0.023076282508015438051194705,0.034528250801567270096740520,0.036656492696829114990160538,0.074094231648254861067706748,0.0230762825080154380511947050000000000000000000000,0.0312659452414822025501735078853314416834370424509,0.0315945545864795484058007997280259010100261106254,0.0352513773043375813545751401013278892959695556697,0.0371228140538439019641573569268270935926767408928,0.0390167709781453455449284224818941770533156549640,0.0457086439426539736531480876140592018127509560805
2019-04-30,0.038998482278367985100403716,0.023160396393179162944507548,0.041203785376305669198060145,0.001460799681088893367313302,0.0389984822783679851004037160000000000000000000000,0.0335710182529409791187046112686774028203698493492,0.0356872027879908565755557771129118778854394682220,0.0326317474361008344193028441642684524042162557410,0.0310764052196106064057254647602887487537069059843,0.0295516843690816788244547096948145825008497920347,0.0241016863687252357149862956693978018741800045419
2019-05-31,-0.0534054892815498185881640522,-0.0230646335994258581990349441,-0.0544101533769843868129696518,0.064242472053590002162012035,-0.05340548928154981858816405220000000000000000000002,-0.03879403767783358341489205905292393378928074698733,-0.04585471996180525580838933877686820211996658968495,-0.03632281836488488587053568998211945572747060484794,-0.03144902238284138449461297334757038642112931393645,-0.02659079371356375279279824033948962271424881258086,-0.00914207450796956085913859904660769985844665937640
2019-06-30,0.042069799542816972845049230,0.040403428872867966303955651,0.048147151397925114347861105,-0.0217087011744159453792569374,0.0420697995428169728450492300000000000000000000000,0.0366118568869574416325989687845678753437607512534,0.0440798774592116169581471533337223775416879925513,0.0377896981847662875482796779938655882276753822256,0.0346212775425228081464272915397606047317571150814,0.0314532190946163264256291370952612868252303959227,0.0202731690516811608025860779680983764733765888083
2019-07-31,0.023149038634321572544970492,0.024273153638813935439296768,0.029893728661275749910928149,0.050921916918129076735966134,0.0231490386343215725449704920000000000000000000000,0.0268749923894544845905660822871523750913300608365,0.0261882035777909081795111438581858320310120707800,0.0284174633571363410697495585733619548443834176066,0.0295506276451365879761357703038788370420602974765,0.0307061386369946243781699524295506756579847102232,0.0347664359157502986247295215931966973455758700195
2019-08-31,-0.0113756483756483403544862953,0.010704067704067740149839285,0.005943761943761979674136063,0.117338940028823127249087519,-0.01137564837564834035448629529999999999999999999998,0.0066101674864892139204310639017447540669089017173,0.0015808235035957162625234025063146540251244366603,0.0122424557609477322135643139965076556987422479624,0.0176442144503065058266096634116263046104067442418,0.0230642668724121519867939573458719038454855856968,0.0421218412333430801408111974490586063467617931296
2019-09-30,0.028663108665749607053815109,0.005183631361760612300333632,0.021508418156808754575286419,-0.0485317808123912935858593643,0.0286631086657496070538151090000000000000000000000,0.0160071904133057066043095595974455125752015510277,0.0194044014186851882319388844762309020397771492892,0.0124976523832035919581856448161585505971282524795,0.0090535569656858308897218239629215991451474607273,0.0056675457831511384259271531714429581697387038068,-0.00598549475827275259969251244676517578883339148237
2019-10-31,0.004081174361273033562738191,-0.0113647243388614362360070753,0.009946705513222832220489558,-0.0590401757551640142847296308,0.0040811743612730335627381910000000000000000000000,-0.00344469878108353046634994197064121098500464415610,0.0023798402214277477053752369805811655273425618992,-0.00348806065274402261313112397135966678356609448606,-0.00644414295899777039661548144541634540044527695210,-0.00936015189234739665646662360432088324447083659028,-0.01964736013222445996974026893368889588117434365358
2019-11-30,0.041295308104183653656865291,0.033803974952354994278038922,0.042105181958435400616738412,0.012181517849573700731179797,0.0412953081041836536568652910000000000000000000000,0.0376423493520973603489781220140950940474872116929,0.0396655036323663220159859425834475662417905135692,0.0371861349552678784333349548932385095877244149751,0.0359260062359568705035853418130573081116146549468,0.0346750711986372433692446483138328809218464575040,0.0302169281765094249489179894383733184450631921954
2019-12-31,0.012782230337579073807370211,0.013469261601496415944849772,0.014156292865413758082329333,-0.0451904409939416855442170121,0.0127822303375790738073702110000000000000000000000,0.0079522488304402480373436507537923152681120855633,0.0135304195381343362599498564402014160002442103605,0.0083608339810616121077152108636106554416713778843,0.0057239292793928601021832877679820281394459897847,0.0030532304117162097438938007019870742187941798770,-0.00652616174601823916375824763835878124273699520449
2020-01-31,0.002244279011008846957586424,0.030408022017686342101042305,0.015313066233531857293938254,0.031275004470261826048733864,0.0022442790110088469575864240000000000000000000000,0.0112686369158632886401574831926007856458943482024,0.0149692539627234180476335402960436009254501058144,0.0165758044400151286266380411556780319892933514830,0.0173760206269678679361228882275125132934385018709,0.0181222232782855022215045043283736039294923451344,0.0206010357378382174888076356241384958270034313727
2020-02-29,-0.0774569948186529366721600205,-0.0687936733024271398337461486,-0.0731253340605400382529530846,0.021258676730563578362377112,-0.07745699481865293667216002049999999999999999999999,-0.06541620637780596660885543967778468380447861950175,-0.07336757489623893855271517245627852930192986568333,-0.06377041677866135153843882096813317495822318488634,-0.05898268696917625524936003101926380237075335963030,-0.05421754708309879493482194892320936158499010568377,-0.03775380458760202046136449726130584171888273140594
2020-03-31,-0.1376757897603483878630794132,-0.1027234477124180966936616708,-0.1018246732026141749207337860,0.090992725951154667574166558,-0.13767578976034838786307941319999999999999999999999,-0.10152334855444083163407901288096310669395425859741,-0.11371600301390620969959152409283079890948570074335,-0.09106861606368253293431367628162355819370811568786,-0.07994315690328256574548935699967895120873689306348,-0.06897443398509393275082528473566034030423997604732,-0.03211749372920972105745343284088587163500905209501
2020-04-30,0.115100493872324743741832487,0.115503493689409067827030113,0.124570989573806359743976709,-0.0059179028283178451870378668,0.1151004938723247437418324870000000000000000000000,0.1002040935541188712148853559526728283431251464852,0.1190830119365456849233852488535059852906690342041,0.1024836960653344112417667043206696533369590484657,0.0946287569965710371495075123705560600916462058193,0.0870626088741623220791149158096010517509075912873,0.0626238496474586819515240060829185779171546871197
2020-05-31,0.036697163950661731472199454,0.037386260916539106091922690,0.036894048798055267077834665,-0.0582225154838326280794238332,0.0366971639506617314721994540000000000000000000000,0.0252311704239947266609599332255389161870057701385,0.0369670090892899169581220335577271961128927439879,0.0255693832503648394133267423345372608022121097496,0.0200554151627973252954471082308908211960512214037,0.0146562324903136864239347248094460026507902135362,-0.00326311181108338528057027980665849855981016222837
2020-06-30,0.015810616712645707003951780,0.035678081338435508221018463,0.024212280857880200055945153,-0.0277542367134397355456167758,0.0158106167126457070039517800000000000000000000000,0.0153153537680566729648922965251444587583516779822,0.0247121021384508393627218607151533102249973799740,0.0189432631471056066187936659959575226566488748422,0.0161061399666367017521782390699309640952164095408,0.0132596249811516704695879980480287794206230258495,0.0035162788278858657812818232555759464625054232070
2020-07-31,-0.0081365674166807130396174446,0.015151074268313367008805529,-0.0003423363221112658397371026,-0.0750978869501453981091121510,-0.00813656741668071303961744459999999999999999999998,-0.01041664887709334264624697065011350933973156419390,0.0015204427361230754455459630640491742160979046564,-0.00651788362103061885183305981593651933598111296033,-0.01050463584480739867456207340454287942902559971078,-0.01452278914534285453246444925338493237452060000061,-0.02841603818748786741383592662733635385312735570408
2020-08-31,0.057054979079497753514058351,0.073675029288702772006371108,0.066848937238493567982742654,-0.0349237028629015703010779741,0.0570549790794977535140583510000000000000000000000,0.0520655030132855963387324334147071792098919307155,0.0657396151734078666612511898919390438760152855859,0.0559076123010811694707942703951925316500556235214,0.0509720072446703174158799694536632974993507764284,0.0459910121130996259489730207012747118032513644002,0.0284556290029135533694348520770112928947996867447
2020-09-30,-0.0110133924763284542968914865,-0.0188624925360401332310431414,-0.0096882197389745344768399084,-0.0009638974606647280450982367,-0.01101339247632845429689148650000000000000000000000,-0.01118340871639184413433873984773566099785035045580,-0.01269204570705398595341789805096923040551244139466,-0.01164511446858153304850726019500673008965340472603,-0.01111216054328457964107148013362158445102260572303,-0.01054631166617713617473588356129242029339697914680,-0.00852680060599625418725997928073755840892574913624
2020-10-31,-0.0195437194127244044889316069,-0.0211541598694943880150764682,-0.0307161500815661652015615824,0.008666403070256104571660062,-0.01954371941272440448893160690000000000000000000000,-0.01896706696200712516049988234482119158196706622755,-0.02459427404841455773367815961790314386539881676407,-0.02159292124172034834830575801018493933882403088806,-0.02006756547662447791457139145134891034079403779171,-0.01854208530735064596145910859126655411272965080054,-0.01300276000644150589206265750795675378355311373174
2020-11-30,0.104944300301305641387016233,0.073263056578506847081698167,0.083985939069300285154267359,-0.0980898463252817303693283805,0.1049443003013056413870162330000000000000000000000,0.0769686885901144636427151932903113319226404726242,0.0874288369851792987743209114894696378664664022260,0.0701708947381367498065415278249657736554758704509,0.0614402644336013119342256699522423100362249969457,0.0526853628521440745579930296096709668584325184024,0.0218417604860763000974264601132073363718621520102
2020-12-31,0.024128242027800528858324009,0.023346688470973055403123532,0.020708945216680332491821925,0.013507711609187540665956364,0.0241282420278005288583240090000000000000000000000,0.0226049551161105085250980245965893081564465448341,0.0225166648683727293497522539498568845886768270888,0.0218103926257418741972996869720448762846546414130,0.0214443376286288097357878869687811578819519441621,0.0210644172911396974681188338985804441823943020454,0.0196959740840394346110299482611221584258830030402
2021-01-31,0.002386320560362682883593391,0.013170086526576116129978319,-0.0107154511742891519017340917,-0.0021369724828076461176471794,0.0023863205603626828835933910000000000000000000000,0.0015118257159172955524529480430876807233359610449,-0.00007623362774305161797435575208515249920570527401,-0.00032107056619140546468341234248629697857838773438,-0.00043832245229397811695606764117626724819516207605,-0.00060845988324211689674749242900027534211323436535,-0.00110998109943124677698791669728445768905930678816
2021-02-28,0.032373108409823710933236696,-0.0007415033490450511787353212,0.016217191763830163357395803,-0.0419594166098001940507810471,0.0323731084098237109332366960000000000000000000000,0.0175511390617517321971298274536310141037701977679,0.0169925178507928403405686891737993363776256812284,0.0111099546609378513677250298886631862727833416687,0.0081673448019640841543336153985822996229092174273,0.0052861901152004000313716522068524433457272209709,-0.00457381142283827502530765724433672987374336105297
2021-03-31,0.061934905901388284106256680,0.020330784297028231082698912,0.065230281870050466523964226,0.029119471530235088125179628,0.0619349059013882841062566800000000000000000000000,0.0531460898915449848494131224890767547979212289180,0.0522167593153005242258613418967846541742663989797,0.0500330198069025867368168881468069624294277093976,0.0489310905307235349930040037334114542399491067697,0.0479453010852390904573089437733324665402907874089,0.0444833922602868552481012833435018439474879983542
2021-04-30,0.019971795511221683269598328,0.015383923524521767573008116,0.023973981712385439515560002,0.019273338677545841357315813,0.0199717955112216832695983280000000000000000000000,0.0198444629972548162610783085891507799757293969496,0.0204070463844422943898901241669089298050910325469,0.0203019827082405178111712131556937192938055946356,0.0202488016838317747726930558112559362155538027338,0.0202152451174275677053167699029818718335683510751,0.0200669146616884885865563900106598626831718556435
2021-05-31,0.002828850254223537411661292,-0.0008213875676560760545690536,-0.0023998687879283413372632574,0.015470860539953740533935903,0.0028288502542235374116612920000000000000000000000,0.0026764508572167509037093709473197863710045165996,-0.00022225504635505635499790367761177613349012759131,0.0012305871018044068458471454161600565749782431386,0.0019661017037903871019036237773666649199769341776,0.0027077573873289223126308324016256766262255959584,0.0053769060908708144871125735633148064442166644566
2021-06-30,0.039598193787980921989129641,0.031776249155975521526682967,0.054727481431465051830967287,-0.0108234329126815117480907330,0.0395981937879809219891296410000000000000000000000,0.0360626467136806836921038061216436039174343242963,0.0437107980880668352501940981244859836368547681309,0.0385904088362524016146570489978572868445630435213,0.0360038199702333767787349358334039676709464724026,0.0334501503177356046343580394666376824603344076911,0.0243323443849072491332951206314847057876360254812
2021-07-31,0.009037356709373189845493297,-0.0021475387727576293610284019,0.026413890761969283969910937,-0.0361812289719908204257254884,0.0090373567093731898454932970000000000000000000000,0.0060820140331534595510906404920258269242303023646,0.0133048118549117896329158998010437179227978517985,0.0088794698724014228645400612254206754438790487851,0.0066273580289986293258213491030607170151200387992,0.0044130508144417256565246941716963073594809509850,-0.00361865831906734080486001455956705518779548512194
2021-08-31,0.029754983050847342376940941,0.032067457627118528558806752,0.029754983050847342376940941,0.018609382941812984201983624,0.0297549830508473423769409410000000000000000000000,0.0291364910100076044660557200433347070574312533115,0.0303306120522142012543508768083978517834400779722,0.0293292483930375065166277244447789307943129883857,0.0288162610938941887658159694470072164379378166693,0.0282889913807602738658901007772545172980379364961,0.0263883392745917807962339813711473626760470792833
2021-09-30,-0.0195715643085428246750805559,-0.0169214822492874045109836742,-0.0347585730327373479231742244,0.030323833863863229888805163,-0.01957156430854282467508055589999999999999999999999,-0.01736518618389828478344585334412436352062673293164,-0.02518827472068203030560831559328244638062625873694,-0.02049513883436471813525662262248295669663335387792,-0.01808736219679387767291079800543710028404168273880,-0.01567554492654174606945896372605742204482496284041,-0.00683794750610579914454145838125694801452480456321
2021-10-31,0.052673199445983277328924303,0.077927735457063607287691337,0.057884452908587154939463532,0.066614515662527700454658267,0.0526731994459832773289243030000000000000000000000,0.0582803963006981397187707047232548660091453055439,0.0611565460213600114197548632116603545600599162961,0.0616417755369495734101084337643562453384594427956,0.0618889276181972174996412268151817855296739495127,0.0620792482093437320414146369252605735132207187876,0.0626936398374067156424376525883707907780732156944
2021-11-30,-0.0035414902099760753563745396,-0.0054860990520067300983865450,0.022966598741915481389999638,-0.0939637394462657478396370927,-0.00354149020997607535637453960000000000000000000001,-0.00780298902797420140370744975494935365260782032081,0.0067777825870869981651276760877016932569158432043,-0.00222299938524808402018292034910594185816066440049,-0.00680422424686074108314720315405459734623223899408,-0.01138280967717562357838103946208542530411985331338,-0.02793434967175691896790809719125802020702356752262
2021-12-31,0.033561300583142071159036310,0.008430323378688983361653335,0.041738840784591091791518072,0.047449644722106732544065355,0.0335613005831420711590363100000000000000000000000,0.0323314832252055305305189204327415915932891386475,0.0306105478801241616041214272286836887119537787587,0.0319767417510840188127441285609697123765250371002,0.0326816157583711367996333097034194860576891222201,0.0334869886824103796452753066816485553570447599124,0.0363683594594891179622450300441485329059199684820
2022-01-31,-0.0468733856582233099553437063,-0.0676681412772029750844688065,-0.0560594184801997639686950855,0.064733313524497507352100351,-0.04687338565822330995534370630000000000000000000000,-0.04028352954613618204739843068514832576727330966471,-0.05616688312705478954100684644516589889861443279721,-0.04411139920762392219562459929888666157736334366663,-0.03807910417367104905630285816536503031784486187394,-0.03200479273366548722948987237585853260644794935262,-0.01080364113479513486477448710943349978266808176708
2022-02-28,-0.0235450819672132268901811475,-0.0227459372772631200681986871,-0.0340338560228083789287009408,0.038180836443847128446374753,-0.02354508196721322689018114749999999999999999999999,-0.01812952405734485850563013009785837273573223655867,-0.02756392822497522450410339697064721436410624710697,-0.02024246474950293032482482812099746695006522924657,-0.01665033107484861667016484132942628238095187808747,-0.01312452683652299424403184393524996198896074695223,-0.00113450260275856769261849711898634090558905693655
2022-03-31,0.033664328856035366821979047,0.050662724240512064318659987,0.042770612097719311909486693,0.114428637862305207965728747,0.0336643288560353668219790470000000000000000000000,0.0469228987022508633924730301735236567228309880815,0.0418057097605210847484825708439894855780412764857,0.0503754226682770349834982214216425843218209093495,0.0545333199611717304054230105583847267706147930091,0.0585802713154814677701236488712429139412130435739,0.0719560256441323994398244011667323873434086943069
2022-04-30,-0.0332445762551012144085389648,-0.0388242383980261447838354294,-0.0256646578722597995590796166,0.107242012599854682887700990,-0.03324457625510121440853896479999999999999999999999,-0.01542262345779335162197837828926890920397342712545,-0.03169359355240796541918050667987229829606199904088,-0.01429924001784442013185815608099013929333023036348,-0.00596160251387147082211775199327996596781812107359,0.0021772692541026215489960108297833988973793357907,0.0287519750734822686923764133135849660255024910663
2022-05-31,-0.0150345075016306738837657678,-0.0169983505731058395225181040,-0.0313344049948745486854101584,-0.0142610398706122754407498784,-0.01503450750163067388376576779999999999999999999999,-0.01753666223520765254596450064422454984238877965135,-0.02212942448631139811780514478268067174471198697818,-0.02102280897112705644145453482489796231080637454923,-0.02050610929861540009617967505103385268824419730099,-0.02003436019598601757978384438350264814884147802450,-0.01843034415027522222205024688409704638691794847656
2022-06-30,-0.0634334989015186703313162982,-0.0543107651160568296461337603,-0.0468280733594420614436806673,0.021909927136010711669795624,-0.06343349890151867033131629819999999999999999999999,-0.04777300194199338264154062431715421492395899459954,-0.05437097295371198645378619971166504868684731602473,-0.04356910343239073257451197205267006406575388540150,-0.03853383406427371062470758965216066910955846132209,-0.03371615935045375015701588516647049956106731927111,-0.01864005225834786146024684369179852568069268706393
2022-07-31,0.106931023328758991633674291,0.078711311507547466399664795,0.121707890609684299392573808,-0.0265528007986106799832200324,0.1069310233287589916336742910000000000000000000000,0.0848545183708468287763201550192711043095186706650,0.1053741923052262538054814584159748477580827200410,0.0854132637673947254636516060674571590044688245642,0.0762618003449873223830109179429943273589842369552,0.0676983421153843416241192297921576854540830290848,0.0411529125193796075119864671060016992855989642101
2022-08-31,-0.0272370193740686108847695340,-0.0083838450074516224117641295,-0.0357513561847988637435461683,0.081587290771971079586662190,-0.02723701937406861088476953400000000000000000000001,-0.01107179949889657188383777317708295495296908728974,-0.02582168121106678061649540753769540183409689768545,-0.01124682200870588392162551797103274974577825425632,-0.00438395390063919706842464986529965862231053123042,0.0021524453558598855270479068862537536914391781414,0.0230852317975875005363279355834155493153023905369
2022-09-30,-0.0665466114688744349437552457,-0.0539949402023917589890697106,-0.0707647960748235309613134993,0.079068776186070738662953994,-0.06654661146887443494375524570000000000000000000000,-0.04377749065322125599178445092368655854469035590045,-0.06493564255812342510169785934307739243139519905663,-0.04356041247120585902875804586227181879569615919574,-0.03371216309471634284682722699691702106583100768176,-0.02440604880564395598962013087811570984357202337568,0.0045485405769086772166707196398136414608133056007
2022-10-31,0.059156965098634274971085303,0.079643368740515913442307005,0.055297207890743531491000055,-0.0251731371788863730075748781,0.0591569650986342749710853030000000000000000000000,0.0473580141313772468641140347022662487766432943588,0.0630832270973080504899244979103835433375725191466,0.0483034927793666184238108310471850757029695482799,0.0417140182750835630918045070697264767420725321111,0.0355282684861920857794463196397588281006348311728,0.0170401254264984666269732537319064462104125645834
2022-11-30,0.029771287416448627221455464,0.018854984016274260148436501,0.029579773321708726044735833,-0.1056384486958886407982354180,0.0297712874164486272214554640000000000000000000000,0.0070779903826816529004041803494359334132577004741,0.0267303797388306146936028729399822131998073053977,0.0061168535641144601997364379887373795179710146085,-0.00326209942446120024077232582968460406196817310175,-0.01207003334171063444388053949355764250467191088080,-0.03904218526347186019556617354769276893185291314363
2022-12-31,-0.0736511497476164754378678631,-0.0522293325855301064323685575,-0.0840725743129557900891918497,-0.0166188369147135923930752294,-0.07365114974761647543786786310000000000000000000000,-0.06413275377736690594841442891046524121808820796139,-0.07204905576215399509545759016765089953756148998376,-0.06437568393505662218326765462640377381569487766071,-0.06077932945919598985077794102941526635865563913696,-0.05740254546352779483624886127544157528792075694832,-0.04661705624593633761144397742205352465789414847117
2023-01-31,0.056893037391784939181426210,0.011964984343341391846036040,0.054035770860195327618429905,-0.0733486851419167550776818349,0.0568930373917849391814262100000000000000000000000,0.0365863397011153150753355605290607931217933618282,0.0437375115951958944614518103202784837775261078987,0.0319490671858625928946998423849991543898312358525,0.0260590416830362362688264518099926606380131294483,0.0202949423944392287352385562701341317666108439813,0.0003707744780564460986233327127657697618019676845
2023-02-28,0.000283776645915906702995579,-0.0065780041501603056190173932,-0.0046321260139595886918793861,0.053087249461297920613029932,0.0002837766459159067029955790000000000000000000000,0.0032472109527895263668188374746901602480621983905,-0.00348960655558222737654327825360459047198181681093,0.0015881342702356710778603725129816355111917943225,0.0041711782377177591901893780485629888110991809143,0.0067928828581416902415187105777311022617847463582,0.0161817909321567755912249983080788450944911826044
2023-03-31,0.000812417218542953222012348,-0.0130349337748345289330617781,0.034553145695364142135080288,-0.0565837002532742670989566160,0.0008124172185429532220123480000000000000000000000,-0.00147306874779384898941724963104129069684850696870,0.0109691506576535897248217501569792710712051008380,0.0045941735920479003988207347512073986465508243415,0.0013762066921043960838265558487462887588381975911,-0.00176015377270513950597072091974260347479833075907,-0.01307312470232385314415741413674406379932510944636
2023-04-30,0.000243695652173893838799304,0.011174782608695632759357217,0.005659999999999980691328000,0.016806547113131510825140382,0.0002436956521738938387993040000000000000000000000,0.0041270485344282940920094785209037381686541942566,0.0052449246464506300484403298499549406194715832625,0.0062695846028546989018728460359044745041829562732,0.0067917511800013199746859359188335934949368914753,0.0073002548840519166120634785567237135854044928164,0.0090629693673714709465586782298946718848073802300
2023-05-31,0.023277642200112746681501784,0.028458794818847494765965084,0.041929791627557839785569664,0.065139883782760227719665433,0.0232776422001127466815017840000000000000000000000,0.0307102346440439506677700923828026828281016781803,0.0323529308707091639682125630278687790168164790852,0.0352888274807881078658504191439904599393553302154,0.0367828387298069163705020256983801079344250032026,0.0383140176196710821643968930721625084637261656515,0.0436104723571662741107534361983796611851432381829
2023-06-30,0.034179487179487079006300513,0.041887051282051180821536149,0.035447820512820412216402580,-0.0052949288526680170391344562,0.0341794871794870790063005130000000000000000000000,0.0318303818895673371632524865393969059346318723598,0.0366535590916245976453494991568430198591294359294,0.0327889954672983838383232739151382073972733454667,0.0308308083539962261350824318415615941672720707727,0.0288382910039059784336497697962820866767806821148,0.0217629505086051026406427796259304571206516259522
2023-07-31,0.024716152450090807838978076,0.012924137931034545762502069,0.015698729582577195662849365,-0.0182999709133930696315431273,0.0247161524500908078389780760000000000000000000000,0.0177199916371128219851289162508132376282839692529,0.0179467146866331968347915000601875938780538012483,0.0147304330962404505673154626049952915404753834929,0.0130916071124336000026928427902902275932131671366,0.0114487623335613940254134660798782692002954091762,0.0056615935776317079769619914137659904883001944909
2023-08-31,-0.0098368853215241725181565566,0.000533444044653518661959270,0.001245133314881399429222120,0.027998436786640164458319573,-0.00983688532152417251815655659999999999999999999999,-0.00331204448972557692083898466493652253214518069029,-0.00258400220924875863908262393090700692574090982865,0.0000413266080161595041008414886458100722853076696,0.0013854573847022750023311317875485642149203335608,0.0027422270646025416171692661669563060614101127258,0.0075237755186829505425980393423885703976967827880
2023-09-30,-0.0205574829931973068256763605,-0.0310032312925170344191289965,-0.0269068594104308667354220804,0.020509734961764939731515638,-0.02055748299319730682567636049999999999999999999999,-0.01943662444943611160518967455440768588807262831952,-0.02586586242174196499272649700663828503937943049305,-0.02177363754856057405147128870801546814579455796675,-0.01968669641595126511902119797342296120416822793893,-0.01755697783546728840917177419098915286306923981079,-0.00987299175524670416237790563274056893424464282691
2023-10-31,-0.0314358062074185303584960602,-0.0240246025738076288226185613,-0.0167135503406509286588475151,0.002312372080320864115370611,-0.03143580620741853035849606020000000000000000000000,-0.02491508386303466595406853125637602254295269762760,-0.02339076718474028064792225037501782230449794741593,-0.02102462459909378476513811625025206550962234660591,-0.01982557221372359108036631078735616219303397101811,-0.01860955154329214376544912598548105091654432681487,-0.01443063925763288178828135018749442151678701200899
2023-11-30,0.056703116978364523828359457,0.079276861019435298014845911,0.055540520718738561209312945,-0.0163490731938319995484579695,0.0567031169783645238283594570000000000000000000000,0.0528107500613125735315115943723480619805548363338,0.0618812052607409007168369476026566470621925479111,0.0545081545580218626162339195904371640444067152933,0.0507852910142052640954447244316492090042142507719,0.0469783010109500628297504757049814109320307040625,0.0335564599438048566445302400378037277559174401656
2023-12-31,0.039326704031820531022594569,0.023746664256011456648631576,0.028578448743445916422835289,-0.0739680797574133226091745595,0.0393267040318205310225945690000000000000000000000,0.0252383781436194996089405139606433089069963014122,0.0308321837317609931451655702059099434358442613096,0.0216182355207812163855246087362446655336962221903,0.0169169675586176791038047780077820293524493440144,0.0121776534557424727925430354924058984401303023546,-0.00470214526091351374376845973496572735878379033086
2024-01-31,0.024776342699217124311069156,0.044036757254721503437440682,0.039552851220635827873629321,0.045541476094619852260373218,0.0247763426992171243110691560000000000000000000000,0.0318894941900571523727533726307052796970546432675,0.0358149167862182786344969142165297776214586710155,0.0367559303265524338327912929613338333273821292580,0.0372275797304905335368271575188788131657364766837,0.0376743850479198138293580527762071285640001677023,0.0390921218763808767564568798059547160758140105819
2024-02-29,0.046326778939576160463156769,0.079774683075784172504457643,0.047532108818358431167347792,0.064194156477649818204530992,0.0463267789395761604631567690000000000000000000000,0.0533947960627866581596168962405998268299602139454,0.0557935313235928061794639539631273559409547929475,0.0566406974477021208434494557254964990563553090901,0.0570637487300683447113846002053815227863138002596,0.0573952995951640650741353856665279589990343823472,0.0585106419634317198168017733450913989433578738542
2024-03-31,0.034531646742655936127369671,0.040540543045130220364314703,0.030826160689463460847920234,0.042205282350454448103421089,0.0345316467426559361273696710000000000000000000000,0.0356948939287378444540269808555695857981131533011,0.0346938237636115250957337085297340016952571551499,0.0354566210616321491843553743136903451031861554824,0.0358370668699144420484649004166006655697990043317,0.0361930392489167283792094051054852265540279751303,0.0374507211663591776569603924140041609068741237078
2024-04-30,-0.0275575814301760866153231046,-0.0425058030700113524214024752,-0.0310926338450019940694634963,0.031825395235477047104870971,-0.02755758143017608661532310460000000000000000000000,-0.02430721639922054211360317462879648524621763021146,-0.03309857874110149969527762730731669175992806222928,-0.02646312095892915746590172215936273248949225824403,-0.02315731024741231218300973186776210206873057246388,-0.01982206090184060506298954763248999045148833800294,-0.00824851872919588136491903710079848358493066603101
2024-05-31,0.029292974368430826125214741,0.046137562234925387448538669,0.042295814125023119076552510,-0.0065529458576805460068556635,0.0292929743684308261252147410000000000000000000000,0.0299037350782563703209183382715125924968976151686,0.0391096761665325594002911839520108203643198932120,0.0341633401496096298970477764708734498117913123453,0.0317241540688488747357426136033288285069064262464,0.0292836329342125169431471433370135420213711995084,0.0208584176104776652550559475364503423328239716281
2024-06-30,0.025160153113621555201301214,0.044399626552142702523332746,0.044298366165624170169006264,-0.0004506812610387016017574008,0.0251601531136215552013012140000000000000000000000,0.0283434678095436141372217623886625022069865505627,0.0381496345770164064191349323553701140484882524603,0.0341329123732264953615433408805453382086944329003,0.0321379833589403042139804553128383257218995303627,0.0301328929404929917453965548805049524422330122789,0.0230664088760846938711462857351825416724477728103
2024-07-31,0.012017795435646310385830952,-0.0225210477686408558888272728,-0.0056969694169823508266728369,-0.0336443671029248789514912793,0.0120177954356463103858309520000000000000000000000,-0.00081320595768170425577313225011189103943900233356,-0.00471019231195455944861231155528434847823493731260,-0.00762045988628593409940323147634639643766631295905,-0.00907434862336735433172639979283749774244702010848,-0.01046360617677652655419847035733296459588980687052,-0.01512595642412413567807653297610223062247309980456
2024-08-31,0.001176428571428421942918879,0.002057142857142707525705143,0.009787857142856992085717907,-0.0508306452025496392776192219,0.0011764285714284219429188790000000000000000000000,-0.00251514934993545909511078590770606008955126924371,0.0048948141565424478288707759859419208023811147590,-0.00056307519938101619281849095743433108985335814285,-0.00330160204281004372520107958328916755598105859618,-0.00603338004942216815302685918785303891424382131422,-0.01565002802457351963300106458930572021734723309174
2024-09-30,0.011327590847913904739369340,0.010831404217137771923777461,0.009640556303275053166356949,0.003847999554176503402123054,0.0113275908479139047393693400000000000000000000000,0.0102881933496740695937499202738116309124915327798,0.0105081771372237119937606644821925316425103071728,0.0098886863372255493637692573970314883568244189405,0.0095752925261018495979577451792805850541810772819,0.0092575383330646721489676744126255438885850622297,0.0081472598863318501323409284108235411308498542757
2024-10-31,0.005360110548134643242784339,0.027126485490557492953514555,-0.0040856748042375368203627365,-0.0163630341441636634263288483,0.0053601105481346432427843390000000000000000000000,0.0052667267514247835252595934014160093004313504528,0.0074337077135894741618503444311849533762256231562,0.0052336853715297447774611508758825339821860823738,0.0041196915160183412971394042179303695413453362366,0.0029154110464511904005640108425863531172647777954,-0.00129088811226723400937234466973749287894920687367
2024-11-30,0.075310894093106979353617909,0.084985398691570996970313935,0.069856120223760246016544617,0.055254974282401133041510572,0.0753108940931069793536179090000000000000000000000,0.0741860415977660856668869881723088866891956930240,0.0757995485308216688350582472077431724771740408833,0.0739409258513098063974583130454287904258022342093,0.0729966968772886370350003779514536375042553045251,0.0720030200698722354603972753571172375539285995224,0.0685000494674640720941016397815000572546778090948
2024-12-31,-0.0093910346826393096295329638,-0.0093910346826393096295329638,0.002938083276978119246709220,0.024883671261548443001736353,-0.00939103468263930962953296380000000000000000000001,-0.00444556428861578446153095310619718030526717375833,-0.00447482629578340962710104293740835677968138986527,-0.00186498638497142699353447468211677894495340426834,-0.00053564338365736924588964923815805069716953386609,0.0008353940258840666351660654903722657876189345968,0.0056387592688042354526774224748967492704928240112
2025-01-31,0.031019317307692171989545148,0.041668903846153709049385030,0.027933923076922941626413968,0.026324346398396777952689527,0.0310193173076921719895451480000000000000000000000,0.0316413093176447151187938289900525939421397341641,0.0325767540513538397906236343571017128857565429208,0.0319370270675422157406456045176100761586706719673,0.0316184746551253996869961116015590742539290578722,0.0312652606187512967755829436928782359626441778576,0.0300567531364613159451219140322998307576711670992
2025-02-28,-0.0090905595077869412148223803,-0.0306864064602960745714562584,-0.0035916169967313748508646799,-0.0160611000881023437980346716,-0.00909055950778694121482238030000000000000000000000,-0.01223265968955096947237096596493839271570996471603,-0.01268595135422624136933819998485691962362821644067,-0.01302154022416015745621772920093917788965320476487,-0.01318951355363088045508228426370178469689295999705,-0.01328686036859311519204357144087401750614214205703,-0.01365278100935718218144237775806987026031780525838
2025-03-31,-0.0751315487217487226747230663,-0.1050965542793626561311415606,-0.0914147832530566157748347240,-0.0367504427054822488590177390,-0.07513154872174872267472306630000000000000000000001,-0.07823658905000820572167655715609756034613233921762,-0.08963146435439007022394242355973916554866855980250,-0.08438889758331803248492842378769755054400807202305,-0.08176371600811517098314257435207132127132384151412,-0.07908359366181552461152349431608929362642754242270,-0.06959967147391642510086863447251767676966871490004
2025-04-30,-0.0371212265397833602111365582,-0.0266572209005199902865391488,-0.0442557758392811124324529738,-0.0737972411182383439512656364,-0.03712122653978336021113655820000000000000000000000,-0.04046936626321420393977579166331806754604919608236,-0.03729210060383071968276913140096801199485184817385,-0.04109943936132856922797672584134623470504947637416,-0.04298959693048639229039725397176625766260456050905,-0.04491129757811854798023993118441215198870911626434,-0.05146332607212453753382347783451765348787772033537
2025-05-31,0.059686745395258722776753335,0.056686216621133403127550636,0.055085934608266565981309196,-0.0003462484099808300006722479,0.0596867453952587227767533350000000000000000000000,0.0525662505834816207056875205377507041668327419654,0.0570536242870376001825307930638993790476842585010,0.0512712270229426455532259000854818418824165352816,0.0483834454474319931656305269020400515032264837373,0.0454984575594285760836980860068342943119292594145,0.0355404930441407785053682081722440959963884600879
2025-06-30,0.006865488530161322492648409,-0.0090415208156330683740010531,0.003298462192013489389217924,-0.0572156217333430103898884935,0.0068654885301613224926484090000000000000000000000,-0.00208400216583047474825107783042586983101023753434,0.0012677136394432383124593048688592320657425567622,-0.00433452502457026152834775839572375191505086361498,-0.00715547890954945743910630782938686097809455747029,-0.00995151221222068783348557077149006381511971578456,-0.01971782251308868717275342841933884352873399336247
2025-07-31,0.040261656897909311668934803,0.031509579214417052786240607,0.048190009622955240303846015,0.026931878345137445463684904,0.0402616568979093116689348030000000000000000000000,0.0389719173189397113550418811388874498229938250963,0.0411740223752698840853492661253206190859834584500,0.0398822034006379233504783141212040620318394159844,0.0392261929630507887070415875904375977365271768820,0.0386026707488207321515379708548316389456265952502,0.0363280889093477697324697793489170694541453865542
2025-08-31,0.006944523300555821036812644,-0.0112356049593843248293150156,-0.0022432834544676935406927323,-0.0086566048127640598443999011,0.0069445233005558210368126440000000000000000000000,0.0015452595227084973911957701357830540787815967670,-0.00144010388232626232150477033524396628209893343244,-0.00208647635301174486969143122023939155447466156272,-0.00241532959739571728294291627808673087440956208844,-0.00271436945622786491444587710212980687807392791758,-0.00368663734637695855456700952985926195297600313817
2025-09-30,0.026788112484022090794052252,0.048513804857264526569370450,0.031372432893054898342972605,0.030895721947382111512120639,0.0267881124840220907940522520000000000000000000000,0.0309428842469311238807485904043568182977561497392,0.0341672846181019055200332326885460063432991196767,0.0338761083635624057785061372168283610688065003355,0.0337278313609548974276651706379385962097158193732,0.0335261896796143970653435987989514477432523238392,0.0327491460358846496105845463652457398758139392041
2025-10-31,0.034502122866302859903585183,0.046907200415908614661619131,0.044568538254917365813793059,0.015518001318313769692678442,0.0345021228663028599035851830000000000000000000000,0.0361507369827829405825648651615536173545344159721,0.0417560445398449653598964342562352981666909509850,0.0394279287253155669931031511268593818000582388439,0.0382418061498448322147532643941343595055198830649,0.0370252350824290025561435756448906055674102018551,0.0325847933230762677299549051289407933667614811123
2025-11-30,-0.0012060431034483328432642064,-0.0202088965517241938281169344,-0.0041907844827586775005709176,0.014558573344587273250985115,-0.00120604310344833284326420640000000000000000000000,-0.00309445468028594613185113928356198321937937744019,-0.00733781227037796825553662507837762808333316919878,-0.00543960842989327065981668935070323953000296483360,-0.00446925112259111188526337097070867248939721417079,-0.00343681621267372247141354398736051097113382448228,0.0003119872921134628053137363273169849216440358135
2025-12-31,-0.0016053169734150906722723926,-0.0048670756646216347775901841,-0.0069427402862985264809742331,0.019274711803138244737614461,-0.00160531697341509067227239259999999999999999999999,-0.00105538629893594371032054283186729745686435727054,-0.00460195221985159901240572164039046614707700533150,-0.00249049832988638069208107990051257250646816889395,-0.00141422775081049304196313589733308447923425522249,-0.00032540316768697434425044265702771466869961194944,0.0036138183190189237355897878394627607844937655318
2026-01-31,0.011359798064787547460042192,0.034367690366007572704934775,0.005336272612536811237130400,0.032455422184384251683567122,0.0113597980647875474600421920000000000000000000000,0.0159662831252334805782594205004305501138240533164,0.0150267447026882067426365740874525729920511850739,0.0167500320270438030561717502522235861012244620601,0.0176145934590538802956663919839808841190375181524,0.0184046381073890876640466941878532247909290295617,0.0211845526408945862052231811657944376036675776656
2026-02-28,0.018699923870749448293040059,0.011562087633226186590799277,0.003619988157672134837601787,0.041108885375148350612436128,0.0186999238707494482930400590000000000000000000000,0.0176485993103933648546332962492570679254057407588,0.0107408552369754449675193813570164072066698451473,0.0138241588824256029343542946037889665813452215869,0.0153619594771467107137216377319597426497490587196,0.0168895258115831327453094330391802177837945869797,0.0223025765790637849606144442463506515777752000857
2026-03-31,-0.0398089077964924973610145560,-0.0450435144990450235646049631,-0.0391930717138392589841215670,0.048651358583744603812428793,-0.03980890779649249736101455600000000000000000000000,-0.03131785332076997128557196455128926440262257888334,-0.04098662142573331821128604406842706576687535732740,-0.03164066177659728933693839471554660968518721208106,-0.02700056754236966397741846895489908926461929899163,-0.02236507004917355952369516767420343634138744221034,-0.00642973105754135002756828047649157288244460975640
2026-04-30,0.071471549151675184613188013,0.153174814562196104198759677,0.077363611561087750929455200,0.035472454857819308663074401,0.0714715491516751846131880130000000000000000000000,0.0805022384666864677805564258003420866693372696770,0.0959116980584653429393604911597345603406523872561,0.0890878674885596938628786832567667745996212922758,0.0857486403974346438115323379176535688611183337916,0.0822434298050002256857506157839609569703458452230,0.0703342518409561575828855547140073259777792774943
2026-05-31,0.048770845106601737259069010,0.071869312441133806546590400,0.045255860946999031063141842,0.007420152336603949812534820,0.0487708451066017372590690100000000000000000000000,0.0474916201916438520440667932970341766831710614644,0.0539723963854203506150509572187926603145197301762,0.0489750959814493056693811522751007061133436207356,0.0465067964065624930575472966122589091738277830127,0.0439834306398818169004756521224894015318253330494,0.0353726488466958316433660443601110460362184918836
