month_end,candidate_id,source_id,observation_date,available_at,retrieved_at,source_hash,source_url,total_return_level_eur
2018-12-31,CMOD,CMOD_OFFICIAL_NAV,2018-12-28,2018-12-28,2026-08-28T06:45:02.413410+00:00,8a0e74fe66464799538f3fe38dc7e3a8d44d0007d6953bd8c100de5b29f359cd,https://finance.yahoo.com/quote/CMOD.MI/history,13.958000183105469
2018-12-31,DFNS,FRED_NASDAQNQUSB50201020N,2018-12-31,2018-12-31,2026-08-28T06:45:02.413410+00:00,c84cc23ca82562d27a92626d90fb81e4b0efc18ca3b8123f69ffc5ec095939c0,https://fred.stlouisfed.org/graph/fredgraph.csv?id=NASDAQNQUSB50201020N,2990.982891061452513966480447
2018-12-31,DTEH,DTLE_OFFICIAL_NAV,2018-12-31,2018-12-31,2026-08-28T06:45:02.413410+00:00,a78f8cea4277832f4576b237f6852bd3c97aa9bb5351190fc497eedf31e45727,https://finance.yahoo.com/quote/DTLE.L/history,3.689926862716675
2018-12-31,EQAC,FRED_NASDAQXNDXNNR,2018-12-31,2018-12-31,2026-08-28T06:45:02.413410+00:00,c7a6f427535c8838870afd10b9902f56163384ad2a2390a4c68f91b36df3b112,https://fred.stlouisfed.org/graph/fredgraph.csv?id=NASDAQXNDXNNR,6164.368016759776536312849162
2018-12-31,EWSA,WSML_OFFICIAL_NAV,2018-12-28,2018-12-28,2026-08-28T06:45:02.413410+00:00,d59d40f4c32a5804609dab01d431ae183bea82f32b1aaa8bfb6371eb3a3299ae,https://finance.yahoo.com/quote/IUSN.DE/history,3.8410000801086426
2018-12-31,IBCI,IBCI_OFFICIAL_NAV,2018-12-31,2018-12-31,2026-08-28T06:45:02.413410+00:00,171eff0c4c292e16179e1b51902197d45b4179255d7fce18b0bbc1540eb9632b,https://finance.yahoo.com/quote/IBCI.AS/history,205.99000549316406
2018-12-31,INFR,INFR_OFFICIAL_NAV,2018-12-28,2018-12-28,2026-08-28T06:45:02.413410+00:00,af6bd526b17d603012401b1f741f703084f42346f2e4393175b3290f49bd9bc2,https://finance.yahoo.com/quote/INFR.MI/history,18.514551162719727
2018-12-31,IWVL,IWVL_OFFICIAL_NAV,2018-12-28,2018-12-28,2026-08-28T06:45:02.413410+00:00,d50d5d869874811217fd20f8cff339dc3858c9609717a37425844299661aeecc,https://finance.yahoo.com/quote/IS3S.DE/history,24.075000762939453
2018-12-31,SGLD,LBMA_GOLD_PM,2018-12-28,2018-12-28,2026-08-28T06:45:02.413410+00:00,414251d3408c1500fae24f3037a81592774c3046dd7302b673f394f3dbcadb52,https://prices.lbma.org.uk/json/gold_pm.json,1116.445530726256983240223464
2018-12-31,WENE,XDW0_OFFICIAL_NAV,2018-12-28,2018-12-28,2026-08-28T06:45:02.413410+00:00,e475bd216680c21a3641cb1c847764a89810fae0218c9b71fa6de6a3ad3f2f70,https://finance.yahoo.com/quote/XDW0.DE/history,25.1299991607666
2019-01-31,CMOD,CMOD_OFFICIAL_NAV,2019-01-31,2019-01-31,2026-08-28T06:45:02.413410+00:00,8a0e74fe66464799538f3fe38dc7e3a8d44d0007d6953bd8c100de5b29f359cd,https://finance.yahoo.com/quote/CMOD.MI/history,14.67199993133545
2019-01-31,DFNS,FRED_NASDAQNQUSB50201020N,2019-01-31,2019-01-31,2026-08-28T06:45:02.413410+00:00,c84cc23ca82562d27a92626d90fb81e4b0efc18ca3b8123f69ffc5ec095939c0,https://fred.stlouisfed.org/graph/fredgraph.csv?id=NASDAQNQUSB50201020N,3305.194691810721145451370700
2019-01-31,DTEH,DTLE_OFFICIAL_NAV,2019-01-31,2019-01-31,2026-08-28T06:45:02.413410+00:00,a78f8cea4277832f4576b237f6852bd3c97aa9bb5351190fc497eedf31e45727,https://finance.yahoo.com/quote/DTLE.L/history,3.7025885581970215
2019-01-31,EQAC,FRED_NASDAQXNDXNNR,2019-01-31,2019-01-31,2026-08-28T06:45:02.413410+00:00,c7a6f427535c8838870afd10b9902f56163384ad2a2390a4c68f91b36df3b112,https://fred.stlouisfed.org/graph/fredgraph.csv?id=NASDAQXNDXNNR,6729.238693906059018683429370
2019-01-31,EWSA,WSML_OFFICIAL_NAV,2019-01-31,2019-01-31,2026-08-28T06:45:02.413410+00:00,d59d40f4c32a5804609dab01d431ae183bea82f32b1aaa8bfb6371eb3a3299ae,https://finance.yahoo.com/quote/IUSN.DE/history,4.227499961853027
2019-01-31,IBCI,IBCI_OFFICIAL_NAV,2019-01-31,2019-01-31,2026-08-28T06:45:02.413410+00:00,171eff0c4c292e16179e1b51902197d45b4179255d7fce18b0bbc1540eb9632b,https://finance.yahoo.com/quote/IBCI.AS/history,207.72999572753906
2019-01-31,INFR,INFR_OFFICIAL_NAV,2019-01-31,2019-01-31,2026-08-28T06:45:02.413410+00:00,af6bd526b17d603012401b1f741f703084f42346f2e4393175b3290f49bd9bc2,https://finance.yahoo.com/quote/INFR.MI/history,19.964365005493164
2019-01-31,IWVL,IWVL_OFFICIAL_NAV,2019-01-31,2019-01-31,2026-08-28T06:45:02.413410+00:00,d50d5d869874811217fd20f8cff339dc3858c9609717a37425844299661aeecc,https://finance.yahoo.com/quote/IS3S.DE/history,26.079999923706055
2019-01-31,SGLD,LBMA_GOLD_PM,2019-01-31,2019-01-31,2026-08-28T06:45:02.413410+00:00,414251d3408c1500fae24f3037a81592774c3046dd7302b673f394f3dbcadb52,https://prices.lbma.org.uk/json/gold_pm.json,1155.273266980967347651475467
2019-01-31,WENE,XDW0_OFFICIAL_NAV,2019-01-31,2019-01-31,2026-08-28T06:45:02.413410+00:00,e475bd216680c21a3641cb1c847764a89810fae0218c9b71fa6de6a3ad3f2f70,https://finance.yahoo.com/quote/XDW0.DE/history,27.700000762939453
2019-02-28,CMOD,CMOD_OFFICIAL_NAV,2019-02-28,2019-02-28,2026-08-28T06:45:02.413410+00:00,8a0e74fe66464799538f3fe38dc7e3a8d44d0007d6953bd8c100de5b29f359cd,https://finance.yahoo.com/quote/CMOD.MI/history,14.802000045776367
2019-02-28,DFNS,FRED_NASDAQNQUSB50201020N,2019-02-28,2019-02-28,2026-08-28T06:45:02.413410+00:00,c84cc23ca82562d27a92626d90fb81e4b0efc18ca3b8123f69ffc5ec095939c0,https://fred.stlouisfed.org/graph/fredgraph.csv?id=NASDAQNQUSB50201020N,3542.965111169698567536690395
2019-02-28,DTEH,DTLE_OFFICIAL_NAV,2019-02-28,2019-02-28,2026-08-28T06:45:02.413410+00:00,a78f8cea4277832f4576b237f6852bd3c97aa9bb5351190fc497eedf31e45727,https://finance.yahoo.com/quote/DTLE.L/history,3.646793842315674
2019-02-28,EQAC,FRED_NASDAQXNDXNNR,2019-02-28,2019-02-28,2026-08-28T06:45:02.413410+00:00,c7a6f427535c8838870afd10b9902f56163384ad2a2390a4c68f91b36df3b112,https://fred.stlouisfed.org/graph/fredgraph.csv?id=NASDAQXNDXNNR,6968.160646805518938395289569
2019-02-28,EWSA,WSML_OFFICIAL_NAV,2019-02-28,2019-02-28,2026-08-28T06:45:02.413410+00:00,d59d40f4c32a5804609dab01d431ae183bea82f32b1aaa8bfb6371eb3a3299ae,https://finance.yahoo.com/quote/IUSN.DE/history,4.432499885559082
2019-02-28,IBCI,IBCI_OFFICIAL_NAV,2019-02-28,2019-02-28,2026-08-28T06:45:02.413410+00:00,171eff0c4c292e16179e1b51902197d45b4179255d7fce18b0bbc1540eb9632b,https://finance.yahoo.com/quote/IBCI.AS/history,206.00999450683594
2019-02-28,INFR,INFR_OFFICIAL_NAV,2019-02-28,2019-02-28,2026-08-28T06:45:02.413410+00:00,af6bd526b17d603012401b1f741f703084f42346f2e4393175b3290f49bd9bc2,https://finance.yahoo.com/quote/INFR.MI/history,20.79953956604004
2019-02-28,IWVL,IWVL_OFFICIAL_NAV,2019-02-28,2019-02-28,2026-08-28T06:45:02.413410+00:00,d50d5d869874811217fd20f8cff339dc3858c9609717a37425844299661aeecc,https://finance.yahoo.com/quote/IS3S.DE/history,26.6299991607666
2019-02-28,SGLD,LBMA_GOLD_PM,2019-02-28,2019-02-28,2026-08-28T06:45:02.413410+00:00,414251d3408c1500fae24f3037a81592774c3046dd7302b673f394f3dbcadb52,https://prices.lbma.org.uk/json/gold_pm.json,1159.284647157043676948765269
2019-02-28,WENE,XDW0_OFFICIAL_NAV,2019-02-28,2019-02-28,2026-08-28T06:45:02.413410+00:00,e475bd216680c21a3641cb1c847764a89810fae0218c9b71fa6de6a3ad3f2f70,https://finance.yahoo.com/quote/XDW0.DE/history,28.584999084472656
2019-03-31,CMOD,CMOD_OFFICIAL_NAV,2019-03-29,2019-03-29,2026-08-28T06:45:02.413410+00:00,8a0e74fe66464799538f3fe38dc7e3a8d44d0007d6953bd8c100de5b29f359cd,https://finance.yahoo.com/quote/CMOD.MI/history,15.029999732971191
2019-03-31,DFNS,FRED_NASDAQNQUSB50201020N,2019-03-29,2019-03-29,2026-08-28T06:45:02.413410+00:00,c84cc23ca82562d27a92626d90fb81e4b0efc18ca3b8123f69ffc5ec095939c0,https://fred.stlouisfed.org/graph/fredgraph.csv?id=NASDAQNQUSB50201020N,3467.589953687210545065906662
2019-03-31,DTEH,DTLE_OFFICIAL_NAV,2019-03-29,2019-03-29,2026-08-28T06:45:02.413410+00:00,a78f8cea4277832f4576b237f6852bd3c97aa9bb5351190fc497eedf31e45727,https://finance.yahoo.com/quote/DTLE.L/history,3.8300042152404785
2019-03-31,EQAC,FRED_NASDAQXNDXNNR,2019-03-29,2019-03-29,2026-08-28T06:45:02.413410+00:00,c7a6f427535c8838870afd10b9902f56163384ad2a2390a4c68f91b36df3b112,https://fred.stlouisfed.org/graph/fredgraph.csv?id=NASDAQXNDXNNR,7345.003562522265764161026006
2019-03-31,EWSA,WSML_OFFICIAL_NAV,2019-03-29,2019-03-29,2026-08-28T06:45:02.413410+00:00,d59d40f4c32a5804609dab01d431ae183bea82f32b1aaa8bfb6371eb3a3299ae,https://finance.yahoo.com/quote/IUSN.DE/history,4.448999881744385
2019-03-31,IBCI,IBCI_OFFICIAL_NAV,2019-03-29,2019-03-29,2026-08-28T06:45:02.413410+00:00,171eff0c4c292e16179e1b51902197d45b4179255d7fce18b0bbc1540eb9632b,https://finance.yahoo.com/quote/IBCI.AS/history,208.61000061035156
2019-03-31,INFR,INFR_OFFICIAL_NAV,2019-03-29,2019-03-29,2026-08-28T06:45:02.413410+00:00,af6bd526b17d603012401b1f741f703084f42346f2e4393175b3290f49bd9bc2,https://finance.yahoo.com/quote/INFR.MI/history,21.583227157592773
2019-03-31,IWVL,IWVL_OFFICIAL_NAV,2019-03-29,2019-03-29,2026-08-28T06:45:02.413410+00:00,d50d5d869874811217fd20f8cff339dc3858c9609717a37425844299661aeecc,https://finance.yahoo.com/quote/IS3S.DE/history,26.7450008392334
2019-03-31,SGLD,LBMA_GOLD_PM,2019-03-29,2019-03-29,2026-08-28T06:45:02.413410+00:00,414251d3408c1500fae24f3037a81592774c3046dd7302b673f394f3dbcadb52,https://prices.lbma.org.uk/json/gold_pm.json,1153.722835767723548272176701
2019-03-31,WENE,XDW0_OFFICIAL_NAV,2019-03-29,2019-03-29,2026-08-28T06:45:02.413410+00:00,e475bd216680c21a3641cb1c847764a89810fae0218c9b71fa6de6a3ad3f2f70,https://finance.yahoo.com/quote/XDW0.DE/history,29.354999542236328
2019-04-30,CMOD,CMOD_OFFICIAL_NAV,2019-04-30,2019-04-30,2026-08-28T06:45:02.413410+00:00,8a0e74fe66464799538f3fe38dc7e3a8d44d0007d6953bd8c100de5b29f359cd,https://finance.yahoo.com/quote/CMOD.MI/history,14.934000015258789
2019-04-30,DFNS,FRED_NASDAQNQUSB50201020N,2019-04-30,2019-04-30,2026-08-28T06:45:02.413410+00:00,c84cc23ca82562d27a92626d90fb81e4b0efc18ca3b8123f69ffc5ec095939c0,https://fred.stlouisfed.org/graph/fredgraph.csv?id=NASDAQNQUSB50201020N,3700.196411034729042049816981
2019-04-30,DTEH,DTLE_OFFICIAL_NAV,2019-04-30,2019-04-30,2026-08-28T06:45:02.413410+00:00,a78f8cea4277832f4576b237f6852bd3c97aa9bb5351190fc497eedf31e45727,https://finance.yahoo.com/quote/DTLE.L/history,3.7524476051330566
2019-04-30,EQAC,FRED_NASDAQXNDXNNR,2019-04-30,2019-04-30,2026-08-28T06:45:02.413410+00:00,c7a6f427535c8838870afd10b9902f56163384ad2a2390a4c68f91b36df3b112,https://fred.stlouisfed.org/graph/fredgraph.csv?id=NASDAQXNDXNNR,7766.574412998839389340237479
2019-04-30,EWSA,WSML_OFFICIAL_NAV,2019-04-30,2019-04-30,2026-08-28T06:45:02.413410+00:00,d59d40f4c32a5804609dab01d431ae183bea82f32b1aaa8bfb6371eb3a3299ae,https://finance.yahoo.com/quote/IUSN.DE/history,4.600500106811523
2019-04-30,IBCI,IBCI_OFFICIAL_NAV,2019-04-30,2019-04-30,2026-08-28T06:45:02.413410+00:00,171eff0c4c292e16179e1b51902197d45b4179255d7fce18b0bbc1540eb9632b,https://finance.yahoo.com/quote/IBCI.AS/history,209.6300048828125
2019-04-30,INFR,INFR_OFFICIAL_NAV,2019-04-30,2019-04-30,2026-08-28T06:45:02.413410+00:00,af6bd526b17d603012401b1f741f703084f42346f2e4393175b3290f49bd9bc2,https://finance.yahoo.com/quote/INFR.MI/history,21.761144638061523
2019-04-30,IWVL,IWVL_OFFICIAL_NAV,2019-04-30,2019-04-30,2026-08-28T06:45:02.413410+00:00,d50d5d869874811217fd20f8cff339dc3858c9609717a37425844299661aeecc,https://finance.yahoo.com/quote/IS3S.DE/history,27.295000076293945
2019-04-30,SGLD,LBMA_GOLD_PM,2019-04-30,2019-04-30,2026-08-28T06:45:02.413410+00:00,414251d3408c1500fae24f3037a81592774c3046dd7302b673f394f3dbcadb52,https://prices.lbma.org.uk/json/gold_pm.json,1144.808499241139184001428444
2019-04-30,WENE,XDW0_OFFICIAL_NAV,2019-04-30,2019-04-30,2026-08-28T06:45:02.413410+00:00,e475bd216680c21a3641cb1c847764a89810fae0218c9b71fa6de6a3ad3f2f70,https://finance.yahoo.com/quote/XDW0.DE/history,29.559999465942383
2019-05-31,CMOD,CMOD_OFFICIAL_NAV,2019-05-31,2019-05-31,2026-08-28T06:45:02.413410+00:00,8a0e74fe66464799538f3fe38dc7e3a8d44d0007d6953bd8c100de5b29f359cd,https://finance.yahoo.com/quote/CMOD.MI/history,14.640000343322754
2019-05-31,DFNS,FRED_NASDAQNQUSB50201020N,2019-05-31,2019-05-31,2026-08-28T06:45:02.413410+00:00,c84cc23ca82562d27a92626d90fb81e4b0efc18ca3b8123f69ffc5ec095939c0,https://fred.stlouisfed.org/graph/fredgraph.csv?id=NASDAQNQUSB50201020N,3693.012826262445062337429366
2019-05-31,DTEH,DTLE_OFFICIAL_NAV,2019-05-31,2019-05-31,2026-08-28T06:45:02.413410+00:00,a78f8cea4277832f4576b237f6852bd3c97aa9bb5351190fc497eedf31e45727,https://finance.yahoo.com/quote/DTLE.L/history,3.976414918899536
2019-05-31,EQAC,FRED_NASDAQXNDXNNR,2019-05-31,2019-05-31,2026-08-28T06:45:02.413410+00:00,c7a6f427535c8838870afd10b9902f56163384ad2a2390a4c68f91b36df3b112,https://fred.stlouisfed.org/graph/fredgraph.csv?id=NASDAQXNDXNNR,7155.816665171764283792268365
2019-05-31,EWSA,WSML_OFFICIAL_NAV,2019-05-31,2019-05-31,2026-08-28T06:45:02.413410+00:00,d59d40f4c32a5804609dab01d431ae183bea82f32b1aaa8bfb6371eb3a3299ae,https://finance.yahoo.com/quote/IUSN.DE/history,4.32450008392334
2019-05-31,IBCI,IBCI_OFFICIAL_NAV,2019-05-31,2019-05-31,2026-08-28T06:45:02.413410+00:00,171eff0c4c292e16179e1b51902197d45b4179255d7fce18b0bbc1540eb9632b,https://finance.yahoo.com/quote/IBCI.AS/history,209.6199951171875
2019-05-31,INFR,INFR_OFFICIAL_NAV,2019-05-31,2019-05-31,2026-08-28T06:45:02.413410+00:00,af6bd526b17d603012401b1f741f703084f42346f2e4393175b3290f49bd9bc2,https://finance.yahoo.com/quote/INFR.MI/history,21.724327087402344
2019-05-31,IWVL,IWVL_OFFICIAL_NAV,2019-05-31,2019-05-31,2026-08-28T06:45:02.413410+00:00,d50d5d869874811217fd20f8cff339dc3858c9609717a37425844299661aeecc,https://finance.yahoo.com/quote/IS3S.DE/history,25.28499984741211
2019-05-31,SGLD,LBMA_GOLD_PM,2019-05-31,2019-05-31,2026-08-28T06:45:02.413410+00:00,414251d3408c1500fae24f3037a81592774c3046dd7302b673f394f3dbcadb52,https://prices.lbma.org.uk/json/gold_pm.json,1162.032469279756031931114898
2019-05-31,WENE,XDW0_OFFICIAL_NAV,2019-05-31,2019-05-31,2026-08-28T06:45:02.413410+00:00,e475bd216680c21a3641cb1c847764a89810fae0218c9b71fa6de6a3ad3f2f70,https://finance.yahoo.com/quote/XDW0.DE/history,27.334999084472656
2019-06-30,CMOD,CMOD_OFFICIAL_NAV,2019-06-28,2019-06-28,2026-08-28T06:45:02.413410+00:00,8a0e74fe66464799538f3fe38dc7e3a8d44d0007d6953bd8c100de5b29f359cd,https://finance.yahoo.com/quote/CMOD.MI/history,14.715999603271484
2019-06-30,DFNS,FRED_NASDAQNQUSB50201020N,2019-06-28,2019-06-28,2026-08-28T06:45:02.413410+00:00,c84cc23ca82562d27a92626d90fb81e4b0efc18ca3b8123f69ffc5ec095939c0,https://fred.stlouisfed.org/graph/fredgraph.csv?id=NASDAQNQUSB50201020N,3863.566027782662212062598910
2019-06-30,DTEH,DTLE_OFFICIAL_NAV,2019-06-28,2019-06-28,2026-08-28T06:45:02.413410+00:00,a78f8cea4277832f4576b237f6852bd3c97aa9bb5351190fc497eedf31e45727,https://finance.yahoo.com/quote/DTLE.L/history,4.041029930114746
2019-06-30,EQAC,FRED_NASDAQXNDXNNR,2019-06-28,2019-06-28,2026-08-28T06:45:02.413410+00:00,c7a6f427535c8838870afd10b9902f56163384ad2a2390a4c68f91b36df3b112,https://fred.stlouisfed.org/graph/fredgraph.csv?id=NASDAQXNDXNNR,7552.417794970986460348162476
2019-06-30,EWSA,WSML_OFFICIAL_NAV,2019-06-28,2019-06-28,2026-08-28T06:45:02.413410+00:00,d59d40f4c32a5804609dab01d431ae183bea82f32b1aaa8bfb6371eb3a3299ae,https://finance.yahoo.com/quote/IUSN.DE/history,4.4664998054504395
2019-06-30,IBCI,IBCI_OFFICIAL_NAV,2019-06-28,2019-06-28,2026-08-28T06:45:02.413410+00:00,171eff0c4c292e16179e1b51902197d45b4179255d7fce18b0bbc1540eb9632b,https://finance.yahoo.com/quote/IBCI.AS/history,214.2899932861328
2019-06-30,INFR,INFR_OFFICIAL_NAV,2019-06-28,2019-06-28,2026-08-28T06:45:02.413410+00:00,af6bd526b17d603012401b1f741f703084f42346f2e4393175b3290f49bd9bc2,https://finance.yahoo.com/quote/INFR.MI/history,21.975595474243164
2019-06-30,IWVL,IWVL_OFFICIAL_NAV,2019-06-28,2019-06-28,2026-08-28T06:45:02.413410+00:00,d50d5d869874811217fd20f8cff339dc3858c9609717a37425844299661aeecc,https://finance.yahoo.com/quote/IS3S.DE/history,26.354999542236328
2019-06-30,SGLD,LBMA_GOLD_PM,2019-06-28,2019-06-28,2026-08-28T06:45:02.413410+00:00,414251d3408c1500fae24f3037a81592774c3046dd7302b673f394f3dbcadb52,https://prices.lbma.org.uk/json/gold_pm.json,1238.790223316335502022155794
2019-06-30,WENE,XDW0_OFFICIAL_NAV,2019-06-28,2019-06-28,2026-08-28T06:45:02.413410+00:00,e475bd216680c21a3641cb1c847764a89810fae0218c9b71fa6de6a3ad3f2f70,https://finance.yahoo.com/quote/XDW0.DE/history,28.395000457763672
2019-07-31,CMOD,CMOD_OFFICIAL_NAV,2019-07-31,2019-07-31,2026-08-28T06:45:02.413410+00:00,8a0e74fe66464799538f3fe38dc7e3a8d44d0007d6953bd8c100de5b29f359cd,https://finance.yahoo.com/quote/CMOD.MI/history,14.854000091552734
2019-07-31,DFNS,FRED_NASDAQNQUSB50201020N,2019-07-31,2019-07-31,2026-08-28T06:45:02.413410+00:00,c84cc23ca82562d27a92626d90fb81e4b0efc18ca3b8123f69ffc5ec095939c0,https://fred.stlouisfed.org/graph/fredgraph.csv?id=NASDAQNQUSB50201020N,4053.530997304582210242587601
2019-07-31,DTEH,DTLE_OFFICIAL_NAV,2019-07-31,2019-07-31,2026-08-28T06:45:02.413410+00:00,a78f8cea4277832f4576b237f6852bd3c97aa9bb5351190fc497eedf31e45727,https://finance.yahoo.com/quote/DTLE.L/history,4.0177764892578125
2019-07-31,EQAC,FRED_NASDAQXNDXNNR,2019-07-31,2019-07-31,2026-08-28T06:45:02.413410+00:00,c7a6f427535c8838870afd10b9902f56163384ad2a2390a4c68f91b36df3b112,https://fred.stlouisfed.org/graph/fredgraph.csv?id=NASDAQXNDXNNR,7899.299191374663072776280323
2019-07-31,EWSA,WSML_OFFICIAL_NAV,2019-07-31,2019-07-31,2026-08-28T06:45:02.413410+00:00,d59d40f4c32a5804609dab01d431ae183bea82f32b1aaa8bfb6371eb3a3299ae,https://finance.yahoo.com/quote/IUSN.DE/history,4.642000198364258
2019-07-31,IBCI,IBCI_OFFICIAL_NAV,2019-07-31,2019-07-31,2026-08-28T06:45:02.413410+00:00,171eff0c4c292e16179e1b51902197d45b4179255d7fce18b0bbc1540eb9632b,https://finance.yahoo.com/quote/IBCI.AS/history,220.44000244140625
2019-07-31,INFR,INFR_OFFICIAL_NAV,2019-07-31,2019-07-31,2026-08-28T06:45:02.413410+00:00,af6bd526b17d603012401b1f741f703084f42346f2e4393175b3290f49bd9bc2,https://finance.yahoo.com/quote/INFR.MI/history,22.554800033569336
2019-07-31,IWVL,IWVL_OFFICIAL_NAV,2019-07-31,2019-07-31,2026-08-28T06:45:02.413410+00:00,d50d5d869874811217fd20f8cff339dc3858c9609717a37425844299661aeecc,https://finance.yahoo.com/quote/IS3S.DE/history,27.020000457763672
2019-07-31,SGLD,LBMA_GOLD_PM,2019-07-31,2019-07-31,2026-08-28T06:45:02.413410+00:00,414251d3408c1500fae24f3037a81592774c3046dd7302b673f394f3dbcadb52,https://prices.lbma.org.uk/json/gold_pm.json,1282.614555256064690026954178
2019-07-31,WENE,XDW0_OFFICIAL_NAV,2019-07-31,2019-07-31,2026-08-28T06:45:02.413410+00:00,e475bd216680c21a3641cb1c847764a89810fae0218c9b71fa6de6a3ad3f2f70,https://finance.yahoo.com/quote/XDW0.DE/history,28.469999313354492
2019-08-31,CMOD,CMOD_OFFICIAL_NAV,2019-08-30,2019-08-30,2026-08-28T06:45:02.413410+00:00,8a0e74fe66464799538f3fe38dc7e3a8d44d0007d6953bd8c100de5b29f359cd,https://finance.yahoo.com/quote/CMOD.MI/history,14.661999702453613
2019-08-31,DFNS,FRED_NASDAQNQUSB50201020N,2019-08-30,2019-08-30,2026-08-28T06:45:02.413410+00:00,c84cc23ca82562d27a92626d90fb81e4b0efc18ca3b8123f69ffc5ec095939c0,https://fred.stlouisfed.org/graph/fredgraph.csv?id=NASDAQNQUSB50201020N,4272.954772954772954772954773
2019-08-31,DTEH,DTLE_OFFICIAL_NAV,2019-08-30,2019-08-30,2026-08-28T06:45:02.413410+00:00,a78f8cea4277832f4576b237f6852bd3c97aa9bb5351190fc497eedf31e45727,https://finance.yahoo.com/quote/DTLE.L/history,4.453551292419434
2019-08-31,EQAC,FRED_NASDAQXNDXNNR,2019-08-30,2019-08-30,2026-08-28T06:45:02.413410+00:00,c7a6f427535c8838870afd10b9902f56163384ad2a2390a4c68f91b36df3b112,https://fred.stlouisfed.org/graph/fredgraph.csv?id=NASDAQXNDXNNR,7848.157248157248157248157248
2019-08-31,EWSA,WSML_OFFICIAL_NAV,2019-08-30,2019-08-30,2026-08-28T06:45:02.413410+00:00,d59d40f4c32a5804609dab01d431ae183bea82f32b1aaa8bfb6371eb3a3299ae,https://finance.yahoo.com/quote/IUSN.DE/history,4.480999946594238
2019-08-31,IBCI,IBCI_OFFICIAL_NAV,2019-08-30,2019-08-30,2026-08-28T06:45:02.413410+00:00,171eff0c4c292e16179e1b51902197d45b4179255d7fce18b0bbc1540eb9632b,https://finance.yahoo.com/quote/IBCI.AS/history,223.3800048828125
2019-08-31,INFR,INFR_OFFICIAL_NAV,2019-08-30,2019-08-30,2026-08-28T06:45:02.413410+00:00,af6bd526b17d603012401b1f741f703084f42346f2e4393175b3290f49bd9bc2,https://finance.yahoo.com/quote/INFR.MI/history,22.88973617553711
2019-08-31,IWVL,IWVL_OFFICIAL_NAV,2019-08-30,2019-08-30,2026-08-28T06:45:02.413410+00:00,d50d5d869874811217fd20f8cff339dc3858c9609717a37425844299661aeecc,https://finance.yahoo.com/quote/IS3S.DE/history,26.06999969482422
2019-08-31,SGLD,LBMA_GOLD_PM,2019-08-30,2019-08-30,2026-08-28T06:45:02.413410+00:00,414251d3408c1500fae24f3037a81592774c3046dd7302b673f394f3dbcadb52,https://prices.lbma.org.uk/json/gold_pm.json,1390.845390845390845390845391
2019-08-31,WENE,XDW0_OFFICIAL_NAV,2019-08-30,2019-08-30,2026-08-28T06:45:02.413410+00:00,e475bd216680c21a3641cb1c847764a89810fae0218c9b71fa6de6a3ad3f2f70,https://finance.yahoo.com/quote/XDW0.DE/history,26.4950008392334
2019-09-30,CMOD,CMOD_OFFICIAL_NAV,2019-09-30,2019-09-30,2026-08-28T06:45:02.413410+00:00,8a0e74fe66464799538f3fe38dc7e3a8d44d0007d6953bd8c100de5b29f359cd,https://finance.yahoo.com/quote/CMOD.MI/history,14.96399974822998
2019-09-30,DFNS,FRED_NASDAQNQUSB50201020N,2019-09-30,2019-09-30,2026-08-28T06:45:02.413410+00:00,c84cc23ca82562d27a92626d90fb81e4b0efc18ca3b8123f69ffc5ec095939c0,https://fred.stlouisfed.org/graph/fredgraph.csv?id=NASDAQNQUSB50201020N,4357.569922054103622191655204
2019-09-30,DTEH,DTLE_OFFICIAL_NAV,2019-09-30,2019-09-30,2026-08-28T06:45:02.413410+00:00,a78f8cea4277832f4576b237f6852bd3c97aa9bb5351190fc497eedf31e45727,https://finance.yahoo.com/quote/DTLE.L/history,4.31443977355957
2019-09-30,EQAC,FRED_NASDAQXNDXNNR,2019-09-30,2019-09-30,2026-08-28T06:45:02.413410+00:00,c7a6f427535c8838870afd10b9902f56163384ad2a2390a4c68f91b36df3b112,https://fred.stlouisfed.org/graph/fredgraph.csv?id=NASDAQXNDXNNR,7972.443833104080696928014672
2019-09-30,EWSA,WSML_OFFICIAL_NAV,2019-09-30,2019-09-30,2026-08-28T06:45:02.413410+00:00,d59d40f4c32a5804609dab01d431ae183bea82f32b1aaa8bfb6371eb3a3299ae,https://finance.yahoo.com/quote/IUSN.DE/history,4.624499797821045
2019-09-30,IBCI,IBCI_OFFICIAL_NAV,2019-09-30,2019-09-30,2026-08-28T06:45:02.413410+00:00,171eff0c4c292e16179e1b51902197d45b4179255d7fce18b0bbc1540eb9632b,https://finance.yahoo.com/quote/IBCI.AS/history,222.17999267578125
2019-09-30,INFR,INFR_OFFICIAL_NAV,2019-09-30,2019-09-30,2026-08-28T06:45:02.413410+00:00,af6bd526b17d603012401b1f741f703084f42346f2e4393175b3290f49bd9bc2,https://finance.yahoo.com/quote/INFR.MI/history,23.627286911010742
2019-09-30,IWVL,IWVL_OFFICIAL_NAV,2019-09-30,2019-09-30,2026-08-28T06:45:02.413410+00:00,d50d5d869874811217fd20f8cff339dc3858c9609717a37425844299661aeecc,https://finance.yahoo.com/quote/IS3S.DE/history,27.6200008392334
2019-09-30,SGLD,LBMA_GOLD_PM,2019-09-30,2019-09-30,2026-08-28T06:45:02.413410+00:00,414251d3408c1500fae24f3037a81592774c3046dd7302b673f394f3dbcadb52,https://prices.lbma.org.uk/json/gold_pm.json,1362.035763411279229711141678
2019-09-30,WENE,XDW0_OFFICIAL_NAV,2019-09-30,2019-09-30,2026-08-28T06:45:02.413410+00:00,e475bd216680c21a3641cb1c847764a89810fae0218c9b71fa6de6a3ad3f2f70,https://finance.yahoo.com/quote/XDW0.DE/history,28.100000381469727
2019-10-31,CMOD,CMOD_OFFICIAL_NAV,2019-10-31,2019-10-31,2026-08-28T06:45:02.413410+00:00,8a0e74fe66464799538f3fe38dc7e3a8d44d0007d6953bd8c100de5b29f359cd,https://finance.yahoo.com/quote/CMOD.MI/history,14.878000259399414
2019-10-31,DFNS,FRED_NASDAQNQUSB50201020N,2019-10-31,2019-10-31,2026-08-28T06:45:02.413410+00:00,c84cc23ca82562d27a92626d90fb81e4b0efc18ca3b8123f69ffc5ec095939c0,https://fred.stlouisfed.org/graph/fredgraph.csv?id=NASDAQNQUSB50201020N,4118.269834155087404751232631
2019-10-31,DTEH,DTLE_OFFICIAL_NAV,2019-10-31,2019-10-31,2026-08-28T06:45:02.413410+00:00,a78f8cea4277832f4576b237f6852bd3c97aa9bb5351190fc497eedf31e45727,https://finance.yahoo.com/quote/DTLE.L/history,4.276756763458252
2019-10-31,EQAC,FRED_NASDAQXNDXNNR,2019-10-31,2019-10-31,2026-08-28T06:45:02.413410+00:00,c7a6f427535c8838870afd10b9902f56163384ad2a2390a4c68f91b36df3b112,https://fred.stlouisfed.org/graph/fredgraph.csv?id=NASDAQXNDXNNR,8133.061407440609592111160914
2019-10-31,EWSA,WSML_OFFICIAL_NAV,2019-10-31,2019-10-31,2026-08-28T06:45:02.413410+00:00,d59d40f4c32a5804609dab01d431ae183bea82f32b1aaa8bfb6371eb3a3299ae,https://finance.yahoo.com/quote/IUSN.DE/history,4.639500141143799
2019-10-31,IBCI,IBCI_OFFICIAL_NAV,2019-10-31,2019-10-31,2026-08-28T06:45:02.413410+00:00,171eff0c4c292e16179e1b51902197d45b4179255d7fce18b0bbc1540eb9632b,https://finance.yahoo.com/quote/IBCI.AS/history,221.3699951171875
2019-10-31,INFR,INFR_OFFICIAL_NAV,2019-10-31,2019-10-31,2026-08-28T06:45:02.413410+00:00,af6bd526b17d603012401b1f741f703084f42346f2e4393175b3290f49bd9bc2,https://finance.yahoo.com/quote/INFR.MI/history,23.12558364868164
2019-10-31,IWVL,IWVL_OFFICIAL_NAV,2019-10-31,2019-10-31,2026-08-28T06:45:02.413410+00:00,d50d5d869874811217fd20f8cff339dc3858c9609717a37425844299661aeecc,https://finance.yahoo.com/quote/IS3S.DE/history,27.90999984741211
2019-10-31,SGLD,LBMA_GOLD_PM,2019-10-31,2019-10-31,2026-08-28T06:45:02.413410+00:00,414251d3408c1500fae24f3037a81592774c3046dd7302b673f394f3dbcadb52,https://prices.lbma.org.uk/json/gold_pm.json,1354.504706409681757059614523
2019-10-31,WENE,XDW0_OFFICIAL_NAV,2019-10-31,2019-10-31,2026-08-28T06:45:02.413410+00:00,e475bd216680c21a3641cb1c847764a89810fae0218c9b71fa6de6a3ad3f2f70,https://finance.yahoo.com/quote/XDW0.DE/history,26.885000228881836
2019-11-30,CMOD,CMOD_OFFICIAL_NAV,2019-11-29,2019-11-29,2026-08-28T06:45:02.413410+00:00,8a0e74fe66464799538f3fe38dc7e3a8d44d0007d6953bd8c100de5b29f359cd,https://finance.yahoo.com/quote/CMOD.MI/history,14.755999565124512
2019-11-30,DFNS,FRED_NASDAQNQUSB50201020N,2019-11-29,2019-11-29,2026-08-28T06:45:02.413410+00:00,c84cc23ca82562d27a92626d90fb81e4b0efc18ca3b8123f69ffc5ec095939c0,https://fred.stlouisfed.org/graph/fredgraph.csv?id=NASDAQNQUSB50201020N,4308.948180415645702876849079
2019-11-30,DTEH,DTLE_OFFICIAL_NAV,2019-11-29,2019-11-29,2026-08-28T06:45:02.413410+00:00,a78f8cea4277832f4576b237f6852bd3c97aa9bb5351190fc497eedf31e45727,https://finance.yahoo.com/quote/DTLE.L/history,4.247891902923584
2019-11-30,EQAC,FRED_NASDAQXNDXNNR,2019-11-29,2019-11-29,2026-08-28T06:45:02.413410+00:00,c7a6f427535c8838870afd10b9902f56163384ad2a2390a4c68f91b36df3b112,https://fred.stlouisfed.org/graph/fredgraph.csv?id=NASDAQXNDXNNR,8567.628641437517016063163626
2019-11-30,EWSA,WSML_OFFICIAL_NAV,2019-11-29,2019-11-29,2026-08-28T06:45:02.413410+00:00,d59d40f4c32a5804609dab01d431ae183bea82f32b1aaa8bfb6371eb3a3299ae,https://finance.yahoo.com/quote/IUSN.DE/history,4.858500003814697
2019-11-30,IBCI,IBCI_OFFICIAL_NAV,2019-11-29,2019-11-29,2026-08-28T06:45:02.413410+00:00,171eff0c4c292e16179e1b51902197d45b4179255d7fce18b0bbc1540eb9632b,https://finance.yahoo.com/quote/IBCI.AS/history,219.74000549316406
2019-11-30,INFR,INFR_OFFICIAL_NAV,2019-11-29,2019-11-29,2026-08-28T06:45:02.413410+00:00,af6bd526b17d603012401b1f741f703084f42346f2e4393175b3290f49bd9bc2,https://finance.yahoo.com/quote/INFR.MI/history,23.268802642822266
2019-11-30,IWVL,IWVL_OFFICIAL_NAV,2019-11-29,2019-11-29,2026-08-28T06:45:02.413410+00:00,d50d5d869874811217fd20f8cff339dc3858c9609717a37425844299661aeecc,https://finance.yahoo.com/quote/IS3S.DE/history,28.93000030517578
2019-11-30,SGLD,LBMA_GOLD_PM,2019-11-29,2019-11-29,2026-08-28T06:45:02.413410+00:00,414251d3408c1500fae24f3037a81592774c3046dd7302b673f394f3dbcadb52,https://prices.lbma.org.uk/json/gold_pm.json,1325.120246846356293674562120
2019-11-30,WENE,XDW0_OFFICIAL_NAV,2019-11-29,2019-11-29,2026-08-28T06:45:02.413410+00:00,e475bd216680c21a3641cb1c847764a89810fae0218c9b71fa6de6a3ad3f2f70,https://finance.yahoo.com/quote/XDW0.DE/history,27.604999542236328
2019-12-31,CMOD,CMOD_OFFICIAL_NAV,2019-12-30,2019-12-30,2026-08-28T06:45:02.413410+00:00,8a0e74fe66464799538f3fe38dc7e3a8d44d0007d6953bd8c100de5b29f359cd,https://finance.yahoo.com/quote/CMOD.MI/history,15.234000205993652
2019-12-31,DFNS,FRED_NASDAQNQUSB50201020N,2019-12-31,2019-12-31,2026-08-28T06:45:02.413410+00:00,c84cc23ca82562d27a92626d90fb81e4b0efc18ca3b8123f69ffc5ec095939c0,https://fred.stlouisfed.org/graph/fredgraph.csv?id=NASDAQNQUSB50201020N,4181.491048365547341230961076
2019-12-31,DTEH,DTLE_OFFICIAL_NAV,2019-12-31,2019-12-31,2026-08-28T06:45:02.413410+00:00,a78f8cea4277832f4576b237f6852bd3c97aa9bb5351190fc497eedf31e45727,https://finance.yahoo.com/quote/DTLE.L/history,4.14332914352417
2019-12-31,EQAC,FRED_NASDAQXNDXNNR,2019-12-31,2019-12-31,2026-08-28T06:45:02.413410+00:00,c7a6f427535c8838870afd10b9902f56163384ad2a2390a4c68f91b36df3b112,https://fred.stlouisfed.org/graph/fredgraph.csv?id=NASDAQXNDXNNR,8742.522490424868620290371426
2019-12-31,EWSA,WSML_OFFICIAL_NAV,2019-12-30,2019-12-30,2026-08-28T06:45:02.413410+00:00,d59d40f4c32a5804609dab01d431ae183bea82f32b1aaa8bfb6371eb3a3299ae,https://finance.yahoo.com/quote/IUSN.DE/history,4.956999778747559
2019-12-31,IBCI,IBCI_OFFICIAL_NAV,2019-12-31,2019-12-31,2026-08-28T06:45:02.413410+00:00,171eff0c4c292e16179e1b51902197d45b4179255d7fce18b0bbc1540eb9632b,https://finance.yahoo.com/quote/IBCI.AS/history,219.4199981689453
2019-12-31,INFR,INFR_OFFICIAL_NAV,2019-12-30,2019-12-30,2026-08-28T06:45:02.413410+00:00,af6bd526b17d603012401b1f741f703084f42346f2e4393175b3290f49bd9bc2,https://finance.yahoo.com/quote/INFR.MI/history,23.60053253173828
2019-12-31,IWVL,IWVL_OFFICIAL_NAV,2019-12-30,2019-12-30,2026-08-28T06:45:02.413410+00:00,d50d5d869874811217fd20f8cff339dc3858c9609717a37425844299661aeecc,https://finance.yahoo.com/quote/IS3S.DE/history,29.375
2019-12-31,SGLD,LBMA_GOLD_PM,2019-12-30,2019-12-30,2026-08-28T06:45:02.413410+00:00,414251d3408c1500fae24f3037a81592774c3046dd7302b673f394f3dbcadb52,https://prices.lbma.org.uk/json/gold_pm.json,1349.202814643270686737329652
2019-12-31,WENE,XDW0_OFFICIAL_NAV,2019-12-30,2019-12-30,2026-08-28T06:45:02.413410+00:00,e475bd216680c21a3641cb1c847764a89810fae0218c9b71fa6de6a3ad3f2f70,https://finance.yahoo.com/quote/XDW0.DE/history,28.65999984741211
2020-01-31,CMOD,CMOD_OFFICIAL_NAV,2020-01-31,2020-01-31,2026-08-28T06:45:02.413410+00:00,8a0e74fe66464799538f3fe38dc7e3a8d44d0007d6953bd8c100de5b29f359cd,https://finance.yahoo.com/quote/CMOD.MI/history,14.241999626159668
2020-01-31,DFNS,FRED_NASDAQNQUSB50201020N,2020-01-31,2020-01-31,2026-08-28T06:45:02.413410+00:00,c84cc23ca82562d27a92626d90fb81e4b0efc18ca3b8123f69ffc5ec095939c0,https://fred.stlouisfed.org/graph/fredgraph.csv?id=NASDAQNQUSB50201020N,4531.862479696805630752571738
2020-01-31,DTEH,DTLE_OFFICIAL_NAV,2020-01-31,2020-01-31,2026-08-28T06:45:02.413410+00:00,a78f8cea4277832f4576b237f6852bd3c97aa9bb5351190fc497eedf31e45727,https://finance.yahoo.com/quote/DTLE.L/history,4.415980339050293
2020-01-31,EQAC,FRED_NASDAQXNDXNNR,2020-01-31,2020-01-31,2026-08-28T06:45:02.413410+00:00,c7a6f427535c8838870afd10b9902f56163384ad2a2390a4c68f91b36df3b112,https://fred.stlouisfed.org/graph/fredgraph.csv?id=NASDAQXNDXNNR,9121.873308067135896047644829
2020-01-31,EWSA,WSML_OFFICIAL_NAV,2020-01-31,2020-01-31,2026-08-28T06:45:02.413410+00:00,d59d40f4c32a5804609dab01d431ae183bea82f32b1aaa8bfb6371eb3a3299ae,https://finance.yahoo.com/quote/IUSN.DE/history,4.8414998054504395
2020-01-31,IBCI,IBCI_OFFICIAL_NAV,2020-01-31,2020-01-31,2026-08-28T06:45:02.413410+00:00,171eff0c4c292e16179e1b51902197d45b4179255d7fce18b0bbc1540eb9632b,https://finance.yahoo.com/quote/IBCI.AS/history,223.55999755859375
2020-01-31,INFR,INFR_OFFICIAL_NAV,2020-01-31,2020-01-31,2026-08-28T06:45:02.413410+00:00,af6bd526b17d603012401b1f741f703084f42346f2e4393175b3290f49bd9bc2,https://finance.yahoo.com/quote/INFR.MI/history,24.703439712524414
2020-01-31,IWVL,IWVL_OFFICIAL_NAV,2020-01-31,2020-01-31,2026-08-28T06:45:02.413410+00:00,d50d5d869874811217fd20f8cff339dc3858c9609717a37425844299661aeecc,https://finance.yahoo.com/quote/IS3S.DE/history,28.4950008392334
2020-01-31,SGLD,LBMA_GOLD_PM,2020-01-31,2020-01-31,2026-08-28T06:45:02.413410+00:00,414251d3408c1500fae24f3037a81592774c3046dd7302b673f394f3dbcadb52,https://prices.lbma.org.uk/json/gold_pm.json,1429.525356433856704565962823
2020-01-31,WENE,XDW0_OFFICIAL_NAV,2020-01-31,2020-01-31,2026-08-28T06:45:02.413410+00:00,e475bd216680c21a3641cb1c847764a89810fae0218c9b71fa6de6a3ad3f2f70,https://finance.yahoo.com/quote/XDW0.DE/history,26.34000015258789
2020-02-29,CMOD,CMOD_OFFICIAL_NAV,2020-02-28,2020-02-28,2026-08-28T06:45:02.413410+00:00,8a0e74fe66464799538f3fe38dc7e3a8d44d0007d6953bd8c100de5b29f359cd,https://finance.yahoo.com/quote/CMOD.MI/history,13.571999549865723
2020-02-29,DFNS,FRED_NASDAQNQUSB50201020N,2020-02-28,2020-02-28,2026-08-28T06:45:02.413410+00:00,c84cc23ca82562d27a92626d90fb81e4b0efc18ca3b8123f69ffc5ec095939c0,https://fred.stlouisfed.org/graph/fredgraph.csv?id=NASDAQNQUSB50201020N,4004.408690119080083628761022
2020-02-29,DTEH,DTLE_OFFICIAL_NAV,2020-02-28,2020-02-28,2026-08-28T06:45:02.413410+00:00,a78f8cea4277832f4576b237f6852bd3c97aa9bb5351190fc497eedf31e45727,https://finance.yahoo.com/quote/DTLE.L/history,4.714598178863525
2020-02-29,EQAC,FRED_NASDAQXNDXNNR,2020-02-28,2020-02-28,2026-08-28T06:45:02.413410+00:00,c7a6f427535c8838870afd10b9902f56163384ad2a2390a4c68f91b36df3b112,https://fred.stlouisfed.org/graph/fredgraph.csv?id=NASDAQXNDXNNR,8655.076811198981910735387692
2020-02-29,EWSA,WSML_OFFICIAL_NAV,2020-02-28,2020-02-28,2026-08-28T06:45:02.413410+00:00,d59d40f4c32a5804609dab01d431ae183bea82f32b1aaa8bfb6371eb3a3299ae,https://finance.yahoo.com/quote/IUSN.DE/history,4.377999782562256
2020-02-29,IBCI,IBCI_OFFICIAL_NAV,2020-02-28,2020-02-28,2026-08-28T06:45:02.413410+00:00,171eff0c4c292e16179e1b51902197d45b4179255d7fce18b0bbc1540eb9632b,https://finance.yahoo.com/quote/IBCI.AS/history,220.58999633789062
2020-02-29,INFR,INFR_OFFICIAL_NAV,2020-02-28,2020-02-28,2026-08-28T06:45:02.413410+00:00,af6bd526b17d603012401b1f741f703084f42346f2e4393175b3290f49bd9bc2,https://finance.yahoo.com/quote/INFR.MI/history,22.492799758911133
2020-02-29,IWVL,IWVL_OFFICIAL_NAV,2020-02-28,2020-02-28,2026-08-28T06:45:02.413410+00:00,d50d5d869874811217fd20f8cff339dc3858c9609717a37425844299661aeecc,https://finance.yahoo.com/quote/IS3S.DE/history,25.864999771118164
2020-02-29,SGLD,LBMA_GOLD_PM,2020-02-28,2020-02-28,2026-08-28T06:45:02.413410+00:00,414251d3408c1500fae24f3037a81592774c3046dd7302b673f394f3dbcadb52,https://prices.lbma.org.uk/json/gold_pm.json,1463.366966639396418507408417
2020-02-29,WENE,XDW0_OFFICIAL_NAV,2020-02-28,2020-02-28,2026-08-28T06:45:02.413410+00:00,e475bd216680c21a3641cb1c847764a89810fae0218c9b71fa6de6a3ad3f2f70,https://finance.yahoo.com/quote/XDW0.DE/history,22.399999618530273
2020-03-31,CMOD,CMOD_OFFICIAL_NAV,2020-03-31,2020-03-31,2026-08-28T06:45:02.413410+00:00,8a0e74fe66464799538f3fe38dc7e3a8d44d0007d6953bd8c100de5b29f359cd,https://finance.yahoo.com/quote/CMOD.MI/history,11.92199993133545
2020-03-31,DFNS,FRED_NASDAQNQUSB50201020N,2020-03-31,2020-03-31,2026-08-28T06:45:02.413410+00:00,c84cc23ca82562d27a92626d90fb81e4b0efc18ca3b8123f69ffc5ec095939c0,https://fred.stlouisfed.org/graph/fredgraph.csv?id=NASDAQNQUSB50201020N,3573.075526506899055918663762
2020-03-31,DTEH,DTLE_OFFICIAL_NAV,2020-03-31,2020-03-31,2026-08-28T06:45:02.413410+00:00,a78f8cea4277832f4576b237f6852bd3c97aa9bb5351190fc497eedf31e45727,https://finance.yahoo.com/quote/DTLE.L/history,5.004696846008301
2020-03-31,EQAC,FRED_NASDAQXNDXNNR,2020-03-31,2020-03-31,2026-08-28T06:45:02.413410+00:00,c7a6f427535c8838870afd10b9902f56163384ad2a2390a4c68f91b36df3b112,https://fred.stlouisfed.org/graph/fredgraph.csv?id=NASDAQXNDXNNR,7986.474219317356572258533043
2020-03-31,EWSA,WSML_OFFICIAL_NAV,2020-03-31,2020-03-31,2026-08-28T06:45:02.413410+00:00,d59d40f4c32a5804609dab01d431ae183bea82f32b1aaa8bfb6371eb3a3299ae,https://finance.yahoo.com/quote/IUSN.DE/history,3.563499927520752
2020-03-31,IBCI,IBCI_OFFICIAL_NAV,2020-03-31,2020-03-31,2026-08-28T06:45:02.413410+00:00,171eff0c4c292e16179e1b51902197d45b4179255d7fce18b0bbc1540eb9632b,https://finance.yahoo.com/quote/IBCI.AS/history,208.42999267578125
2020-03-31,INFR,INFR_OFFICIAL_NAV,2020-03-31,2020-03-31,2026-08-28T06:45:02.413410+00:00,af6bd526b17d603012401b1f741f703084f42346f2e4393175b3290f49bd9bc2,https://finance.yahoo.com/quote/INFR.MI/history,20.047935485839844
2020-03-31,IWVL,IWVL_OFFICIAL_NAV,2020-03-31,2020-03-31,2026-08-28T06:45:02.413410+00:00,d50d5d869874811217fd20f8cff339dc3858c9609717a37425844299661aeecc,https://finance.yahoo.com/quote/IS3S.DE/history,22.114999771118164
2020-03-31,SGLD,LBMA_GOLD_PM,2020-03-31,2020-03-31,2026-08-28T06:45:02.413410+00:00,414251d3408c1500fae24f3037a81592774c3046dd7302b673f394f3dbcadb52,https://prices.lbma.org.uk/json/gold_pm.json,1460.557371096586782861292665
2020-03-31,WENE,XDW0_OFFICIAL_NAV,2020-03-31,2020-03-31,2026-08-28T06:45:02.413410+00:00,e475bd216680c21a3641cb1c847764a89810fae0218c9b71fa6de6a3ad3f2f70,https://finance.yahoo.com/quote/XDW0.DE/history,16.393999099731445
2020-04-30,CMOD,CMOD_OFFICIAL_NAV,2020-04-30,2020-04-30,2026-08-28T06:45:02.413410+00:00,8a0e74fe66464799538f3fe38dc7e3a8d44d0007d6953bd8c100de5b29f359cd,https://finance.yahoo.com/quote/CMOD.MI/history,11.751999855041504
2020-04-30,DFNS,FRED_NASDAQNQUSB50201020N,2020-04-30,2020-04-30,2026-08-28T06:45:02.413410+00:00,c84cc23ca82562d27a92626d90fb81e4b0efc18ca3b8123f69ffc5ec095939c0,https://fred.stlouisfed.org/graph/fredgraph.csv?id=NASDAQNQUSB50201020N,3982.888238522041338942747393
2020-04-30,DTEH,DTLE_OFFICIAL_NAV,2020-04-30,2020-04-30,2026-08-28T06:45:02.413410+00:00,a78f8cea4277832f4576b237f6852bd3c97aa9bb5351190fc497eedf31e45727,https://finance.yahoo.com/quote/DTLE.L/history,5.106130123138428
2020-04-30,EQAC,FRED_NASDAQXNDXNNR,2020-04-30,2020-04-30,2026-08-28T06:45:02.413410+00:00,c7a6f427535c8838870afd10b9902f56163384ad2a2390a4c68f91b36df3b112,https://fred.stlouisfed.org/graph/fredgraph.csv?id=NASDAQXNDXNNR,9271.053594293030912749222608
2020-04-30,EWSA,WSML_OFFICIAL_NAV,2020-04-30,2020-04-30,2026-08-28T06:45:02.413410+00:00,d59d40f4c32a5804609dab01d431ae183bea82f32b1aaa8bfb6371eb3a3299ae,https://finance.yahoo.com/quote/IUSN.DE/history,4.021999835968018
2020-04-30,IBCI,IBCI_OFFICIAL_NAV,2020-04-30,2020-04-30,2026-08-28T06:45:02.413410+00:00,171eff0c4c292e16179e1b51902197d45b4179255d7fce18b0bbc1540eb9632b,https://finance.yahoo.com/quote/IBCI.AS/history,209.52000427246094
2020-04-30,INFR,INFR_OFFICIAL_NAV,2020-04-30,2020-04-30,2026-08-28T06:45:02.413410+00:00,af6bd526b17d603012401b1f741f703084f42346f2e4393175b3290f49bd9bc2,https://finance.yahoo.com/quote/INFR.MI/history,21.224929809570312
2020-04-30,IWVL,IWVL_OFFICIAL_NAV,2020-04-30,2020-04-30,2026-08-28T06:45:02.413410+00:00,d50d5d869874811217fd20f8cff339dc3858c9609717a37425844299661aeecc,https://finance.yahoo.com/quote/IS3S.DE/history,23.56999969482422
2020-04-30,SGLD,LBMA_GOLD_PM,2020-04-30,2020-04-30,2026-08-28T06:45:02.413410+00:00,414251d3408c1500fae24f3037a81592774c3046dd7302b673f394f3dbcadb52,https://prices.lbma.org.uk/json/gold_pm.json,1557.298335467349551856594110
2020-04-30,WENE,XDW0_OFFICIAL_NAV,2020-04-30,2020-04-30,2026-08-28T06:45:02.413410+00:00,e475bd216680c21a3641cb1c847764a89810fae0218c9b71fa6de6a3ad3f2f70,https://finance.yahoo.com/quote/XDW0.DE/history,18.97599983215332
2020-05-31,CMOD,CMOD_OFFICIAL_NAV,2020-05-29,2020-05-29,2026-08-28T06:45:02.413410+00:00,8a0e74fe66464799538f3fe38dc7e3a8d44d0007d6953bd8c100de5b29f359cd,https://finance.yahoo.com/quote/CMOD.MI/history,11.920000076293945
2020-05-31,DFNS,FRED_NASDAQNQUSB50201020N,2020-05-29,2020-05-29,2026-08-28T06:45:02.413410+00:00,c84cc23ca82562d27a92626d90fb81e4b0efc18ca3b8123f69ffc5ec095939c0,https://fred.stlouisfed.org/graph/fredgraph.csv?id=NASDAQNQUSB50201020N,4045.655892680291707931934816
2020-05-31,DTEH,DTLE_OFFICIAL_NAV,2020-05-29,2020-05-29,2026-08-28T06:45:02.413410+00:00,a78f8cea4277832f4576b237f6852bd3c97aa9bb5351190fc497eedf31e45727,https://finance.yahoo.com/quote/DTLE.L/history,4.928419589996338
2020-05-31,EQAC,FRED_NASDAQXNDXNNR,2020-05-29,2020-05-29,2026-08-28T06:45:02.413410+00:00,c7a6f427535c8838870afd10b9902f56163384ad2a2390a4c68f91b36df3b112,https://fred.stlouisfed.org/graph/fredgraph.csv?id=NASDAQXNDXNNR,9698.631493652651481047987755
2020-05-31,EWSA,WSML_OFFICIAL_NAV,2020-05-29,2020-05-29,2026-08-28T06:45:02.413410+00:00,d59d40f4c32a5804609dab01d431ae183bea82f32b1aaa8bfb6371eb3a3299ae,https://finance.yahoo.com/quote/IUSN.DE/history,4.202000141143799
2020-05-31,IBCI,IBCI_OFFICIAL_NAV,2020-05-29,2020-05-29,2026-08-28T06:45:02.413410+00:00,171eff0c4c292e16179e1b51902197d45b4179255d7fce18b0bbc1540eb9632b,https://finance.yahoo.com/quote/IBCI.AS/history,210.58999633789062
2020-05-31,INFR,INFR_OFFICIAL_NAV,2020-05-29,2020-05-29,2026-08-28T06:45:02.413410+00:00,af6bd526b17d603012401b1f741f703084f42346f2e4393175b3290f49bd9bc2,https://finance.yahoo.com/quote/INFR.MI/history,21.717687606811523
2020-05-31,IWVL,IWVL_OFFICIAL_NAV,2020-05-29,2020-05-29,2026-08-28T06:45:02.413410+00:00,d50d5d869874811217fd20f8cff339dc3858c9609717a37425844299661aeecc,https://finance.yahoo.com/quote/IS3S.DE/history,23.725000381469727
2020-05-31,SGLD,LBMA_GOLD_PM,2020-05-29,2020-05-29,2026-08-28T06:45:02.413410+00:00,414251d3408c1500fae24f3037a81592774c3046dd7302b673f394f3dbcadb52,https://prices.lbma.org.uk/json/gold_pm.json,1556.405870171963626541820474
2020-05-31,WENE,XDW0_OFFICIAL_NAV,2020-05-29,2020-05-29,2026-08-28T06:45:02.413410+00:00,e475bd216680c21a3641cb1c847764a89810fae0218c9b71fa6de6a3ad3f2f70,https://finance.yahoo.com/quote/XDW0.DE/history,18.643999099731445
2020-06-30,CMOD,CMOD_OFFICIAL_NAV,2020-06-30,2020-06-30,2026-08-28T06:45:02.413410+00:00,8a0e74fe66464799538f3fe38dc7e3a8d44d0007d6953bd8c100de5b29f359cd,https://finance.yahoo.com/quote/CMOD.MI/history,12.161999702453613
2020-06-30,DFNS,FRED_NASDAQNQUSB50201020N,2020-06-30,2020-06-30,2026-08-28T06:45:02.413410+00:00,c84cc23ca82562d27a92626d90fb81e4b0efc18ca3b8123f69ffc5ec095939c0,https://fred.stlouisfed.org/graph/fredgraph.csv?id=NASDAQNQUSB50201020N,3781.107057043694936370917505
2020-06-30,DTEH,DTLE_OFFICIAL_NAV,2020-06-30,2020-06-30,2026-08-28T06:45:02.413410+00:00,a78f8cea4277832f4576b237f6852bd3c97aa9bb5351190fc497eedf31e45727,https://finance.yahoo.com/quote/DTLE.L/history,4.9793219566345215
2020-06-30,EQAC,FRED_NASDAQXNDXNNR,2020-06-30,2020-06-30,2026-08-28T06:45:02.413410+00:00,c7a6f427535c8838870afd10b9902f56163384ad2a2390a4c68f91b36df3b112,https://fred.stlouisfed.org/graph/fredgraph.csv?id=NASDAQXNDXNNR,10194.71389160808044851828780
2020-06-30,EWSA,WSML_OFFICIAL_NAV,2020-06-30,2020-06-30,2026-08-28T06:45:02.413410+00:00,d59d40f4c32a5804609dab01d431ae183bea82f32b1aaa8bfb6371eb3a3299ae,https://finance.yahoo.com/quote/IUSN.DE/history,4.266499996185303
2020-06-30,IBCI,IBCI_OFFICIAL_NAV,2020-06-30,2020-06-30,2026-08-28T06:45:02.413410+00:00,171eff0c4c292e16179e1b51902197d45b4179255d7fce18b0bbc1540eb9632b,https://finance.yahoo.com/quote/IBCI.AS/history,215.33999633789062
2020-06-30,INFR,INFR_OFFICIAL_NAV,2020-06-30,2020-06-30,2026-08-28T06:45:02.413410+00:00,af6bd526b17d603012401b1f741f703084f42346f2e4393175b3290f49bd9bc2,https://finance.yahoo.com/quote/INFR.MI/history,21.025962829589844
2020-06-30,IWVL,IWVL_OFFICIAL_NAV,2020-06-30,2020-06-30,2026-08-28T06:45:02.413410+00:00,d50d5d869874811217fd20f8cff339dc3858c9609717a37425844299661aeecc,https://finance.yahoo.com/quote/IS3S.DE/history,23.739999771118164
2020-06-30,SGLD,LBMA_GOLD_PM,2020-06-30,2020-06-30,2026-08-28T06:45:02.413410+00:00,414251d3408c1500fae24f3037a81592774c3046dd7302b673f394f3dbcadb52,https://prices.lbma.org.uk/json/gold_pm.json,1573.462667971878615288778144
2020-06-30,WENE,XDW0_OFFICIAL_NAV,2020-06-30,2020-06-30,2026-08-28T06:45:02.413410+00:00,e475bd216680c21a3641cb1c847764a89810fae0218c9b71fa6de6a3ad3f2f70,https://finance.yahoo.com/quote/XDW0.DE/history,18.139999389648438
2020-07-31,CMOD,CMOD_OFFICIAL_NAV,2020-07-31,2020-07-31,2026-08-28T06:45:02.413410+00:00,8a0e74fe66464799538f3fe38dc7e3a8d44d0007d6953bd8c100de5b29f359cd,https://finance.yahoo.com/quote/CMOD.MI/history,12.284000396728516
2020-07-31,DFNS,FRED_NASDAQNQUSB50201020N,2020-07-31,2020-07-31,2026-08-28T06:45:02.413410+00:00,c84cc23ca82562d27a92626d90fb81e4b0efc18ca3b8123f69ffc5ec095939c0,https://fred.stlouisfed.org/graph/fredgraph.csv?id=NASDAQNQUSB50201020N,3678.633057012349856200304517
2020-07-31,DTEH,DTLE_OFFICIAL_NAV,2020-07-31,2020-07-31,2026-08-28T06:45:02.413410+00:00,a78f8cea4277832f4576b237f6852bd3c97aa9bb5351190fc497eedf31e45727,https://finance.yahoo.com/quote/DTLE.L/history,5.163619518280029
2020-07-31,EQAC,FRED_NASDAQXNDXNNR,2020-07-31,2020-07-31,2026-08-28T06:45:02.413410+00:00,c7a6f427535c8838870afd10b9902f56163384ad2a2390a4c68f91b36df3b112,https://fred.stlouisfed.org/graph/fredgraph.csv?id=NASDAQXNDXNNR,10407.08847910675012688208425
2020-07-31,EWSA,WSML_OFFICIAL_NAV,2020-07-31,2020-07-31,2026-08-28T06:45:02.413410+00:00,d59d40f4c32a5804609dab01d431ae183bea82f32b1aaa8bfb6371eb3a3299ae,https://finance.yahoo.com/quote/IUSN.DE/history,4.21999979019165
2020-07-31,IBCI,IBCI_OFFICIAL_NAV,2020-07-31,2020-07-31,2026-08-28T06:45:02.413410+00:00,171eff0c4c292e16179e1b51902197d45b4179255d7fce18b0bbc1540eb9632b,https://finance.yahoo.com/quote/IBCI.AS/history,219.16000366210938
2020-07-31,INFR,INFR_OFFICIAL_NAV,2020-07-31,2020-07-31,2026-08-28T06:45:02.413410+00:00,af6bd526b17d603012401b1f741f703084f42346f2e4393175b3290f49bd9bc2,https://finance.yahoo.com/quote/INFR.MI/history,20.547405242919922
2020-07-31,IWVL,IWVL_OFFICIAL_NAV,2020-07-31,2020-07-31,2026-08-28T06:45:02.413410+00:00,d50d5d869874811217fd20f8cff339dc3858c9609717a37425844299661aeecc,https://finance.yahoo.com/quote/IS3S.DE/history,22.145000457763672
2020-07-31,SGLD,LBMA_GOLD_PM,2020-07-31,2020-07-31,2026-08-28T06:45:02.413410+00:00,414251d3408c1500fae24f3037a81592774c3046dd7302b673f394f3dbcadb52,https://prices.lbma.org.uk/json/gold_pm.json,1662.070715614955168330231771
2020-07-31,WENE,XDW0_OFFICIAL_NAV,2020-07-31,2020-07-31,2026-08-28T06:45:02.413410+00:00,e475bd216680c21a3641cb1c847764a89810fae0218c9b71fa6de6a3ad3f2f70,https://finance.yahoo.com/quote/XDW0.DE/history,16.687999725341797
2020-08-31,CMOD,CMOD_OFFICIAL_NAV,2020-08-31,2020-08-31,2026-08-28T06:45:02.413410+00:00,8a0e74fe66464799538f3fe38dc7e3a8d44d0007d6953bd8c100de5b29f359cd,https://finance.yahoo.com/quote/CMOD.MI/history,12.930000305175781
2020-08-31,DFNS,FRED_NASDAQNQUSB50201020N,2020-08-31,2020-08-31,2026-08-28T06:45:02.413410+00:00,c84cc23ca82562d27a92626d90fb81e4b0efc18ca3b8123f69ffc5ec095939c0,https://fred.stlouisfed.org/graph/fredgraph.csv?id=NASDAQNQUSB50201020N,3744.476987447698744769874477
2020-08-31,DTEH,DTLE_OFFICIAL_NAV,2020-08-28,2020-08-28,2026-08-28T06:45:02.413410+00:00,a78f8cea4277832f4576b237f6852bd3c97aa9bb5351190fc497eedf31e45727,https://finance.yahoo.com/quote/DTLE.L/history,4.892496585845947
2020-08-31,EQAC,FRED_NASDAQXNDXNNR,2020-08-31,2020-08-31,2026-08-28T06:45:02.413410+00:00,c7a6f427535c8838870afd10b9902f56163384ad2a2390a4c68f91b36df3b112,https://fred.stlouisfed.org/graph/fredgraph.csv?id=NASDAQXNDXNNR,11441.98326359832635983263598
2020-08-31,EWSA,WSML_OFFICIAL_NAV,2020-08-31,2020-08-31,2026-08-28T06:45:02.413410+00:00,d59d40f4c32a5804609dab01d431ae183bea82f32b1aaa8bfb6371eb3a3299ae,https://finance.yahoo.com/quote/IUSN.DE/history,4.426499843597412
2020-08-31,IBCI,IBCI_OFFICIAL_NAV,2020-08-31,2020-08-31,2026-08-28T06:45:02.413410+00:00,171eff0c4c292e16179e1b51902197d45b4179255d7fce18b0bbc1540eb9632b,https://finance.yahoo.com/quote/IBCI.AS/history,218.50999450683594
2020-08-31,INFR,INFR_OFFICIAL_NAV,2020-08-31,2020-08-31,2026-08-28T06:45:02.413410+00:00,af6bd526b17d603012401b1f741f703084f42346f2e4393175b3290f49bd9bc2,https://finance.yahoo.com/quote/INFR.MI/history,20.629161834716797
2020-08-31,IWVL,IWVL_OFFICIAL_NAV,2020-08-31,2020-08-31,2026-08-28T06:45:02.413410+00:00,d50d5d869874811217fd20f8cff339dc3858c9609717a37425844299661aeecc,https://finance.yahoo.com/quote/IS3S.DE/history,23.125
2020-08-31,SGLD,LBMA_GOLD_PM,2020-08-28,2020-08-28,2026-08-28T06:45:02.413410+00:00,414251d3408c1500fae24f3037a81592774c3046dd7302b673f394f3dbcadb52,https://prices.lbma.org.uk/json/gold_pm.json,1637.949790794979079497907950
2020-08-31,WENE,XDW0_OFFICIAL_NAV,2020-08-31,2020-08-31,2026-08-28T06:45:02.413410+00:00,e475bd216680c21a3641cb1c847764a89810fae0218c9b71fa6de6a3ad3f2f70,https://finance.yahoo.com/quote/XDW0.DE/history,16.972000122070312
2020-09-30,CMOD,CMOD_OFFICIAL_NAV,2020-09-30,2020-09-30,2026-08-28T06:45:02.413410+00:00,8a0e74fe66464799538f3fe38dc7e3a8d44d0007d6953bd8c100de5b29f359cd,https://finance.yahoo.com/quote/CMOD.MI/history,12.680000305175781
2020-09-30,DFNS,FRED_NASDAQNQUSB50201020N,2020-09-30,2020-09-30,2026-08-28T06:45:02.413410+00:00,c84cc23ca82562d27a92626d90fb81e4b0efc18ca3b8123f69ffc5ec095939c0,https://fred.stlouisfed.org/graph/fredgraph.csv?id=NASDAQNQUSB50201020N,3655.028576302994114134607182
2020-09-30,DTEH,DTLE_OFFICIAL_NAV,2020-09-30,2020-09-30,2026-08-28T06:45:02.413410+00:00,a78f8cea4277832f4576b237f6852bd3c97aa9bb5351190fc497eedf31e45727,https://finance.yahoo.com/quote/DTLE.L/history,4.9326324462890625
2020-09-30,EQAC,FRED_NASDAQXNDXNNR,2020-09-30,2020-09-30,2026-08-28T06:45:02.413410+00:00,c7a6f427535c8838870afd10b9902f56163384ad2a2390a4c68f91b36df3b112,https://fred.stlouisfed.org/graph/fredgraph.csv?id=NASDAQXNDXNNR,11000.47769342318519150388126
2020-09-30,EWSA,WSML_OFFICIAL_NAV,2020-09-30,2020-09-30,2026-08-28T06:45:02.413410+00:00,d59d40f4c32a5804609dab01d431ae183bea82f32b1aaa8bfb6371eb3a3299ae,https://finance.yahoo.com/quote/IUSN.DE/history,4.429999828338623
2020-09-30,IBCI,IBCI_OFFICIAL_NAV,2020-09-30,2020-09-30,2026-08-28T06:45:02.413410+00:00,171eff0c4c292e16179e1b51902197d45b4179255d7fce18b0bbc1540eb9632b,https://finance.yahoo.com/quote/IBCI.AS/history,218.6699981689453
2020-09-30,INFR,INFR_OFFICIAL_NAV,2020-09-30,2020-09-30,2026-08-28T06:45:02.413410+00:00,af6bd526b17d603012401b1f741f703084f42346f2e4393175b3290f49bd9bc2,https://finance.yahoo.com/quote/INFR.MI/history,20.9620304107666
2020-09-30,IWVL,IWVL_OFFICIAL_NAV,2020-09-30,2020-09-30,2026-08-28T06:45:02.413410+00:00,d50d5d869874811217fd20f8cff339dc3858c9609717a37425844299661aeecc,https://finance.yahoo.com/quote/IS3S.DE/history,22.875
2020-09-30,SGLD,LBMA_GOLD_PM,2020-09-30,2020-09-30,2026-08-28T06:45:02.413410+00:00,414251d3408c1500fae24f3037a81592774c3046dd7302b673f394f3dbcadb52,https://prices.lbma.org.uk/json/gold_pm.json,1609.570928943103301202763798
2020-09-30,WENE,XDW0_OFFICIAL_NAV,2020-09-30,2020-09-30,2026-08-28T06:45:02.413410+00:00,e475bd216680c21a3641cb1c847764a89810fae0218c9b71fa6de6a3ad3f2f70,https://finance.yahoo.com/quote/XDW0.DE/history,14.916000366210938
2020-10-31,CMOD,CMOD_OFFICIAL_NAV,2020-10-30,2020-10-30,2026-08-28T06:45:02.413410+00:00,8a0e74fe66464799538f3fe38dc7e3a8d44d0007d6953bd8c100de5b29f359cd,https://finance.yahoo.com/quote/CMOD.MI/history,12.984000205993652
2020-10-31,DFNS,FRED_NASDAQNQUSB50201020N,2020-10-30,2020-10-30,2026-08-28T06:45:02.413410+00:00,c84cc23ca82562d27a92626d90fb81e4b0efc18ca3b8123f69ffc5ec095939c0,https://fred.stlouisfed.org/graph/fredgraph.csv?id=NASDAQNQUSB50201020N,3423.877393320168283678200395
2020-10-31,DTEH,DTLE_OFFICIAL_NAV,2020-10-30,2020-10-30,2026-08-28T06:45:02.413410+00:00,a78f8cea4277832f4576b237f6852bd3c97aa9bb5351190fc497eedf31e45727,https://finance.yahoo.com/quote/DTLE.L/history,4.799118518829346
2020-10-31,EQAC,FRED_NASDAQXNDXNNR,2020-10-30,2020-10-30,2026-08-28T06:45:02.413410+00:00,c7a6f427535c8838870afd10b9902f56163384ad2a2390a4c68f91b36df3b112,https://fred.stlouisfed.org/graph/fredgraph.csv?id=NASDAQXNDXNNR,10721.00970206920236970893792
2020-10-31,EWSA,WSML_OFFICIAL_NAV,2020-10-30,2020-10-30,2026-08-28T06:45:02.413410+00:00,d59d40f4c32a5804609dab01d431ae183bea82f32b1aaa8bfb6371eb3a3299ae,https://finance.yahoo.com/quote/IUSN.DE/history,4.447000026702881
2020-10-31,IBCI,IBCI_OFFICIAL_NAV,2020-10-30,2020-10-30,2026-08-28T06:45:02.413410+00:00,171eff0c4c292e16179e1b51902197d45b4179255d7fce18b0bbc1540eb9632b,https://finance.yahoo.com/quote/IBCI.AS/history,220.77000427246094
2020-10-31,INFR,INFR_OFFICIAL_NAV,2020-10-30,2020-10-30,2026-08-28T06:45:02.413410+00:00,af6bd526b17d603012401b1f741f703084f42346f2e4393175b3290f49bd9bc2,https://finance.yahoo.com/quote/INFR.MI/history,20.848148345947266
2020-10-31,IWVL,IWVL_OFFICIAL_NAV,2020-10-30,2020-10-30,2026-08-28T06:45:02.413410+00:00,d50d5d869874811217fd20f8cff339dc3858c9609717a37425844299661aeecc,https://finance.yahoo.com/quote/IS3S.DE/history,22.170000076293945
2020-10-31,SGLD,LBMA_GOLD_PM,2020-10-30,2020-10-30,2026-08-28T06:45:02.413410+00:00,414251d3408c1500fae24f3037a81592774c3046dd7302b673f394f3dbcadb52,https://prices.lbma.org.uk/json/gold_pm.json,1615.737958272516527861251825
2020-10-31,WENE,XDW0_OFFICIAL_NAV,2020-10-30,2020-10-30,2026-08-28T06:45:02.413410+00:00,e475bd216680c21a3641cb1c847764a89810fae0218c9b71fa6de6a3ad3f2f70,https://finance.yahoo.com/quote/XDW0.DE/history,14.026000022888184
2020-11-30,CMOD,CMOD_OFFICIAL_NAV,2020-11-30,2020-11-30,2026-08-28T06:45:02.413410+00:00,8a0e74fe66464799538f3fe38dc7e3a8d44d0007d6953bd8c100de5b29f359cd,https://finance.yahoo.com/quote/CMOD.MI/history,13.163999557495117
2020-11-30,DFNS,FRED_NASDAQNQUSB50201020N,2020-11-30,2020-11-30,2026-08-28T06:45:02.413410+00:00,c84cc23ca82562d27a92626d90fb81e4b0efc18ca3b8123f69ffc5ec095939c0,https://fred.stlouisfed.org/graph/fredgraph.csv?id=NASDAQNQUSB50201020N,3593.923669233344492802142618
2020-11-30,DTEH,DTLE_OFFICIAL_NAV,2020-11-30,2020-11-30,2026-08-28T06:45:02.413410+00:00,a78f8cea4277832f4576b237f6852bd3c97aa9bb5351190fc497eedf31e45727,https://finance.yahoo.com/quote/DTLE.L/history,4.8458075523376465
2020-11-30,EQAC,FRED_NASDAQXNDXNNR,2020-11-30,2020-11-30,2026-08-28T06:45:02.413410+00:00,c7a6f427535c8838870afd10b9902f56163384ad2a2390a4c68f91b36df3b112,https://fred.stlouisfed.org/graph/fredgraph.csv?id=NASDAQXNDXNNR,11608.06829594911282222966187
2020-11-30,EWSA,WSML_OFFICIAL_NAV,2020-11-30,2020-11-30,2026-08-28T06:45:02.413410+00:00,d59d40f4c32a5804609dab01d431ae183bea82f32b1aaa8bfb6371eb3a3299ae,https://finance.yahoo.com/quote/IUSN.DE/history,4.986499786376953
2020-11-30,IBCI,IBCI_OFFICIAL_NAV,2020-11-30,2020-11-30,2026-08-28T06:45:02.413410+00:00,171eff0c4c292e16179e1b51902197d45b4179255d7fce18b0bbc1540eb9632b,https://finance.yahoo.com/quote/IBCI.AS/history,224.1699981689453
2020-11-30,INFR,INFR_OFFICIAL_NAV,2020-11-30,2020-11-30,2026-08-28T06:45:02.413410+00:00,af6bd526b17d603012401b1f741f703084f42346f2e4393175b3290f49bd9bc2,https://finance.yahoo.com/quote/INFR.MI/history,21.726673126220703
2020-11-30,IWVL,IWVL_OFFICIAL_NAV,2020-11-30,2020-11-30,2026-08-28T06:45:02.413410+00:00,d50d5d869874811217fd20f8cff339dc3858c9609717a37425844299661aeecc,https://finance.yahoo.com/quote/IS3S.DE/history,25.264999389648438
2020-11-30,SGLD,LBMA_GOLD_PM,2020-11-30,2020-11-30,2026-08-28T06:45:02.413410+00:00,414251d3408c1500fae24f3037a81592774c3046dd7302b673f394f3dbcadb52,https://prices.lbma.org.uk/json/gold_pm.json,1475.184131235353197187813860
2020-11-30,WENE,XDW0_OFFICIAL_NAV,2020-11-30,2020-11-30,2026-08-28T06:45:02.413410+00:00,e475bd216680c21a3641cb1c847764a89810fae0218c9b71fa6de6a3ad3f2f70,https://finance.yahoo.com/quote/XDW0.DE/history,18.06399917602539
2020-12-31,CMOD,CMOD_OFFICIAL_NAV,2020-12-30,2020-12-30,2026-08-28T06:45:02.413410+00:00,8a0e74fe66464799538f3fe38dc7e3a8d44d0007d6953bd8c100de5b29f359cd,https://finance.yahoo.com/quote/CMOD.MI/history,13.314000129699707
2020-12-31,DFNS,FRED_NASDAQNQUSB50201020N,2020-12-31,2020-12-31,2026-08-28T06:45:02.413410+00:00,c84cc23ca82562d27a92626d90fb81e4b0efc18ca3b8123f69ffc5ec095939c0,https://fred.stlouisfed.org/graph/fredgraph.csv?id=NASDAQNQUSB50201020N,3532.199509403107113654946852
2020-12-31,DTEH,DTLE_OFFICIAL_NAV,2020-12-31,2020-12-31,2026-08-28T06:45:02.413410+00:00,a78f8cea4277832f4576b237f6852bd3c97aa9bb5351190fc497eedf31e45727,https://finance.yahoo.com/quote/DTLE.L/history,4.773202896118164
2020-12-31,EQAC,FRED_NASDAQXNDXNNR,2020-12-31,2020-12-31,2026-08-28T06:45:02.413410+00:00,c7a6f427535c8838870afd10b9902f56163384ad2a2390a4c68f91b36df3b112,https://fred.stlouisfed.org/graph/fredgraph.csv?id=NASDAQXNDXNNR,11916.34505314799672935404742
2020-12-31,EWSA,WSML_OFFICIAL_NAV,2020-12-30,2020-12-30,2026-08-28T06:45:02.413410+00:00,d59d40f4c32a5804609dab01d431ae183bea82f32b1aaa8bfb6371eb3a3299ae,https://finance.yahoo.com/quote/IUSN.DE/history,5.2210001945495605
2020-12-31,IBCI,IBCI_OFFICIAL_NAV,2020-12-31,2020-12-31,2026-08-28T06:45:02.413410+00:00,171eff0c4c292e16179e1b51902197d45b4179255d7fce18b0bbc1540eb9632b,https://finance.yahoo.com/quote/IBCI.AS/history,225.55999755859375
2020-12-31,INFR,INFR_OFFICIAL_NAV,2020-12-30,2020-12-30,2026-08-28T06:45:02.413410+00:00,af6bd526b17d603012401b1f741f703084f42346f2e4393175b3290f49bd9bc2,https://finance.yahoo.com/quote/INFR.MI/history,21.189884185791016
2020-12-31,IWVL,IWVL_OFFICIAL_NAV,2020-12-30,2020-12-30,2026-08-28T06:45:02.413410+00:00,d50d5d869874811217fd20f8cff339dc3858c9609717a37425844299661aeecc,https://finance.yahoo.com/quote/IS3S.DE/history,25.69499969482422
2020-12-31,SGLD,LBMA_GOLD_PM,2020-12-30,2020-12-30,2026-08-28T06:45:02.413410+00:00,414251d3408c1500fae24f3037a81592774c3046dd7302b673f394f3dbcadb52,https://prices.lbma.org.uk/json/gold_pm.json,1543.417825020441537203597711
2020-12-31,WENE,XDW0_OFFICIAL_NAV,2020-12-30,2020-12-30,2026-08-28T06:45:02.413410+00:00,e475bd216680c21a3641cb1c847764a89810fae0218c9b71fa6de6a3ad3f2f70,https://finance.yahoo.com/quote/XDW0.DE/history,18.06399917602539
2021-01-31,CMOD,CMOD_OFFICIAL_NAV,2021-01-29,2021-01-29,2026-08-28T06:45:02.413410+00:00,8a0e74fe66464799538f3fe38dc7e3a8d44d0007d6953bd8c100de5b29f359cd,https://finance.yahoo.com/quote/CMOD.MI/history,13.979999542236328
2021-01-31,DFNS,FRED_NASDAQNQUSB50201020N,2021-01-29,2021-01-29,2026-08-28T06:45:02.413410+00:00,c84cc23ca82562d27a92626d90fb81e4b0efc18ca3b8123f69ffc5ec095939c0,https://fred.stlouisfed.org/graph/fredgraph.csv?id=NASDAQNQUSB50201020N,3365.669550885867325916769674
2021-01-31,DTEH,DTLE_OFFICIAL_NAV,2021-01-29,2021-01-29,2026-08-28T06:45:02.413410+00:00,a78f8cea4277832f4576b237f6852bd3c97aa9bb5351190fc497eedf31e45727,https://finance.yahoo.com/quote/DTLE.L/history,4.607785224914551
2021-01-31,EQAC,FRED_NASDAQXNDXNNR,2021-01-29,2021-01-29,2026-08-28T06:45:02.413410+00:00,c7a6f427535c8838870afd10b9902f56163384ad2a2390a4c68f91b36df3b112,https://fred.stlouisfed.org/graph/fredgraph.csv?id=NASDAQXNDXNNR,12047.07045735475896168108776
2021-01-31,EWSA,WSML_OFFICIAL_NAV,2021-01-29,2021-01-29,2026-08-28T06:45:02.413410+00:00,d59d40f4c32a5804609dab01d431ae183bea82f32b1aaa8bfb6371eb3a3299ae,https://finance.yahoo.com/quote/IUSN.DE/history,5.420000076293945
2021-01-31,IBCI,IBCI_OFFICIAL_NAV,2021-01-29,2021-01-29,2026-08-28T06:45:02.413410+00:00,171eff0c4c292e16179e1b51902197d45b4179255d7fce18b0bbc1540eb9632b,https://finance.yahoo.com/quote/IBCI.AS/history,226.25999450683594
2021-01-31,INFR,INFR_OFFICIAL_NAV,2021-01-29,2021-01-29,2026-08-28T06:45:02.413410+00:00,af6bd526b17d603012401b1f741f703084f42346f2e4393175b3290f49bd9bc2,https://finance.yahoo.com/quote/INFR.MI/history,21.317480087280273
2021-01-31,IWVL,IWVL_OFFICIAL_NAV,2021-01-29,2021-01-29,2026-08-28T06:45:02.413410+00:00,d50d5d869874811217fd20f8cff339dc3858c9609717a37425844299661aeecc,https://finance.yahoo.com/quote/IS3S.DE/history,26.459999084472656
2021-01-31,SGLD,LBMA_GOLD_PM,2021-01-29,2021-01-29,2026-08-28T06:45:02.413410+00:00,414251d3408c1500fae24f3037a81592774c3046dd7302b673f394f3dbcadb52,https://prices.lbma.org.uk/json/gold_pm.json,1535.887927482488669138854553
2021-01-31,WENE,XDW0_OFFICIAL_NAV,2021-01-29,2021-01-29,2026-08-28T06:45:02.413410+00:00,e475bd216680c21a3641cb1c847764a89810fae0218c9b71fa6de6a3ad3f2f70,https://finance.yahoo.com/quote/XDW0.DE/history,18.86400032043457
2021-02-28,CMOD,CMOD_OFFICIAL_NAV,2021-02-26,2021-02-26,2026-08-28T06:45:02.413410+00:00,8a0e74fe66464799538f3fe38dc7e3a8d44d0007d6953bd8c100de5b29f359cd,https://finance.yahoo.com/quote/CMOD.MI/history,14.918000221252441
2021-02-28,DFNS,FRED_NASDAQNQUSB50201020N,2021-02-26,2021-02-26,2026-08-28T06:45:02.413410+00:00,c84cc23ca82562d27a92626d90fb81e4b0efc18ca3b8123f69ffc5ec095939c0,https://fred.stlouisfed.org/graph/fredgraph.csv?id=NASDAQNQUSB50201020N,3517.381956503762507235590838
2021-02-28,DTEH,DTLE_OFFICIAL_NAV,2021-02-26,2021-02-26,2026-08-28T06:45:02.413410+00:00,a78f8cea4277832f4576b237f6852bd3c97aa9bb5351190fc497eedf31e45727,https://finance.yahoo.com/quote/DTLE.L/history,4.240234851837158
2021-02-28,EQAC,FRED_NASDAQXNDXNNR,2021-02-26,2021-02-26,2026-08-28T06:45:02.413410+00:00,c7a6f427535c8838870afd10b9902f56163384ad2a2390a4c68f91b36df3b112,https://fred.stlouisfed.org/graph/fredgraph.csv?id=NASDAQXNDXNNR,12081.19573306871743984123046
2021-02-28,EWSA,WSML_OFFICIAL_NAV,2021-02-26,2021-02-26,2026-08-28T06:45:02.413410+00:00,d59d40f4c32a5804609dab01d431ae183bea82f32b1aaa8bfb6371eb3a3299ae,https://finance.yahoo.com/quote/IUSN.DE/history,5.673999786376953
2021-02-28,IBCI,IBCI_OFFICIAL_NAV,2021-02-26,2021-02-26,2026-08-28T06:45:02.413410+00:00,171eff0c4c292e16179e1b51902197d45b4179255d7fce18b0bbc1540eb9632b,https://finance.yahoo.com/quote/IBCI.AS/history,223.1199951171875
2021-02-28,INFR,INFR_OFFICIAL_NAV,2021-02-26,2021-02-26,2026-08-28T06:45:02.413410+00:00,af6bd526b17d603012401b1f741f703084f42346f2e4393175b3290f49bd9bc2,https://finance.yahoo.com/quote/INFR.MI/history,21.341835021972656
2021-02-28,IWVL,IWVL_OFFICIAL_NAV,2021-02-26,2021-02-26,2026-08-28T06:45:02.413410+00:00,d50d5d869874811217fd20f8cff339dc3858c9609717a37425844299661aeecc,https://finance.yahoo.com/quote/IS3S.DE/history,28.18000030517578
2021-02-28,SGLD,LBMA_GOLD_PM,2021-02-26,2021-02-26,2026-08-28T06:45:02.413410+00:00,414251d3408c1500fae24f3037a81592774c3046dd7302b673f394f3dbcadb52,https://prices.lbma.org.uk/json/gold_pm.json,1441.205656164723393698834036
2021-02-28,WENE,XDW0_OFFICIAL_NAV,2021-02-26,2021-02-26,2026-08-28T06:45:02.413410+00:00,e475bd216680c21a3641cb1c847764a89810fae0218c9b71fa6de6a3ad3f2f70,https://finance.yahoo.com/quote/XDW0.DE/history,21.7549991607666
2021-03-31,CMOD,CMOD_OFFICIAL_NAV,2021-03-31,2021-03-31,2026-08-28T06:45:02.413410+00:00,8a0e74fe66464799538f3fe38dc7e3a8d44d0007d6953bd8c100de5b29f359cd,https://finance.yahoo.com/quote/CMOD.MI/history,14.916000366210938
2021-03-31,DFNS,FRED_NASDAQNQUSB50201020N,2021-03-31,2021-03-31,2026-08-28T06:45:02.413410+00:00,c84cc23ca82562d27a92626d90fb81e4b0efc18ca3b8123f69ffc5ec095939c0,https://fred.stlouisfed.org/graph/fredgraph.csv?id=NASDAQNQUSB50201020N,3986.528144426466831303755429
2021-03-31,DTEH,DTLE_OFFICIAL_NAV,2021-03-31,2021-03-31,2026-08-28T06:45:02.413410+00:00,a78f8cea4277832f4576b237f6852bd3c97aa9bb5351190fc497eedf31e45727,https://finance.yahoo.com/quote/DTLE.L/history,4.1321563720703125
2021-03-31,EQAC,FRED_NASDAQXNDXNNR,2021-03-31,2021-03-31,2026-08-28T06:45:02.413410+00:00,c7a6f427535c8838870afd10b9902f56163384ad2a2390a4c68f91b36df3b112,https://fred.stlouisfed.org/graph/fredgraph.csv?id=NASDAQXNDXNNR,12622.14936557949416673763093
2021-03-31,EWSA,WSML_OFFICIAL_NAV,2021-03-31,2021-03-31,2026-08-28T06:45:02.413410+00:00,d59d40f4c32a5804609dab01d431ae183bea82f32b1aaa8bfb6371eb3a3299ae,https://finance.yahoo.com/quote/IUSN.DE/history,5.960999965667725
2021-03-31,IBCI,IBCI_OFFICIAL_NAV,2021-03-31,2021-03-31,2026-08-28T06:45:02.413410+00:00,171eff0c4c292e16179e1b51902197d45b4179255d7fce18b0bbc1540eb9632b,https://finance.yahoo.com/quote/IBCI.AS/history,228.11000061035156
2021-03-31,INFR,INFR_OFFICIAL_NAV,2021-03-31,2021-03-31,2026-08-28T06:45:02.413410+00:00,af6bd526b17d603012401b1f741f703084f42346f2e4393175b3290f49bd9bc2,https://finance.yahoo.com/quote/INFR.MI/history,23.424293518066406
2021-03-31,IWVL,IWVL_OFFICIAL_NAV,2021-03-31,2021-03-31,2026-08-28T06:45:02.413410+00:00,d50d5d869874811217fd20f8cff339dc3858c9609717a37425844299661aeecc,https://finance.yahoo.com/quote/IS3S.DE/history,30.584999084472656
2021-03-31,SGLD,LBMA_GOLD_PM,2021-03-31,2021-03-31,2026-08-28T06:45:02.413410+00:00,414251d3408c1500fae24f3037a81592774c3046dd7302b673f394f3dbcadb52,https://prices.lbma.org.uk/json/gold_pm.json,1440.049391126628629822021630
2021-03-31,WENE,XDW0_OFFICIAL_NAV,2021-03-31,2021-03-31,2026-08-28T06:45:02.413410+00:00,e475bd216680c21a3641cb1c847764a89810fae0218c9b71fa6de6a3ad3f2f70,https://finance.yahoo.com/quote/XDW0.DE/history,22.975000381469727
2021-04-30,CMOD,CMOD_OFFICIAL_NAV,2021-04-30,2021-04-30,2026-08-28T06:45:02.413410+00:00,8a0e74fe66464799538f3fe38dc7e3a8d44d0007d6953bd8c100de5b29f359cd,https://finance.yahoo.com/quote/CMOD.MI/history,15.734000205993652
2021-04-30,DFNS,FRED_NASDAQNQUSB50201020N,2021-04-30,2021-04-30,2026-08-28T06:45:02.413410+00:00,c84cc23ca82562d27a92626d90fb81e4b0efc18ca3b8123f69ffc5ec095939c0,https://fred.stlouisfed.org/graph/fredgraph.csv?id=NASDAQNQUSB50201020N,4079.842061512884455527847049
2021-04-30,DTEH,DTLE_OFFICIAL_NAV,2021-04-30,2021-04-30,2026-08-28T06:45:02.413410+00:00,a78f8cea4277832f4576b237f6852bd3c97aa9bb5351190fc497eedf31e45727,https://finance.yahoo.com/quote/DTLE.L/history,4.1944451332092285
2021-04-30,EQAC,FRED_NASDAQXNDXNNR,2021-04-30,2021-04-30,2026-08-28T06:45:02.413410+00:00,c7a6f427535c8838870afd10b9902f56163384ad2a2390a4c68f91b36df3b112,https://fred.stlouisfed.org/graph/fredgraph.csv?id=NASDAQXNDXNNR,13048.47049044056525353283458
2021-04-30,EWSA,WSML_OFFICIAL_NAV,2021-04-30,2021-04-30,2026-08-28T06:45:02.413410+00:00,d59d40f4c32a5804609dab01d431ae183bea82f32b1aaa8bfb6371eb3a3299ae,https://finance.yahoo.com/quote/IUSN.DE/history,6.058000087738037
2021-04-30,IBCI,IBCI_OFFICIAL_NAV,2021-04-30,2021-04-30,2026-08-28T06:45:02.413410+00:00,171eff0c4c292e16179e1b51902197d45b4179255d7fce18b0bbc1540eb9632b,https://finance.yahoo.com/quote/IBCI.AS/history,226.66000366210938
2021-04-30,INFR,INFR_OFFICIAL_NAV,2021-04-30,2021-04-30,2026-08-28T06:45:02.413410+00:00,af6bd526b17d603012401b1f741f703084f42346f2e4393175b3290f49bd9bc2,https://finance.yahoo.com/quote/INFR.MI/history,23.51713752746582
2021-04-30,IWVL,IWVL_OFFICIAL_NAV,2021-04-30,2021-04-30,2026-08-28T06:45:02.413410+00:00,d50d5d869874811217fd20f8cff339dc3858c9609717a37425844299661aeecc,https://finance.yahoo.com/quote/IS3S.DE/history,30.104999542236328
2021-04-30,SGLD,LBMA_GOLD_PM,2021-04-30,2021-04-30,2026-08-28T06:45:02.413410+00:00,414251d3408c1500fae24f3037a81592774c3046dd7302b673f394f3dbcadb52,https://prices.lbma.org.uk/json/gold_pm.json,1469.368246051537822111388196
2021-04-30,WENE,XDW0_OFFICIAL_NAV,2021-04-30,2021-04-30,2026-08-28T06:45:02.413410+00:00,e475bd216680c21a3641cb1c847764a89810fae0218c9b71fa6de6a3ad3f2f70,https://finance.yahoo.com/quote/XDW0.DE/history,22.559999465942383
2021-05-31,CMOD,CMOD_OFFICIAL_NAV,2021-05-31,2021-05-31,2026-08-28T06:45:02.413410+00:00,8a0e74fe66464799538f3fe38dc7e3a8d44d0007d6953bd8c100de5b29f359cd,https://finance.yahoo.com/quote/CMOD.MI/history,16.073999404907227
2021-05-31,DFNS,FRED_NASDAQNQUSB50201020N,2021-05-31,2021-05-31,2026-08-28T06:45:02.413410+00:00,c84cc23ca82562d27a92626d90fb81e4b0efc18ca3b8123f69ffc5ec095939c0,https://fred.stlouisfed.org/graph/fredgraph.csv?id=NASDAQNQUSB50201020N,4044.989339019189765458422175
2021-05-31,DTEH,DTLE_OFFICIAL_NAV,2021-05-28,2021-05-28,2026-08-28T06:45:02.413410+00:00,a78f8cea4277832f4576b237f6852bd3c97aa9bb5351190fc497eedf31e45727,https://finance.yahoo.com/quote/DTLE.L/history,4.213421821594238
2021-05-31,EQAC,FRED_NASDAQXNDXNNR,2021-05-28,2021-05-28,2026-08-28T06:45:02.413410+00:00,c7a6f427535c8838870afd10b9902f56163384ad2a2390a4c68f91b36df3b112,https://fred.stlouisfed.org/graph/fredgraph.csv?id=NASDAQXNDXNNR,12719.42758733803509922912908
2021-05-31,EWSA,WSML_OFFICIAL_NAV,2021-05-31,2021-05-31,2026-08-28T06:45:02.413410+00:00,d59d40f4c32a5804609dab01d431ae183bea82f32b1aaa8bfb6371eb3a3299ae,https://finance.yahoo.com/quote/IUSN.DE/history,5.992000102996826
2021-05-31,IBCI,IBCI_OFFICIAL_NAV,2021-05-31,2021-05-31,2026-08-28T06:45:02.413410+00:00,171eff0c4c292e16179e1b51902197d45b4179255d7fce18b0bbc1540eb9632b,https://finance.yahoo.com/quote/IBCI.AS/history,228.39999389648438
2021-05-31,INFR,INFR_OFFICIAL_NAV,2021-05-31,2021-05-31,2026-08-28T06:45:02.413410+00:00,af6bd526b17d603012401b1f741f703084f42346f2e4393175b3290f49bd9bc2,https://finance.yahoo.com/quote/INFR.MI/history,23.364877700805664
2021-05-31,IWVL,IWVL_OFFICIAL_NAV,2021-05-31,2021-05-31,2026-08-28T06:45:02.413410+00:00,d50d5d869874811217fd20f8cff339dc3858c9609717a37425844299661aeecc,https://finance.yahoo.com/quote/IS3S.DE/history,30.549999237060547
2021-05-31,SGLD,LBMA_GOLD_PM,2021-05-28,2021-05-28,2026-08-28T06:45:02.413410+00:00,414251d3408c1500fae24f3037a81592774c3046dd7302b673f394f3dbcadb52,https://prices.lbma.org.uk/json/gold_pm.json,1558.102345415778251599147122
2021-05-31,WENE,XDW0_OFFICIAL_NAV,2021-05-31,2021-05-31,2026-08-28T06:45:02.413410+00:00,e475bd216680c21a3641cb1c847764a89810fae0218c9b71fa6de6a3ad3f2f70,https://finance.yahoo.com/quote/XDW0.DE/history,23.274999618530273
2021-06-30,CMOD,CMOD_OFFICIAL_NAV,2021-06-30,2021-06-30,2026-08-28T06:45:02.413410+00:00,8a0e74fe66464799538f3fe38dc7e3a8d44d0007d6953bd8c100de5b29f359cd,https://finance.yahoo.com/quote/CMOD.MI/history,16.496000289916992
2021-06-30,DFNS,FRED_NASDAQNQUSB50201020N,2021-06-30,2021-06-30,2026-08-28T06:45:02.413410+00:00,c84cc23ca82562d27a92626d90fb81e4b0efc18ca3b8123f69ffc5ec095939c0,https://fred.stlouisfed.org/graph/fredgraph.csv?id=NASDAQNQUSB50201020N,4156.389264010803511141120864
2021-06-30,DTEH,DTLE_OFFICIAL_NAV,2021-06-30,2021-06-30,2026-08-28T06:45:02.413410+00:00,a78f8cea4277832f4576b237f6852bd3c97aa9bb5351190fc497eedf31e45727,https://finance.yahoo.com/quote/DTLE.L/history,4.398754596710205
2021-06-30,EQAC,FRED_NASDAQXNDXNNR,2021-06-30,2021-06-30,2026-08-28T06:45:02.413410+00:00,c7a6f427535c8838870afd10b9902f56163384ad2a2390a4c68f91b36df3b112,https://fred.stlouisfed.org/graph/fredgraph.csv?id=NASDAQXNDXNNR,13926.41796083727211343686698
2021-06-30,EWSA,WSML_OFFICIAL_NAV,2021-06-30,2021-06-30,2026-08-28T06:45:02.413410+00:00,d59d40f4c32a5804609dab01d431ae183bea82f32b1aaa8bfb6371eb3a3299ae,https://finance.yahoo.com/quote/IUSN.DE/history,6.195000171661377
2021-06-30,IBCI,IBCI_OFFICIAL_NAV,2021-06-30,2021-06-30,2026-08-28T06:45:02.413410+00:00,171eff0c4c292e16179e1b51902197d45b4179255d7fce18b0bbc1540eb9632b,https://finance.yahoo.com/quote/IBCI.AS/history,228.83999633789062
2021-06-30,INFR,INFR_OFFICIAL_NAV,2021-06-30,2021-06-30,2026-08-28T06:45:02.413410+00:00,af6bd526b17d603012401b1f741f703084f42346f2e4393175b3290f49bd9bc2,https://finance.yahoo.com/quote/INFR.MI/history,23.79575538635254
2021-06-30,IWVL,IWVL_OFFICIAL_NAV,2021-06-30,2021-06-30,2026-08-28T06:45:02.413410+00:00,d50d5d869874811217fd20f8cff339dc3858c9609717a37425844299661aeecc,https://finance.yahoo.com/quote/IS3S.DE/history,30.954999923706055
2021-06-30,SGLD,LBMA_GOLD_PM,2021-06-30,2021-06-30,2026-08-28T06:45:02.413410+00:00,414251d3408c1500fae24f3037a81592774c3046dd7302b673f394f3dbcadb52,https://prices.lbma.org.uk/json/gold_pm.json,1488.141458474004051316677920
2021-06-30,WENE,XDW0_OFFICIAL_NAV,2021-06-30,2021-06-30,2026-08-28T06:45:02.413410+00:00,e475bd216680c21a3641cb1c847764a89810fae0218c9b71fa6de6a3ad3f2f70,https://finance.yahoo.com/quote/XDW0.DE/history,24.600000381469727
2021-07-31,CMOD,CMOD_OFFICIAL_NAV,2021-07-30,2021-07-30,2026-08-28T06:45:02.413410+00:00,8a0e74fe66464799538f3fe38dc7e3a8d44d0007d6953bd8c100de5b29f359cd,https://finance.yahoo.com/quote/CMOD.MI/history,17.121999740600586
2021-07-31,DFNS,FRED_NASDAQNQUSB50201020N,2021-07-30,2021-07-30,2026-08-28T06:45:02.413410+00:00,c84cc23ca82562d27a92626d90fb81e4b0efc18ca3b8123f69ffc5ec095939c0,https://fred.stlouisfed.org/graph/fredgraph.csv?id=NASDAQNQUSB50201020N,4152.832097100472016183412003
2021-07-31,DTEH,DTLE_OFFICIAL_NAV,2021-07-30,2021-07-30,2026-08-28T06:45:02.413410+00:00,a78f8cea4277832f4576b237f6852bd3c97aa9bb5351190fc497eedf31e45727,https://finance.yahoo.com/quote/DTLE.L/history,4.552688121795654
2021-07-31,EQAC,FRED_NASDAQXNDXNNR,2021-07-30,2021-07-30,2026-08-28T06:45:02.413410+00:00,c7a6f427535c8838870afd10b9902f56163384ad2a2390a4c68f91b36df3b112,https://fred.stlouisfed.org/graph/fredgraph.csv?id=NASDAQXNDXNNR,14298.01078894133513149022252
2021-07-31,EWSA,WSML_OFFICIAL_NAV,2021-07-30,2021-07-30,2026-08-28T06:45:02.413410+00:00,d59d40f4c32a5804609dab01d431ae183bea82f32b1aaa8bfb6371eb3a3299ae,https://finance.yahoo.com/quote/IUSN.DE/history,6.1539998054504395
2021-07-31,IBCI,IBCI_OFFICIAL_NAV,2021-07-30,2021-07-30,2026-08-28T06:45:02.413410+00:00,171eff0c4c292e16179e1b51902197d45b4179255d7fce18b0bbc1540eb9632b,https://finance.yahoo.com/quote/IBCI.AS/history,234.97999572753906
2021-07-31,INFR,INFR_OFFICIAL_NAV,2021-07-30,2021-07-30,2026-08-28T06:45:02.413410+00:00,af6bd526b17d603012401b1f741f703084f42346f2e4393175b3290f49bd9bc2,https://finance.yahoo.com/quote/INFR.MI/history,24.27105140686035
2021-07-31,IWVL,IWVL_OFFICIAL_NAV,2021-07-30,2021-07-30,2026-08-28T06:45:02.413410+00:00,d50d5d869874811217fd20f8cff339dc3858c9609717a37425844299661aeecc,https://finance.yahoo.com/quote/IS3S.DE/history,30.8700008392334
2021-07-31,SGLD,LBMA_GOLD_PM,2021-07-30,2021-07-30,2026-08-28T06:45:02.413410+00:00,414251d3408c1500fae24f3037a81592774c3046dd7302b673f394f3dbcadb52,https://prices.lbma.org.uk/json/gold_pm.json,1538.899190829399865138233311
2021-07-31,WENE,XDW0_OFFICIAL_NAV,2021-07-30,2021-07-30,2026-08-28T06:45:02.413410+00:00,e475bd216680c21a3641cb1c847764a89810fae0218c9b71fa6de6a3ad3f2f70,https://finance.yahoo.com/quote/XDW0.DE/history,23.135000228881836
2021-08-31,CMOD,CMOD_OFFICIAL_NAV,2021-08-31,2021-08-31,2026-08-28T06:45:02.413410+00:00,8a0e74fe66464799538f3fe38dc7e3a8d44d0007d6953bd8c100de5b29f359cd,https://finance.yahoo.com/quote/CMOD.MI/history,17.124000549316406
2021-08-31,DFNS,FRED_NASDAQNQUSB50201020N,2021-08-31,2021-08-31,2026-08-28T06:45:02.413410+00:00,c84cc23ca82562d27a92626d90fb81e4b0efc18ca3b8123f69ffc5ec095939c0,https://fred.stlouisfed.org/graph/fredgraph.csv?id=NASDAQNQUSB50201020N,4127.466101694915254237288136
2021-08-31,DTEH,DTLE_OFFICIAL_NAV,2021-08-31,2021-08-31,2026-08-28T06:45:02.413410+00:00,a78f8cea4277832f4576b237f6852bd3c97aa9bb5351190fc497eedf31e45727,https://finance.yahoo.com/quote/DTLE.L/history,4.5381269454956055
2021-08-31,EQAC,FRED_NASDAQXNDXNNR,2021-08-31,2021-08-31,2026-08-28T06:45:02.413410+00:00,c7a6f427535c8838870afd10b9902f56163384ad2a2390a4c68f91b36df3b112,https://fred.stlouisfed.org/graph/fredgraph.csv?id=NASDAQXNDXNNR,14982.91525423728813559322034
2021-08-31,EWSA,WSML_OFFICIAL_NAV,2021-08-31,2021-08-31,2026-08-28T06:45:02.413410+00:00,d59d40f4c32a5804609dab01d431ae183bea82f32b1aaa8bfb6371eb3a3299ae,https://finance.yahoo.com/quote/IUSN.DE/history,6.321000099182129
2021-08-31,IBCI,IBCI_OFFICIAL_NAV,2021-08-31,2021-08-31,2026-08-28T06:45:02.413410+00:00,171eff0c4c292e16179e1b51902197d45b4179255d7fce18b0bbc1540eb9632b,https://finance.yahoo.com/quote/IBCI.AS/history,234.5
2021-08-31,INFR,INFR_OFFICIAL_NAV,2021-08-31,2021-08-31,2026-08-28T06:45:02.413410+00:00,af6bd526b17d603012401b1f741f703084f42346f2e4393175b3290f49bd9bc2,https://finance.yahoo.com/quote/INFR.MI/history,24.757625579833984
2021-08-31,IWVL,IWVL_OFFICIAL_NAV,2021-08-31,2021-08-31,2026-08-28T06:45:02.413410+00:00,d50d5d869874811217fd20f8cff339dc3858c9609717a37425844299661aeecc,https://finance.yahoo.com/quote/IS3S.DE/history,31.280000686645508
2021-08-31,SGLD,LBMA_GOLD_PM,2021-08-31,2021-08-31,2026-08-28T06:45:02.413410+00:00,414251d3408c1500fae24f3037a81592774c3046dd7302b673f394f3dbcadb52,https://prices.lbma.org.uk/json/gold_pm.json,1538.008474576271186440677966
2021-08-31,WENE,XDW0_OFFICIAL_NAV,2021-08-31,2021-08-31,2026-08-28T06:45:02.413410+00:00,e475bd216680c21a3641cb1c847764a89810fae0218c9b71fa6de6a3ad3f2f70,https://finance.yahoo.com/quote/XDW0.DE/history,23.040000915527344
2021-09-30,CMOD,CMOD_OFFICIAL_NAV,2021-09-30,2021-09-30,2026-08-28T06:45:02.413410+00:00,8a0e74fe66464799538f3fe38dc7e3a8d44d0007d6953bd8c100de5b29f359cd,https://finance.yahoo.com/quote/CMOD.MI/history,18.333999633789062
2021-09-30,DFNS,FRED_NASDAQNQUSB50201020N,2021-09-30,2021-09-30,2026-08-28T06:45:02.413410+00:00,c84cc23ca82562d27a92626d90fb81e4b0efc18ca3b8123f69ffc5ec095939c0,https://fred.stlouisfed.org/graph/fredgraph.csv?id=NASDAQNQUSB50201020N,4055.031528029714088278483199
2021-09-30,DTEH,DTLE_OFFICIAL_NAV,2021-09-30,2021-09-30,2026-08-28T06:45:02.413410+00:00,a78f8cea4277832f4576b237f6852bd3c97aa9bb5351190fc497eedf31e45727,https://finance.yahoo.com/quote/DTLE.L/history,4.38336181640625
2021-09-30,EQAC,FRED_NASDAQXNDXNNR,2021-09-30,2021-09-30,2026-08-28T06:45:02.413410+00:00,c7a6f427535c8838870afd10b9902f56163384ad2a2390a4c68f91b36df3b112,https://fred.stlouisfed.org/graph/fredgraph.csv?id=NASDAQXNDXNNR,14401.15746739224324090869828
2021-09-30,EWSA,WSML_OFFICIAL_NAV,2021-09-30,2021-09-30,2026-08-28T06:45:02.413410+00:00,d59d40f4c32a5804609dab01d431ae183bea82f32b1aaa8bfb6371eb3a3299ae,https://finance.yahoo.com/quote/IUSN.DE/history,6.293000221252441
2021-09-30,IBCI,IBCI_OFFICIAL_NAV,2021-09-30,2021-09-30,2026-08-28T06:45:02.413410+00:00,171eff0c4c292e16179e1b51902197d45b4179255d7fce18b0bbc1540eb9632b,https://finance.yahoo.com/quote/IBCI.AS/history,235.32000732421875
2021-09-30,INFR,INFR_OFFICIAL_NAV,2021-09-30,2021-09-30,2026-08-28T06:45:02.413410+00:00,af6bd526b17d603012401b1f741f703084f42346f2e4393175b3290f49bd9bc2,https://finance.yahoo.com/quote/INFR.MI/history,24.180721282958984
2021-09-30,IWVL,IWVL_OFFICIAL_NAV,2021-09-30,2021-09-30,2026-08-28T06:45:02.413410+00:00,d50d5d869874811217fd20f8cff339dc3858c9609717a37425844299661aeecc,https://finance.yahoo.com/quote/IS3S.DE/history,31.5
2021-09-30,SGLD,LBMA_GOLD_PM,2021-09-30,2021-09-30,2026-08-28T06:45:02.413410+00:00,414251d3408c1500fae24f3037a81592774c3046dd7302b673f394f3dbcadb52,https://prices.lbma.org.uk/json/gold_pm.json,1505.398635225015116178630042
2021-09-30,WENE,XDW0_OFFICIAL_NAV,2021-09-30,2021-09-30,2026-08-28T06:45:02.413410+00:00,e475bd216680c21a3641cb1c847764a89810fae0218c9b71fa6de6a3ad3f2f70,https://finance.yahoo.com/quote/XDW0.DE/history,25.825000762939453
2021-10-31,CMOD,CMOD_OFFICIAL_NAV,2021-10-29,2021-10-29,2026-08-28T06:45:02.413410+00:00,8a0e74fe66464799538f3fe38dc7e3a8d44d0007d6953bd8c100de5b29f359cd,https://finance.yahoo.com/quote/CMOD.MI/history,18.833999633789062
2021-10-31,DFNS,FRED_NASDAQNQUSB50201020N,2021-10-29,2021-10-29,2026-08-28T06:45:02.413410+00:00,c84cc23ca82562d27a92626d90fb81e4b0efc18ca3b8123f69ffc5ec095939c0,https://fred.stlouisfed.org/graph/fredgraph.csv?id=NASDAQNQUSB50201020N,4080.367036011080332409972299
2021-10-31,DTEH,DTLE_OFFICIAL_NAV,2021-10-29,2021-10-29,2026-08-28T06:45:02.413410+00:00,a78f8cea4277832f4576b237f6852bd3c97aa9bb5351190fc497eedf31e45727,https://finance.yahoo.com/quote/DTLE.L/history,4.499850273132324
2021-10-31,EQAC,FRED_NASDAQXNDXNNR,2021-10-29,2021-10-29,2026-08-28T06:45:02.413410+00:00,c7a6f427535c8838870afd10b9902f56163384ad2a2390a4c68f91b36df3b112,https://fred.stlouisfed.org/graph/fredgraph.csv?id=NASDAQXNDXNNR,15576.47160664819944598337950
2021-10-31,EWSA,WSML_OFFICIAL_NAV,2021-10-29,2021-10-29,2026-08-28T06:45:02.413410+00:00,d59d40f4c32a5804609dab01d431ae183bea82f32b1aaa8bfb6371eb3a3299ae,https://finance.yahoo.com/quote/IUSN.DE/history,6.499000072479248
2021-10-31,IBCI,IBCI_OFFICIAL_NAV,2021-10-29,2021-10-29,2026-08-28T06:45:02.413410+00:00,171eff0c4c292e16179e1b51902197d45b4179255d7fce18b0bbc1540eb9632b,https://finance.yahoo.com/quote/IBCI.AS/history,235.52000427246094
2021-10-31,INFR,INFR_OFFICIAL_NAV,2021-10-29,2021-10-29,2026-08-28T06:45:02.413410+00:00,af6bd526b17d603012401b1f741f703084f42346f2e4393175b3290f49bd9bc2,https://finance.yahoo.com/quote/INFR.MI/history,25.58049964904785
2021-10-31,IWVL,IWVL_OFFICIAL_NAV,2021-10-29,2021-10-29,2026-08-28T06:45:02.413410+00:00,d50d5d869874811217fd20f8cff339dc3858c9609717a37425844299661aeecc,https://finance.yahoo.com/quote/IS3S.DE/history,31.71500015258789
2021-10-31,SGLD,LBMA_GOLD_PM,2021-10-29,2021-10-29,2026-08-28T06:45:02.413410+00:00,414251d3408c1500fae24f3037a81592774c3046dd7302b673f394f3dbcadb52,https://prices.lbma.org.uk/json/gold_pm.json,1531.466412742382271468144044
2021-10-31,WENE,XDW0_OFFICIAL_NAV,2021-10-29,2021-10-29,2026-08-28T06:45:02.413410+00:00,e475bd216680c21a3641cb1c847764a89810fae0218c9b71fa6de6a3ad3f2f70,https://finance.yahoo.com/quote/XDW0.DE/history,27.799999237060547
2021-11-30,CMOD,CMOD_OFFICIAL_NAV,2021-11-30,2021-11-30,2026-08-28T06:45:02.413410+00:00,8a0e74fe66464799538f3fe38dc7e3a8d44d0007d6953bd8c100de5b29f359cd,https://finance.yahoo.com/quote/CMOD.MI/history,17.93600082397461
2021-11-30,DFNS,FRED_NASDAQNQUSB50201020N,2021-11-30,2021-11-30,2026-08-28T06:45:02.413410+00:00,c84cc23ca82562d27a92626d90fb81e4b0efc18ca3b8123f69ffc5ec095939c0,https://fred.stlouisfed.org/graph/fredgraph.csv?id=NASDAQNQUSB50201020N,4010.339328430938247541419332
2021-11-30,DTEH,DTLE_OFFICIAL_NAV,2021-11-30,2021-11-30,2026-08-28T06:45:02.413410+00:00,a78f8cea4277832f4576b237f6852bd3c97aa9bb5351190fc497eedf31e45727,https://finance.yahoo.com/quote/DTLE.L/history,4.623830318450928
2021-11-30,EQAC,FRED_NASDAQXNDXNNR,2021-11-30,2021-11-30,2026-08-28T06:45:02.413410+00:00,c7a6f427535c8838870afd10b9902f56163384ad2a2390a4c68f91b36df3b112,https://fred.stlouisfed.org/graph/fredgraph.csv?id=NASDAQXNDXNNR,16238.50447417382829804199522
2021-11-30,EWSA,WSML_OFFICIAL_NAV,2021-11-30,2021-11-30,2026-08-28T06:45:02.413410+00:00,d59d40f4c32a5804609dab01d431ae183bea82f32b1aaa8bfb6371eb3a3299ae,https://finance.yahoo.com/quote/IUSN.DE/history,6.3470001220703125
2021-11-30,IBCI,IBCI_OFFICIAL_NAV,2021-11-30,2021-11-30,2026-08-28T06:45:02.413410+00:00,171eff0c4c292e16179e1b51902197d45b4179255d7fce18b0bbc1540eb9632b,https://finance.yahoo.com/quote/IBCI.AS/history,238.74000549316406
2021-11-30,INFR,INFR_OFFICIAL_NAV,2021-11-30,2021-11-30,2026-08-28T06:45:02.413410+00:00,af6bd526b17d603012401b1f741f703084f42346f2e4393175b3290f49bd9bc2,https://finance.yahoo.com/quote/INFR.MI/history,25.562257766723633
2021-11-30,IWVL,IWVL_OFFICIAL_NAV,2021-11-30,2021-11-30,2026-08-28T06:45:02.413410+00:00,d50d5d869874811217fd20f8cff339dc3858c9609717a37425844299661aeecc,https://finance.yahoo.com/quote/IS3S.DE/history,31.329999923706055
2021-11-30,SGLD,LBMA_GOLD_PM,2021-11-30,2021-11-30,2026-08-28T06:45:02.413410+00:00,414251d3408c1500fae24f3037a81592774c3046dd7302b673f394f3dbcadb52,https://prices.lbma.org.uk/json/gold_pm.json,1598.653317976433064587578630
2021-11-30,WENE,XDW0_OFFICIAL_NAV,2021-11-30,2021-11-30,2026-08-28T06:45:02.413410+00:00,e475bd216680c21a3641cb1c847764a89810fae0218c9b71fa6de6a3ad3f2f70,https://finance.yahoo.com/quote/XDW0.DE/history,26.625
2021-12-31,CMOD,CMOD_OFFICIAL_NAV,2021-12-30,2021-12-30,2026-08-28T06:45:02.413410+00:00,8a0e74fe66464799538f3fe38dc7e3a8d44d0007d6953bd8c100de5b29f359cd,https://finance.yahoo.com/quote/CMOD.MI/history,18.513999938964844
2021-12-31,DFNS,FRED_NASDAQNQUSB50201020N,2021-12-31,2021-12-31,2026-08-28T06:45:02.413410+00:00,c84cc23ca82562d27a92626d90fb81e4b0efc18ca3b8123f69ffc5ec095939c0,https://fred.stlouisfed.org/graph/fredgraph.csv?id=NASDAQNQUSB50201020N,4262.864463686163633150733345
2021-12-31,DTEH,DTLE_OFFICIAL_NAV,2021-12-31,2021-12-31,2026-08-28T06:45:02.413410+00:00,a78f8cea4277832f4576b237f6852bd3c97aa9bb5351190fc497eedf31e45727,https://finance.yahoo.com/quote/DTLE.L/history,4.521380424499512
2021-12-31,EQAC,FRED_NASDAQXNDXNNR,2021-12-31,2021-12-31,2026-08-28T06:45:02.413410+00:00,c7a6f427535c8838870afd10b9902f56163384ad2a2390a4c68f91b36df3b112,https://fred.stlouisfed.org/graph/fredgraph.csv?id=NASDAQXNDXNNR,16384.12263650821699946987100
2021-12-31,EWSA,WSML_OFFICIAL_NAV,2021-12-30,2021-12-30,2026-08-28T06:45:02.413410+00:00,d59d40f4c32a5804609dab01d431ae183bea82f32b1aaa8bfb6371eb3a3299ae,https://finance.yahoo.com/quote/IUSN.DE/history,6.540999889373779
2021-12-31,IBCI,IBCI_OFFICIAL_NAV,2021-12-31,2021-12-31,2026-08-28T06:45:02.413410+00:00,171eff0c4c292e16179e1b51902197d45b4179255d7fce18b0bbc1540eb9632b,https://finance.yahoo.com/quote/IBCI.AS/history,239.85000610351562
2021-12-31,INFR,INFR_OFFICIAL_NAV,2021-12-30,2021-12-30,2026-08-28T06:45:02.413410+00:00,af6bd526b17d603012401b1f741f703084f42346f2e4393175b3290f49bd9bc2,https://finance.yahoo.com/quote/INFR.MI/history,26.84217071533203
2021-12-31,IWVL,IWVL_OFFICIAL_NAV,2021-12-30,2021-12-30,2026-08-28T06:45:02.413410+00:00,d50d5d869874811217fd20f8cff339dc3858c9609717a37425844299661aeecc,https://finance.yahoo.com/quote/IS3S.DE/history,33.5
2021-12-31,SGLD,LBMA_GOLD_PM,2021-12-30,2021-12-30,2026-08-28T06:45:02.413410+00:00,414251d3408c1500fae24f3037a81592774c3046dd7302b673f394f3dbcadb52,https://prices.lbma.org.uk/json/gold_pm.json,1595.555751899628909701360664
2021-12-31,WENE,XDW0_OFFICIAL_NAV,2021-12-30,2021-12-30,2026-08-28T06:45:02.413410+00:00,e475bd216680c21a3641cb1c847764a89810fae0218c9b71fa6de6a3ad3f2f70,https://finance.yahoo.com/quote/XDW0.DE/history,27.489999771118164
2022-01-31,CMOD,CMOD_OFFICIAL_NAV,2022-01-31,2022-01-31,2026-08-28T06:45:02.413410+00:00,8a0e74fe66464799538f3fe38dc7e3a8d44d0007d6953bd8c100de5b29f359cd,https://finance.yahoo.com/quote/CMOD.MI/history,20.190000534057617
2022-01-31,DFNS,FRED_NASDAQNQUSB50201020N,2022-01-31,2022-01-31,2026-08-28T06:45:02.413410+00:00,c84cc23ca82562d27a92626d90fb81e4b0efc18ca3b8123f69ffc5ec095939c0,https://fred.stlouisfed.org/graph/fredgraph.csv?id=NASDAQNQUSB50201020N,4384.793078844095611844452372
2022-01-31,DTEH,DTLE_OFFICIAL_NAV,2022-01-31,2022-01-31,2026-08-28T06:45:02.413410+00:00,a78f8cea4277832f4576b237f6852bd3c97aa9bb5351190fc497eedf31e45727,https://finance.yahoo.com/quote/DTLE.L/history,4.340407371520996
2022-01-31,EQAC,FRED_NASDAQXNDXNNR,2022-01-31,2022-01-31,2026-08-28T06:45:02.413410+00:00,c7a6f427535c8838870afd10b9902f56163384ad2a2390a4c68f91b36df3b112,https://fred.stlouisfed.org/graph/fredgraph.csv?id=NASDAQXNDXNNR,15133.64252586514448804851944
2022-01-31,EWSA,WSML_OFFICIAL_NAV,2022-01-31,2022-01-31,2026-08-28T06:45:02.413410+00:00,d59d40f4c32a5804609dab01d431ae183bea82f32b1aaa8bfb6371eb3a3299ae,https://finance.yahoo.com/quote/IUSN.DE/history,6.070000171661377
2022-01-31,IBCI,IBCI_OFFICIAL_NAV,2022-01-31,2022-01-31,2026-08-28T06:45:02.413410+00:00,171eff0c4c292e16179e1b51902197d45b4179255d7fce18b0bbc1540eb9632b,https://finance.yahoo.com/quote/IBCI.AS/history,237.9199981689453
2022-01-31,INFR,INFR_OFFICIAL_NAV,2022-01-31,2022-01-31,2026-08-28T06:45:02.413410+00:00,af6bd526b17d603012401b1f741f703084f42346f2e4393175b3290f49bd9bc2,https://finance.yahoo.com/quote/INFR.MI/history,26.11015510559082
2022-01-31,IWVL,IWVL_OFFICIAL_NAV,2022-01-31,2022-01-31,2026-08-28T06:45:02.413410+00:00,d50d5d869874811217fd20f8cff339dc3858c9609717a37425844299661aeecc,https://finance.yahoo.com/quote/IS3S.DE/history,33.61000061035156
2022-01-31,SGLD,LBMA_GOLD_PM,2022-01-31,2022-01-31,2026-08-28T06:45:02.413410+00:00,414251d3408c1500fae24f3037a81592774c3046dd7302b673f394f3dbcadb52,https://prices.lbma.org.uk/json/gold_pm.json,1601.186229040313949339992865
2022-01-31,WENE,XDW0_OFFICIAL_NAV,2022-01-31,2022-01-31,2026-08-28T06:45:02.413410+00:00,e475bd216680c21a3641cb1c847764a89810fae0218c9b71fa6de6a3ad3f2f70,https://finance.yahoo.com/quote/XDW0.DE/history,31.795000076293945
2022-02-28,CMOD,CMOD_OFFICIAL_NAV,2022-02-28,2022-02-28,2026-08-28T06:45:02.413410+00:00,8a0e74fe66464799538f3fe38dc7e3a8d44d0007d6953bd8c100de5b29f359cd,https://finance.yahoo.com/quote/CMOD.MI/history,21.440000534057617
2022-02-28,DFNS,FRED_NASDAQNQUSB50201020N,2022-02-28,2022-02-28,2026-08-28T06:45:02.413410+00:00,c84cc23ca82562d27a92626d90fb81e4b0efc18ca3b8123f69ffc5ec095939c0,https://fred.stlouisfed.org/graph/fredgraph.csv?id=NASDAQNQUSB50201020N,4997.095509622238061297220242
2022-02-28,DTEH,DTLE_OFFICIAL_NAV,2022-02-28,2022-02-28,2026-08-28T06:45:02.413410+00:00,a78f8cea4277832f4576b237f6852bd3c97aa9bb5351190fc497eedf31e45727,https://finance.yahoo.com/quote/DTLE.L/history,4.240053176879883
2022-02-28,EQAC,FRED_NASDAQXNDXNNR,2022-02-28,2022-02-28,2026-08-28T06:45:02.413410+00:00,c7a6f427535c8838870afd10b9902f56163384ad2a2390a4c68f91b36df3b112,https://fred.stlouisfed.org/graph/fredgraph.csv?id=NASDAQXNDXNNR,14425.92658588738417676407698
2022-02-28,EWSA,WSML_OFFICIAL_NAV,2022-02-28,2022-02-28,2026-08-28T06:45:02.413410+00:00,d59d40f4c32a5804609dab01d431ae183bea82f32b1aaa8bfb6371eb3a3299ae,https://finance.yahoo.com/quote/IUSN.DE/history,6.1479997634887695
2022-02-28,IBCI,IBCI_OFFICIAL_NAV,2022-02-28,2022-02-28,2026-08-28T06:45:02.413410+00:00,171eff0c4c292e16179e1b51902197d45b4179255d7fce18b0bbc1540eb9632b,https://finance.yahoo.com/quote/IBCI.AS/history,238.13999938964844
2022-02-28,INFR,INFR_OFFICIAL_NAV,2022-02-28,2022-02-28,2026-08-28T06:45:02.413410+00:00,af6bd526b17d603012401b1f741f703084f42346f2e4393175b3290f49bd9bc2,https://finance.yahoo.com/quote/INFR.MI/history,26.0012264251709
2022-02-28,IWVL,IWVL_OFFICIAL_NAV,2022-02-28,2022-02-28,2026-08-28T06:45:02.413410+00:00,d50d5d869874811217fd20f8cff339dc3858c9609717a37425844299661aeecc,https://finance.yahoo.com/quote/IS3S.DE/history,33.30500030517578
2022-02-28,SGLD,LBMA_GOLD_PM,2022-02-28,2022-02-28,2026-08-28T06:45:02.413410+00:00,414251d3408c1500fae24f3037a81592774c3046dd7302b673f394f3dbcadb52,https://prices.lbma.org.uk/json/gold_pm.json,1701.576977904490377761938703
2022-02-28,WENE,XDW0_OFFICIAL_NAV,2022-02-28,2022-02-28,2026-08-28T06:45:02.413410+00:00,e475bd216680c21a3641cb1c847764a89810fae0218c9b71fa6de6a3ad3f2f70,https://finance.yahoo.com/quote/XDW0.DE/history,33.41999816894531
2022-03-31,CMOD,CMOD_OFFICIAL_NAV,2022-03-31,2022-03-31,2026-08-28T06:45:02.413410+00:00,8a0e74fe66464799538f3fe38dc7e3a8d44d0007d6953bd8c100de5b29f359cd,https://finance.yahoo.com/quote/CMOD.MI/history,23.700000762939453
2022-03-31,DFNS,FRED_NASDAQNQUSB50201020N,2022-03-31,2022-03-31,2026-08-28T06:45:02.413410+00:00,c84cc23ca82562d27a92626d90fb81e4b0efc18ca3b8123f69ffc5ec095939c0,https://fred.stlouisfed.org/graph/fredgraph.csv?id=NASDAQNQUSB50201020N,5123.230866312088704588479221
2022-03-31,DTEH,DTLE_OFFICIAL_NAV,2022-03-31,2022-03-31,2026-08-28T06:45:02.413410+00:00,a78f8cea4277832f4576b237f6852bd3c97aa9bb5351190fc497eedf31e45727,https://finance.yahoo.com/quote/DTLE.L/history,4.037245750427246
2022-03-31,EQAC,FRED_NASDAQXNDXNNR,2022-03-31,2022-03-31,2026-08-28T06:45:02.413410+00:00,c7a6f427535c8838870afd10b9902f56163384ad2a2390a4c68f91b36df3b112,https://fred.stlouisfed.org/graph/fredgraph.csv?id=NASDAQXNDXNNR,15218.53421076354457766158839
2022-03-31,EWSA,WSML_OFFICIAL_NAV,2022-03-31,2022-03-31,2026-08-28T06:45:02.413410+00:00,d59d40f4c32a5804609dab01d431ae183bea82f32b1aaa8bfb6371eb3a3299ae,https://finance.yahoo.com/quote/IUSN.DE/history,6.275000095367432
2022-03-31,IBCI,IBCI_OFFICIAL_NAV,2022-03-31,2022-03-31,2026-08-28T06:45:02.413410+00:00,171eff0c4c292e16179e1b51902197d45b4179255d7fce18b0bbc1540eb9632b,https://finance.yahoo.com/quote/IBCI.AS/history,243.17999267578125
2022-03-31,INFR,INFR_OFFICIAL_NAV,2022-03-31,2022-03-31,2026-08-28T06:45:02.413410+00:00,af6bd526b17d603012401b1f741f703084f42346f2e4393175b3290f49bd9bc2,https://finance.yahoo.com/quote/INFR.MI/history,28.645118713378906
2022-03-31,IWVL,IWVL_OFFICIAL_NAV,2022-03-31,2022-03-31,2026-08-28T06:45:02.413410+00:00,d50d5d869874811217fd20f8cff339dc3858c9609717a37425844299661aeecc,https://finance.yahoo.com/quote/IS3S.DE/history,33.814998626708984
2022-03-31,SGLD,LBMA_GOLD_PM,2022-03-31,2022-03-31,2026-08-28T06:45:02.413410+00:00,414251d3408c1500fae24f3037a81592774c3046dd7302b673f394f3dbcadb52,https://prices.lbma.org.uk/json/gold_pm.json,1750.788785720724781393671685
2022-03-31,WENE,XDW0_OFFICIAL_NAV,2022-03-31,2022-03-31,2026-08-28T06:45:02.413410+00:00,e475bd216680c21a3641cb1c847764a89810fae0218c9b71fa6de6a3ad3f2f70,https://finance.yahoo.com/quote/XDW0.DE/history,37.02000045776367
2022-04-30,CMOD,CMOD_OFFICIAL_NAV,2022-04-29,2022-04-29,2026-08-28T06:45:02.413410+00:00,8a0e74fe66464799538f3fe38dc7e3a8d44d0007d6953bd8c100de5b29f359cd,https://finance.yahoo.com/quote/CMOD.MI/history,25.920000076293945
2022-04-30,DFNS,FRED_NASDAQNQUSB50201020N,2022-04-29,2022-04-29,2026-08-28T06:45:02.413410+00:00,c84cc23ca82562d27a92626d90fb81e4b0efc18ca3b8123f69ffc5ec095939c0,https://fred.stlouisfed.org/graph/fredgraph.csv?id=NASDAQNQUSB50201020N,5218.278447375913447850431812
2022-04-30,DTEH,DTLE_OFFICIAL_NAV,2022-04-29,2022-04-29,2026-08-28T06:45:02.413410+00:00,a78f8cea4277832f4576b237f6852bd3c97aa9bb5351190fc497eedf31e45727,https://finance.yahoo.com/quote/DTLE.L/history,3.650527238845825
2022-04-30,EQAC,FRED_NASDAQXNDXNNR,2022-04-29,2022-04-29,2026-08-28T06:45:02.413410+00:00,c7a6f427535c8838870afd10b9902f56163384ad2a2390a4c68f91b36df3b112,https://fred.stlouisfed.org/graph/fredgraph.csv?id=NASDAQXNDXNNR,13882.68007971908512859447661
2022-04-30,EWSA,WSML_OFFICIAL_NAV,2022-04-29,2022-04-29,2026-08-28T06:45:02.413410+00:00,d59d40f4c32a5804609dab01d431ae183bea82f32b1aaa8bfb6371eb3a3299ae,https://finance.yahoo.com/quote/IUSN.DE/history,6.179999828338623
2022-04-30,IBCI,IBCI_OFFICIAL_NAV,2022-04-29,2022-04-29,2026-08-28T06:45:02.413410+00:00,171eff0c4c292e16179e1b51902197d45b4179255d7fce18b0bbc1540eb9632b,https://finance.yahoo.com/quote/IBCI.AS/history,240.74000549316406
2022-04-30,INFR,INFR_OFFICIAL_NAV,2022-04-29,2022-04-29,2026-08-28T06:45:02.413410+00:00,af6bd526b17d603012401b1f741f703084f42346f2e4393175b3290f49bd9bc2,https://finance.yahoo.com/quote/INFR.MI/history,28.79851722717285
2022-04-30,IWVL,IWVL_OFFICIAL_NAV,2022-04-29,2022-04-29,2026-08-28T06:45:02.413410+00:00,d50d5d869874811217fd20f8cff339dc3858c9609717a37425844299661aeecc,https://finance.yahoo.com/quote/IS3S.DE/history,33.755001068115234
2022-04-30,SGLD,LBMA_GOLD_PM,2022-04-29,2022-04-29,2026-08-28T06:45:02.413410+00:00,414251d3408c1500fae24f3037a81592774c3046dd7302b673f394f3dbcadb52,https://prices.lbma.org.uk/json/gold_pm.json,1813.893897693840751637088355
2022-04-30,WENE,XDW0_OFFICIAL_NAV,2022-04-29,2022-04-29,2026-08-28T06:45:02.413410+00:00,e475bd216680c21a3641cb1c847764a89810fae0218c9b71fa6de6a3ad3f2f70,https://finance.yahoo.com/quote/XDW0.DE/history,38.55500030517578
2022-05-31,CMOD,CMOD_OFFICIAL_NAV,2022-05-31,2022-05-31,2026-08-28T06:45:02.413410+00:00,8a0e74fe66464799538f3fe38dc7e3a8d44d0007d6953bd8c100de5b29f359cd,https://finance.yahoo.com/quote/CMOD.MI/history,26.110000610351562
2022-05-31,DFNS,FRED_NASDAQNQUSB50201020N,2022-05-31,2022-05-31,2026-08-28T06:45:02.413410+00:00,c84cc23ca82562d27a92626d90fb81e4b0efc18ca3b8123f69ffc5ec095939c0,https://fred.stlouisfed.org/graph/fredgraph.csv?id=NASDAQNQUSB50201020N,5218.768055167272388407417762
2022-05-31,DTEH,DTLE_OFFICIAL_NAV,2022-05-31,2022-05-31,2026-08-28T06:45:02.413410+00:00,a78f8cea4277832f4576b237f6852bd3c97aa9bb5351190fc497eedf31e45727,https://finance.yahoo.com/quote/DTLE.L/history,3.549543619155884
2022-05-31,EQAC,FRED_NASDAQXNDXNNR,2022-05-31,2022-05-31,2026-08-28T06:45:02.413410+00:00,c7a6f427535c8838870afd10b9902f56163384ad2a2390a4c68f91b36df3b112,https://fred.stlouisfed.org/graph/fredgraph.csv?id=NASDAQXNDXNNR,13417.54729288975864318330072
2022-05-31,EWSA,WSML_OFFICIAL_NAV,2022-05-31,2022-05-31,2026-08-28T06:45:02.413410+00:00,d59d40f4c32a5804609dab01d431ae183bea82f32b1aaa8bfb6371eb3a3299ae,https://finance.yahoo.com/quote/IUSN.DE/history,5.947999954223633
2022-05-31,IBCI,IBCI_OFFICIAL_NAV,2022-05-31,2022-05-31,2026-08-28T06:45:02.413410+00:00,171eff0c4c292e16179e1b51902197d45b4179255d7fce18b0bbc1540eb9632b,https://finance.yahoo.com/quote/IBCI.AS/history,231.74000549316406
2022-05-31,INFR,INFR_OFFICIAL_NAV,2022-05-31,2022-05-31,2026-08-28T06:45:02.413410+00:00,af6bd526b17d603012401b1f741f703084f42346f2e4393175b3290f49bd9bc2,https://finance.yahoo.com/quote/INFR.MI/history,28.423931121826172
2022-05-31,IWVL,IWVL_OFFICIAL_NAV,2022-05-31,2022-05-31,2026-08-28T06:45:02.413410+00:00,d50d5d869874811217fd20f8cff339dc3858c9609717a37425844299661aeecc,https://finance.yahoo.com/quote/IS3S.DE/history,33.97999954223633
2022-05-31,SGLD,LBMA_GOLD_PM,2022-05-31,2022-05-31,2026-08-28T06:45:02.413410+00:00,414251d3408c1500fae24f3037a81592774c3046dd7302b673f394f3dbcadb52,https://prices.lbma.org.uk/json/gold_pm.json,1713.447022644674308079396142
2022-05-31,WENE,XDW0_OFFICIAL_NAV,2022-05-31,2022-05-31,2026-08-28T06:45:02.413410+00:00,e475bd216680c21a3641cb1c847764a89810fae0218c9b71fa6de6a3ad3f2f70,https://finance.yahoo.com/quote/XDW0.DE/history,42.88999938964844
2022-06-30,CMOD,CMOD_OFFICIAL_NAV,2022-06-30,2022-06-30,2026-08-28T06:45:02.413410+00:00,8a0e74fe66464799538f3fe38dc7e3a8d44d0007d6953bd8c100de5b29f359cd,https://finance.yahoo.com/quote/CMOD.MI/history,23.899999618530273
2022-06-30,DFNS,FRED_NASDAQNQUSB50201020N,2022-06-30,2022-06-30,2026-08-28T06:45:02.413410+00:00,c84cc23ca82562d27a92626d90fb81e4b0efc18ca3b8123f69ffc5ec095939c0,https://fred.stlouisfed.org/graph/fredgraph.csv?id=NASDAQNQUSB50201020N,5317.499283599197631101346834
2022-06-30,DTEH,DTLE_OFFICIAL_NAV,2022-06-30,2022-06-30,2026-08-28T06:45:02.413410+00:00,a78f8cea4277832f4576b237f6852bd3c97aa9bb5351190fc497eedf31e45727,https://finance.yahoo.com/quote/DTLE.L/history,3.5154073238372803
2022-06-30,EQAC,FRED_NASDAQXNDXNNR,2022-06-30,2022-06-30,2026-08-28T06:45:02.413410+00:00,c7a6f427535c8838870afd10b9902f56163384ad2a2390a4c68f91b36df3b112,https://fred.stlouisfed.org/graph/fredgraph.csv?id=NASDAQXNDXNNR,12520.66099914031903715732162
2022-06-30,EWSA,WSML_OFFICIAL_NAV,2022-06-30,2022-06-30,2026-08-28T06:45:02.413410+00:00,d59d40f4c32a5804609dab01d431ae183bea82f32b1aaa8bfb6371eb3a3299ae,https://finance.yahoo.com/quote/IUSN.DE/history,5.495999813079834
2022-06-30,IBCI,IBCI_OFFICIAL_NAV,2022-06-30,2022-06-30,2026-08-28T06:45:02.413410+00:00,171eff0c4c292e16179e1b51902197d45b4179255d7fce18b0bbc1540eb9632b,https://finance.yahoo.com/quote/IBCI.AS/history,224.50999450683594
2022-06-30,INFR,INFR_OFFICIAL_NAV,2022-06-30,2022-06-30,2026-08-28T06:45:02.413410+00:00,af6bd526b17d603012401b1f741f703084f42346f2e4393175b3290f49bd9bc2,https://finance.yahoo.com/quote/INFR.MI/history,27.376731872558594
2022-06-30,IWVL,IWVL_OFFICIAL_NAV,2022-06-30,2022-06-30,2026-08-28T06:45:02.413410+00:00,d50d5d869874811217fd20f8cff339dc3858c9609717a37425844299661aeecc,https://finance.yahoo.com/quote/IS3S.DE/history,31.350000381469727
2022-06-30,SGLD,LBMA_GOLD_PM,2022-06-30,2022-06-30,2026-08-28T06:45:02.413410+00:00,414251d3408c1500fae24f3037a81592774c3046dd7302b673f394f3dbcadb52,https://prices.lbma.org.uk/json/gold_pm.json,1735.600343872385137071353520
2022-06-30,WENE,XDW0_OFFICIAL_NAV,2022-06-30,2022-06-30,2026-08-28T06:45:02.413410+00:00,e475bd216680c21a3641cb1c847764a89810fae0218c9b71fa6de6a3ad3f2f70,https://finance.yahoo.com/quote/XDW0.DE/history,36.875
2022-07-31,CMOD,CMOD_OFFICIAL_NAV,2022-07-29,2022-07-29,2026-08-28T06:45:02.413410+00:00,8a0e74fe66464799538f3fe38dc7e3a8d44d0007d6953bd8c100de5b29f359cd,https://finance.yahoo.com/quote/CMOD.MI/history,25.28499984741211
2022-07-31,DFNS,FRED_NASDAQNQUSB50201020N,2022-07-29,2022-07-29,2026-08-28T06:45:02.413410+00:00,c84cc23ca82562d27a92626d90fb81e4b0efc18ca3b8123f69ffc5ec095939c0,https://fred.stlouisfed.org/graph/fredgraph.csv?id=NASDAQNQUSB50201020N,5433.552244657910213683591453
2022-07-31,DTEH,DTLE_OFFICIAL_NAV,2022-07-29,2022-07-29,2026-08-28T06:45:02.413410+00:00,a78f8cea4277832f4576b237f6852bd3c97aa9bb5351190fc497eedf31e45727,https://finance.yahoo.com/quote/DTLE.L/history,3.620722532272339
2022-07-31,EQAC,FRED_NASDAQXNDXNNR,2022-07-29,2022-07-29,2026-08-28T06:45:02.413410+00:00,c7a6f427535c8838870afd10b9902f56163384ad2a2390a4c68f91b36df3b112,https://fred.stlouisfed.org/graph/fredgraph.csv?id=NASDAQXNDXNNR,14465.75181336992746520290139
2022-07-31,EWSA,WSML_OFFICIAL_NAV,2022-07-29,2022-07-29,2026-08-28T06:45:02.413410+00:00,d59d40f4c32a5804609dab01d431ae183bea82f32b1aaa8bfb6371eb3a3299ae,https://finance.yahoo.com/quote/IUSN.DE/history,6.120999813079834
2022-07-31,IBCI,IBCI_OFFICIAL_NAV,2022-07-29,2022-07-29,2026-08-28T06:45:02.413410+00:00,171eff0c4c292e16179e1b51902197d45b4179255d7fce18b0bbc1540eb9632b,https://finance.yahoo.com/quote/IBCI.AS/history,236.9600067138672
2022-07-31,INFR,INFR_OFFICIAL_NAV,2022-07-29,2022-07-29,2026-08-28T06:45:02.413410+00:00,af6bd526b17d603012401b1f741f703084f42346f2e4393175b3290f49bd9bc2,https://finance.yahoo.com/quote/INFR.MI/history,29.83832550048828
2022-07-31,IWVL,IWVL_OFFICIAL_NAV,2022-07-29,2022-07-29,2026-08-28T06:45:02.413410+00:00,d50d5d869874811217fd20f8cff339dc3858c9609717a37425844299661aeecc,https://finance.yahoo.com/quote/IS3S.DE/history,33.01499938964844
2022-07-31,SGLD,LBMA_GOLD_PM,2022-07-29,2022-07-29,2026-08-28T06:45:02.413410+00:00,414251d3408c1500fae24f3037a81592774c3046dd7302b673f394f3dbcadb52,https://prices.lbma.org.uk/json/gold_pm.json,1718.682611252695549892178004
2022-07-31,WENE,XDW0_OFFICIAL_NAV,2022-07-29,2022-07-29,2026-08-28T06:45:02.413410+00:00,e475bd216680c21a3641cb1c847764a89810fae0218c9b71fa6de6a3ad3f2f70,https://finance.yahoo.com/quote/XDW0.DE/history,40.17499923706055
2022-08-31,CMOD,CMOD_OFFICIAL_NAV,2022-08-31,2022-08-31,2026-08-28T06:45:02.413410+00:00,8a0e74fe66464799538f3fe38dc7e3a8d44d0007d6953bd8c100de5b29f359cd,https://finance.yahoo.com/quote/CMOD.MI/history,25.454999923706055
2022-08-31,DFNS,FRED_NASDAQNQUSB50201020N,2022-08-31,2022-08-31,2026-08-28T06:45:02.413410+00:00,c84cc23ca82562d27a92626d90fb81e4b0efc18ca3b8123f69ffc5ec095939c0,https://fred.stlouisfed.org/graph/fredgraph.csv?id=NASDAQNQUSB50201020N,5514.764033780427223050173870
2022-08-31,DTEH,DTLE_OFFICIAL_NAV,2022-08-31,2022-08-31,2026-08-28T06:45:02.413410+00:00,a78f8cea4277832f4576b237f6852bd3c97aa9bb5351190fc497eedf31e45727,https://finance.yahoo.com/quote/DTLE.L/history,3.439877986907959
2022-08-31,EQAC,FRED_NASDAQXNDXNNR,2022-08-31,2022-08-31,2026-08-28T06:45:02.413410+00:00,c7a6f427535c8838870afd10b9902f56163384ad2a2390a4c68f91b36df3b112,https://fred.stlouisfed.org/graph/fredgraph.csv?id=NASDAQXNDXNNR,13908.45504222553402881271734
2022-08-31,EWSA,WSML_OFFICIAL_NAV,2022-08-31,2022-08-31,2026-08-28T06:45:02.413410+00:00,d59d40f4c32a5804609dab01d431ae183bea82f32b1aaa8bfb6371eb3a3299ae,https://finance.yahoo.com/quote/IUSN.DE/history,6.039999961853027
2022-08-31,IBCI,IBCI_OFFICIAL_NAV,2022-08-31,2022-08-31,2026-08-28T06:45:02.413410+00:00,171eff0c4c292e16179e1b51902197d45b4179255d7fce18b0bbc1540eb9632b,https://finance.yahoo.com/quote/IBCI.AS/history,226.16000366210938
2022-08-31,INFR,INFR_OFFICIAL_NAV,2022-08-31,2022-08-31,2026-08-28T06:45:02.413410+00:00,af6bd526b17d603012401b1f741f703084f42346f2e4393175b3290f49bd9bc2,https://finance.yahoo.com/quote/INFR.MI/history,29.820964813232422
2022-08-31,IWVL,IWVL_OFFICIAL_NAV,2022-08-31,2022-08-31,2026-08-28T06:45:02.413410+00:00,d50d5d869874811217fd20f8cff339dc3858c9609717a37425844299661aeecc,https://finance.yahoo.com/quote/IS3S.DE/history,32.375
2022-08-31,SGLD,LBMA_GOLD_PM,2022-08-31,2022-08-31,2026-08-28T06:45:02.413410+00:00,414251d3408c1500fae24f3037a81592774c3046dd7302b673f394f3dbcadb52,https://prices.lbma.org.uk/json/gold_pm.json,1704.818678589170392449080974
2022-08-31,WENE,XDW0_OFFICIAL_NAV,2022-08-31,2022-08-31,2026-08-28T06:45:02.413410+00:00,e475bd216680c21a3641cb1c847764a89810fae0218c9b71fa6de6a3ad3f2f70,https://finance.yahoo.com/quote/XDW0.DE/history,41.93000030517578
2022-09-30,CMOD,CMOD_OFFICIAL_NAV,2022-09-30,2022-09-30,2026-08-28T06:45:02.413410+00:00,8a0e74fe66464799538f3fe38dc7e3a8d44d0007d6953bd8c100de5b29f359cd,https://finance.yahoo.com/quote/CMOD.MI/history,24.325000762939453
2022-09-30,DFNS,FRED_NASDAQNQUSB50201020N,2022-09-30,2022-09-30,2026-08-28T06:45:02.413410+00:00,c84cc23ca82562d27a92626d90fb81e4b0efc18ca3b8123f69ffc5ec095939c0,https://fred.stlouisfed.org/graph/fredgraph.csv?id=NASDAQNQUSB50201020N,5319.227230910763569457221711
2022-09-30,DTEH,DTLE_OFFICIAL_NAV,2022-09-30,2022-09-30,2026-08-28T06:45:02.413410+00:00,a78f8cea4277832f4576b237f6852bd3c97aa9bb5351190fc497eedf31e45727,https://finance.yahoo.com/quote/DTLE.L/history,3.1547815799713135
2022-09-30,EQAC,FRED_NASDAQXNDXNNR,2022-09-30,2022-09-30,2026-08-28T06:45:02.413410+00:00,c7a6f427535c8838870afd10b9902f56163384ad2a2390a4c68f91b36df3b112,https://fred.stlouisfed.org/graph/fredgraph.csv?id=NASDAQXNDXNNR,12797.85341919656547071450475
2022-09-30,EWSA,WSML_OFFICIAL_NAV,2022-09-30,2022-09-30,2026-08-28T06:45:02.413410+00:00,d59d40f4c32a5804609dab01d431ae183bea82f32b1aaa8bfb6371eb3a3299ae,https://finance.yahoo.com/quote/IUSN.DE/history,5.638999938964844
2022-09-30,IBCI,IBCI_OFFICIAL_NAV,2022-09-30,2022-09-30,2026-08-28T06:45:02.413410+00:00,171eff0c4c292e16179e1b51902197d45b4179255d7fce18b0bbc1540eb9632b,https://finance.yahoo.com/quote/IBCI.AS/history,212.69000244140625
2022-09-30,INFR,INFR_OFFICIAL_NAV,2022-09-30,2022-09-30,2026-08-28T06:45:02.413410+00:00,af6bd526b17d603012401b1f741f703084f42346f2e4393175b3290f49bd9bc2,https://finance.yahoo.com/quote/INFR.MI/history,27.13443374633789
2022-09-30,IWVL,IWVL_OFFICIAL_NAV,2022-09-30,2022-09-30,2026-08-28T06:45:02.413410+00:00,d50d5d869874811217fd20f8cff339dc3858c9609717a37425844299661aeecc,https://finance.yahoo.com/quote/IS3S.DE/history,30.28499984741211
2022-09-30,SGLD,LBMA_GOLD_PM,2022-09-30,2022-09-30,2026-08-28T06:45:02.413410+00:00,414251d3408c1500fae24f3037a81592774c3046dd7302b673f394f3dbcadb52,https://prices.lbma.org.uk/json/gold_pm.json,1708.831646734130634774609016
2022-09-30,WENE,XDW0_OFFICIAL_NAV,2022-09-30,2022-09-30,2026-08-28T06:45:02.413410+00:00,e475bd216680c21a3641cb1c847764a89810fae0218c9b71fa6de6a3ad3f2f70,https://finance.yahoo.com/quote/XDW0.DE/history,39.2400016784668
2022-10-31,CMOD,CMOD_OFFICIAL_NAV,2022-10-31,2022-10-31,2026-08-28T06:45:02.413410+00:00,8a0e74fe66464799538f3fe38dc7e3a8d44d0007d6953bd8c100de5b29f359cd,https://finance.yahoo.com/quote/CMOD.MI/history,24.059999465942383
2022-10-31,DFNS,FRED_NASDAQNQUSB50201020N,2022-10-31,2022-10-31,2026-08-28T06:45:02.413410+00:00,c84cc23ca82562d27a92626d90fb81e4b0efc18ca3b8123f69ffc5ec095939c0,https://fred.stlouisfed.org/graph/fredgraph.csv?id=NASDAQNQUSB50201020N,6345.574102175012645422357107
2022-10-31,DTEH,DTLE_OFFICIAL_NAV,2022-10-31,2022-10-31,2026-08-28T06:45:02.413410+00:00,a78f8cea4277832f4576b237f6852bd3c97aa9bb5351190fc497eedf31e45727,https://finance.yahoo.com/quote/DTLE.L/history,2.9301087856292725
2022-10-31,EQAC,FRED_NASDAQXNDXNNR,2022-10-31,2022-10-31,2026-08-28T06:45:02.413410+00:00,c7a6f427535c8838870afd10b9902f56163384ad2a2390a4c68f91b36df3b112,https://fred.stlouisfed.org/graph/fredgraph.csv?id=NASDAQXNDXNNR,13171.48204350025290844714213
2022-10-31,EWSA,WSML_OFFICIAL_NAV,2022-10-31,2022-10-31,2026-08-28T06:45:02.413410+00:00,d59d40f4c32a5804609dab01d431ae183bea82f32b1aaa8bfb6371eb3a3299ae,https://finance.yahoo.com/quote/IUSN.DE/history,5.939000129699707
2022-10-31,IBCI,IBCI_OFFICIAL_NAV,2022-10-31,2022-10-31,2026-08-28T06:45:02.413410+00:00,171eff0c4c292e16179e1b51902197d45b4179255d7fce18b0bbc1540eb9632b,https://finance.yahoo.com/quote/IBCI.AS/history,219.52000427246094
2022-10-31,INFR,INFR_OFFICIAL_NAV,2022-10-31,2022-10-31,2026-08-28T06:45:02.413410+00:00,af6bd526b17d603012401b1f741f703084f42346f2e4393175b3290f49bd9bc2,https://finance.yahoo.com/quote/INFR.MI/history,27.321439743041992
2022-10-31,IWVL,IWVL_OFFICIAL_NAV,2022-10-31,2022-10-31,2026-08-28T06:45:02.413410+00:00,d50d5d869874811217fd20f8cff339dc3858c9609717a37425844299661aeecc,https://finance.yahoo.com/quote/IS3S.DE/history,32.1349983215332
2022-10-31,SGLD,LBMA_GOLD_PM,2022-10-31,2022-10-31,2026-08-28T06:45:02.413410+00:00,414251d3408c1500fae24f3037a81592774c3046dd7302b673f394f3dbcadb52,https://prices.lbma.org.uk/json/gold_pm.json,1658.067779463834092058674760
2022-10-31,WENE,XDW0_OFFICIAL_NAV,2022-10-31,2022-10-31,2026-08-28T06:45:02.413410+00:00,e475bd216680c21a3641cb1c847764a89810fae0218c9b71fa6de6a3ad3f2f70,https://finance.yahoo.com/quote/XDW0.DE/history,46.04999923706055
2022-11-30,CMOD,CMOD_OFFICIAL_NAV,2022-11-30,2022-11-30,2026-08-28T06:45:02.413410+00:00,8a0e74fe66464799538f3fe38dc7e3a8d44d0007d6953bd8c100de5b29f359cd,https://finance.yahoo.com/quote/CMOD.MI/history,23.795000076293945
2022-11-30,DFNS,FRED_NASDAQNQUSB50201020N,2022-11-30,2022-11-30,2026-08-28T06:45:02.413410+00:00,c84cc23ca82562d27a92626d90fb81e4b0efc18ca3b8123f69ffc5ec095939c0,https://fred.stlouisfed.org/graph/fredgraph.csv?id=NASDAQNQUSB50201020N,6044.483192870289644483192870
2022-11-30,DTEH,DTLE_OFFICIAL_NAV,2022-11-30,2022-11-30,2026-08-28T06:45:02.413410+00:00,a78f8cea4277832f4576b237f6852bd3c97aa9bb5351190fc497eedf31e45727,https://finance.yahoo.com/quote/DTLE.L/history,3.082869529724121
2022-11-30,EQAC,FRED_NASDAQXNDXNNR,2022-11-30,2022-11-30,2026-08-28T06:45:02.413410+00:00,c7a6f427535c8838870afd10b9902f56163384ad2a2390a4c68f91b36df3b112,https://fred.stlouisfed.org/graph/fredgraph.csv?id=NASDAQXNDXNNR,13315.60592850915431560592851
2022-11-30,EWSA,WSML_OFFICIAL_NAV,2022-11-30,2022-11-30,2026-08-28T06:45:02.413410+00:00,d59d40f4c32a5804609dab01d431ae183bea82f32b1aaa8bfb6371eb3a3299ae,https://finance.yahoo.com/quote/IUSN.DE/history,5.961999893188477
2022-11-30,IBCI,IBCI_OFFICIAL_NAV,2022-11-30,2022-11-30,2026-08-28T06:45:02.413410+00:00,171eff0c4c292e16179e1b51902197d45b4179255d7fce18b0bbc1540eb9632b,https://finance.yahoo.com/quote/IBCI.AS/history,227.25999450683594
2022-11-30,INFR,INFR_OFFICIAL_NAV,2022-11-30,2022-11-30,2026-08-28T06:45:02.413410+00:00,af6bd526b17d603012401b1f741f703084f42346f2e4393175b3290f49bd9bc2,https://finance.yahoo.com/quote/INFR.MI/history,27.85390281677246
2022-11-30,IWVL,IWVL_OFFICIAL_NAV,2022-11-30,2022-11-30,2026-08-28T06:45:02.413410+00:00,d50d5d869874811217fd20f8cff339dc3858c9609717a37425844299661aeecc,https://finance.yahoo.com/quote/IS3S.DE/history,33.23500061035156
2022-11-30,SGLD,LBMA_GOLD_PM,2022-11-30,2022-11-30,2026-08-28T06:45:02.413410+00:00,414251d3408c1500fae24f3037a81592774c3046dd7302b673f394f3dbcadb52,https://prices.lbma.org.uk/json/gold_pm.json,1698.634117988956698634117989
2022-11-30,WENE,XDW0_OFFICIAL_NAV,2022-11-30,2022-11-30,2026-08-28T06:45:02.413410+00:00,e475bd216680c21a3641cb1c847764a89810fae0218c9b71fa6de6a3ad3f2f70,https://finance.yahoo.com/quote/XDW0.DE/history,45.56999969482422
2022-12-31,CMOD,CMOD_OFFICIAL_NAV,2022-12-30,2022-12-30,2026-08-28T06:45:02.413410+00:00,8a0e74fe66464799538f3fe38dc7e3a8d44d0007d6953bd8c100de5b29f359cd,https://finance.yahoo.com/quote/CMOD.MI/history,22.354999542236328
2022-12-31,DFNS,FRED_NASDAQNQUSB50201020N,2022-12-30,2022-12-30,2026-08-28T06:45:02.413410+00:00,c84cc23ca82562d27a92626d90fb81e4b0efc18ca3b8123f69ffc5ec095939c0,https://fred.stlouisfed.org/graph/fredgraph.csv?id=NASDAQNQUSB50201020N,5756.823705365488876425500093
2022-12-31,DTEH,DTLE_OFFICIAL_NAV,2022-12-30,2022-12-30,2026-08-28T06:45:02.413410+00:00,a78f8cea4277832f4576b237f6852bd3c97aa9bb5351190fc497eedf31e45727,https://finance.yahoo.com/quote/DTLE.L/history,3.0562334060668945
2022-12-31,EQAC,FRED_NASDAQXNDXNNR,2022-12-30,2022-12-30,2026-08-28T06:45:02.413410+00:00,c7a6f427535c8838870afd10b9902f56163384ad2a2390a4c68f91b36df3b112,https://fred.stlouisfed.org/graph/fredgraph.csv?id=NASDAQXNDXNNR,11689.19424191437651897550944
2022-12-31,EWSA,WSML_OFFICIAL_NAV,2022-12-30,2022-12-30,2026-08-28T06:45:02.413410+00:00,d59d40f4c32a5804609dab01d431ae183bea82f32b1aaa8bfb6371eb3a3299ae,https://finance.yahoo.com/quote/IUSN.DE/history,5.63700008392334
2022-12-31,IBCI,IBCI_OFFICIAL_NAV,2022-12-30,2022-12-30,2026-08-28T06:45:02.413410+00:00,171eff0c4c292e16179e1b51902197d45b4179255d7fce18b0bbc1540eb9632b,https://finance.yahoo.com/quote/IBCI.AS/history,215.88999938964844
2022-12-31,INFR,INFR_OFFICIAL_NAV,2022-12-30,2022-12-30,2026-08-28T06:45:02.413410+00:00,af6bd526b17d603012401b1f741f703084f42346f2e4393175b3290f49bd9bc2,https://finance.yahoo.com/quote/INFR.MI/history,26.621143341064453
2022-12-31,IWVL,IWVL_OFFICIAL_NAV,2022-12-30,2022-12-30,2026-08-28T06:45:02.413410+00:00,d50d5d869874811217fd20f8cff339dc3858c9609717a37425844299661aeecc,https://finance.yahoo.com/quote/IS3S.DE/history,31.889999389648438
2022-12-31,SGLD,LBMA_GOLD_PM,2022-12-29,2022-12-29,2026-08-28T06:45:02.413410+00:00,414251d3408c1500fae24f3037a81592774c3046dd7302b673f394f3dbcadb52,https://prices.lbma.org.uk/json/gold_pm.json,1695.410357076088988595999252
2022-12-31,WENE,XDW0_OFFICIAL_NAV,2022-12-30,2022-12-30,2026-08-28T06:45:02.413410+00:00,e475bd216680c21a3641cb1c847764a89810fae0218c9b71fa6de6a3ad3f2f70,https://finance.yahoo.com/quote/XDW0.DE/history,42.31999969482422
2023-01-31,CMOD,CMOD_OFFICIAL_NAV,2023-01-31,2023-01-31,2026-08-28T06:45:02.413410+00:00,8a0e74fe66464799538f3fe38dc7e3a8d44d0007d6953bd8c100de5b29f359cd,https://finance.yahoo.com/quote/CMOD.MI/history,21.90999984741211
2023-01-31,DFNS,FRED_NASDAQNQUSB50201020N,2023-01-31,2023-01-31,2026-08-28T06:45:02.413410+00:00,c84cc23ca82562d27a92626d90fb81e4b0efc18ca3b8123f69ffc5ec095939c0,https://fred.stlouisfed.org/graph/fredgraph.csv?id=NASDAQNQUSB50201020N,5344.906981027813593663658132
2023-01-31,DTEH,DTLE_OFFICIAL_NAV,2023-01-31,2023-01-31,2026-08-28T06:45:02.413410+00:00,a78f8cea4277832f4576b237f6852bd3c97aa9bb5351190fc497eedf31e45727,https://finance.yahoo.com/quote/DTLE.L/history,3.229382276535034
2023-01-31,EQAC,FRED_NASDAQXNDXNNR,2023-01-31,2023-01-31,2026-08-28T06:45:02.413410+00:00,c7a6f427535c8838870afd10b9902f56163384ad2a2390a4c68f91b36df3b112,https://fred.stlouisfed.org/graph/fredgraph.csv?id=NASDAQXNDXNNR,12743.96758150672315343525511
2023-01-31,EWSA,WSML_OFFICIAL_NAV,2023-01-31,2023-01-31,2026-08-28T06:45:02.413410+00:00,d59d40f4c32a5804609dab01d431ae183bea82f32b1aaa8bfb6371eb3a3299ae,https://finance.yahoo.com/quote/IUSN.DE/history,6.040999889373779
2023-01-31,IBCI,IBCI_OFFICIAL_NAV,2023-01-31,2023-01-31,2026-08-28T06:45:02.413410+00:00,171eff0c4c292e16179e1b51902197d45b4179255d7fce18b0bbc1540eb9632b,https://finance.yahoo.com/quote/IBCI.AS/history,219.82000732421875
2023-01-31,INFR,INFR_OFFICIAL_NAV,2023-01-31,2023-01-31,2026-08-28T06:45:02.413410+00:00,af6bd526b17d603012401b1f741f703084f42346f2e4393175b3290f49bd9bc2,https://finance.yahoo.com/quote/INFR.MI/history,26.318687438964844
2023-01-31,IWVL,IWVL_OFFICIAL_NAV,2023-01-31,2023-01-31,2026-08-28T06:45:02.413410+00:00,d50d5d869874811217fd20f8cff339dc3858c9609717a37425844299661aeecc,https://finance.yahoo.com/quote/IS3S.DE/history,33.5099983215332
2023-01-31,SGLD,LBMA_GOLD_PM,2023-01-31,2023-01-31,2026-08-28T06:45:02.413410+00:00,414251d3408c1500fae24f3037a81592774c3046dd7302b673f394f3dbcadb52,https://prices.lbma.org.uk/json/gold_pm.json,1771.873273162645054337815436
2023-01-31,WENE,XDW0_OFFICIAL_NAV,2023-01-31,2023-01-31,2026-08-28T06:45:02.413410+00:00,e475bd216680c21a3641cb1c847764a89810fae0218c9b71fa6de6a3ad3f2f70,https://finance.yahoo.com/quote/XDW0.DE/history,43.06999969482422
2023-02-28,CMOD,CMOD_OFFICIAL_NAV,2023-02-28,2023-02-28,2026-08-28T06:45:02.413410+00:00,8a0e74fe66464799538f3fe38dc7e3a8d44d0007d6953bd8c100de5b29f359cd,https://finance.yahoo.com/quote/CMOD.MI/history,21.360000610351562
2023-02-28,DFNS,FRED_NASDAQNQUSB50201020N,2023-02-28,2023-02-28,2026-08-28T06:45:02.413410+00:00,c84cc23ca82562d27a92626d90fb81e4b0efc18ca3b8123f69ffc5ec095939c0,https://fred.stlouisfed.org/graph/fredgraph.csv?id=NASDAQNQUSB50201020N,5550.018864365214110545180155
2023-02-28,DTEH,DTLE_OFFICIAL_NAV,2023-02-28,2023-02-28,2026-08-28T06:45:02.413410+00:00,a78f8cea4277832f4576b237f6852bd3c97aa9bb5351190fc497eedf31e45727,https://finance.yahoo.com/quote/DTLE.L/history,3.059687852859497
2023-02-28,EQAC,FRED_NASDAQXNDXNNR,2023-02-28,2023-02-28,2026-08-28T06:45:02.413410+00:00,c7a6f427535c8838870afd10b9902f56163384ad2a2390a4c68f91b36df3b112,https://fred.stlouisfed.org/graph/fredgraph.csv?id=NASDAQXNDXNNR,12998.33050367855121675155631
2023-02-28,EWSA,WSML_OFFICIAL_NAV,2023-02-28,2023-02-28,2026-08-28T06:45:02.413410+00:00,d59d40f4c32a5804609dab01d431ae183bea82f32b1aaa8bfb6371eb3a3299ae,https://finance.yahoo.com/quote/IUSN.DE/history,6.117000102996826
2023-02-28,IBCI,IBCI_OFFICIAL_NAV,2023-02-28,2023-02-28,2026-08-28T06:45:02.413410+00:00,171eff0c4c292e16179e1b51902197d45b4179255d7fce18b0bbc1540eb9632b,https://finance.yahoo.com/quote/IBCI.AS/history,219.4199981689453
2023-02-28,INFR,INFR_OFFICIAL_NAV,2023-02-28,2023-02-28,2026-08-28T06:45:02.413410+00:00,af6bd526b17d603012401b1f741f703084f42346f2e4393175b3290f49bd9bc2,https://finance.yahoo.com/quote/INFR.MI/history,25.990314483642578
2023-02-28,IWVL,IWVL_OFFICIAL_NAV,2023-02-28,2023-02-28,2026-08-28T06:45:02.413410+00:00,d50d5d869874811217fd20f8cff339dc3858c9609717a37425844299661aeecc,https://finance.yahoo.com/quote/IS3S.DE/history,33.845001220703125
2023-02-28,SGLD,LBMA_GOLD_PM,2023-02-28,2023-02-28,2026-08-28T06:45:02.413410+00:00,414251d3408c1500fae24f3037a81592774c3046dd7302b673f394f3dbcadb52,https://prices.lbma.org.uk/json/gold_pm.json,1720.996038483305036785512168
2023-02-28,WENE,XDW0_OFFICIAL_NAV,2023-02-28,2023-02-28,2026-08-28T06:45:02.413410+00:00,e475bd216680c21a3641cb1c847764a89810fae0218c9b71fa6de6a3ad3f2f70,https://finance.yahoo.com/quote/XDW0.DE/history,42.39500045776367
2023-03-31,CMOD,CMOD_OFFICIAL_NAV,2023-03-31,2023-03-31,2026-08-28T06:45:02.413410+00:00,8a0e74fe66464799538f3fe38dc7e3a8d44d0007d6953bd8c100de5b29f359cd,https://finance.yahoo.com/quote/CMOD.MI/history,20.81999969482422
2023-03-31,DFNS,FRED_NASDAQNQUSB50201020N,2023-03-31,2023-03-31,2026-08-28T06:45:02.413410+00:00,c84cc23ca82562d27a92626d90fb81e4b0efc18ca3b8123f69ffc5ec095939c0,https://fred.stlouisfed.org/graph/fredgraph.csv?id=NASDAQNQUSB50201020N,5383.793230316409124356144224
2023-03-31,DTEH,DTLE_OFFICIAL_NAV,2023-03-31,2023-03-31,2026-08-28T06:45:02.413410+00:00,a78f8cea4277832f4576b237f6852bd3c97aa9bb5351190fc497eedf31e45727,https://finance.yahoo.com/quote/DTLE.L/history,3.198725461959839
2023-03-31,EQAC,FRED_NASDAQXNDXNNR,2023-03-31,2023-03-31,2026-08-28T06:45:02.413410+00:00,c7a6f427535c8838870afd10b9902f56163384ad2a2390a4c68f91b36df3b112,https://fred.stlouisfed.org/graph/fredgraph.csv?id=NASDAQXNDXNNR,13881.66850625459896983075791
2023-03-31,EWSA,WSML_OFFICIAL_NAV,2023-03-31,2023-03-31,2026-08-28T06:45:02.413410+00:00,d59d40f4c32a5804609dab01d431ae183bea82f32b1aaa8bfb6371eb3a3299ae,https://finance.yahoo.com/quote/IUSN.DE/history,5.802000045776367
2023-03-31,IBCI,IBCI_OFFICIAL_NAV,2023-03-31,2023-03-31,2026-08-28T06:45:02.413410+00:00,171eff0c4c292e16179e1b51902197d45b4179255d7fce18b0bbc1540eb9632b,https://finance.yahoo.com/quote/IBCI.AS/history,222.47000122070312
2023-03-31,INFR,INFR_OFFICIAL_NAV,2023-03-31,2023-03-31,2026-08-28T06:45:02.413410+00:00,af6bd526b17d603012401b1f741f703084f42346f2e4393175b3290f49bd9bc2,https://finance.yahoo.com/quote/INFR.MI/history,25.7784481048584
2023-03-31,IWVL,IWVL_OFFICIAL_NAV,2023-03-31,2023-03-31,2026-08-28T06:45:02.413410+00:00,d50d5d869874811217fd20f8cff339dc3858c9609717a37425844299661aeecc,https://finance.yahoo.com/quote/IS3S.DE/history,33.125
2023-03-31,SGLD,LBMA_GOLD_PM,2023-03-31,2023-03-31,2026-08-28T06:45:02.413410+00:00,414251d3408c1500fae24f3037a81592774c3046dd7302b673f394f3dbcadb52,https://prices.lbma.org.uk/json/gold_pm.json,1820.916114790286975717439294
2023-03-31,WENE,XDW0_OFFICIAL_NAV,2023-03-31,2023-03-31,2026-08-28T06:45:02.413410+00:00,e475bd216680c21a3641cb1c847764a89810fae0218c9b71fa6de6a3ad3f2f70,https://finance.yahoo.com/quote/XDW0.DE/history,40.505001068115234
2023-04-30,CMOD,CMOD_OFFICIAL_NAV,2023-04-28,2023-04-28,2026-08-28T06:45:02.413410+00:00,8a0e74fe66464799538f3fe38dc7e3a8d44d0007d6953bd8c100de5b29f359cd,https://finance.yahoo.com/quote/CMOD.MI/history,20.290000915527344
2023-04-30,DFNS,FRED_NASDAQNQUSB50201020N,2023-04-28,2023-04-28,2026-08-28T06:45:02.413410+00:00,c84cc23ca82562d27a92626d90fb81e4b0efc18ca3b8123f69ffc5ec095939c0,https://fred.stlouisfed.org/graph/fredgraph.csv?id=NASDAQNQUSB50201020N,5205.489130434782608695652174
2023-04-30,DTEH,DTLE_OFFICIAL_NAV,2023-04-28,2023-04-28,2026-08-28T06:45:02.413410+00:00,a78f8cea4277832f4576b237f6852bd3c97aa9bb5351190fc497eedf31e45727,https://finance.yahoo.com/quote/DTLE.L/history,3.223337173461914
2023-04-30,EQAC,FRED_NASDAQXNDXNNR,2023-04-28,2023-04-28,2026-08-28T06:45:02.413410+00:00,c7a6f427535c8838870afd10b9902f56163384ad2a2390a4c68f91b36df3b112,https://fred.stlouisfed.org/graph/fredgraph.csv?id=NASDAQXNDXNNR,13740.19927536231884057971014
2023-04-30,EWSA,WSML_OFFICIAL_NAV,2023-04-28,2023-04-28,2026-08-28T06:45:02.413410+00:00,d59d40f4c32a5804609dab01d431ae183bea82f32b1aaa8bfb6371eb3a3299ae,https://finance.yahoo.com/quote/IUSN.DE/history,5.711999893188477
2023-04-30,IBCI,IBCI_OFFICIAL_NAV,2023-04-28,2023-04-28,2026-08-28T06:45:02.413410+00:00,171eff0c4c292e16179e1b51902197d45b4179255d7fce18b0bbc1540eb9632b,https://finance.yahoo.com/quote/IBCI.AS/history,222.74000549316406
2023-04-30,INFR,INFR_OFFICIAL_NAV,2023-04-28,2023-04-28,2026-08-28T06:45:02.413410+00:00,af6bd526b17d603012401b1f741f703084f42346f2e4393175b3290f49bd9bc2,https://finance.yahoo.com/quote/INFR.MI/history,25.948862075805664
2023-04-30,IWVL,IWVL_OFFICIAL_NAV,2023-04-28,2023-04-28,2026-08-28T06:45:02.413410+00:00,d50d5d869874811217fd20f8cff339dc3858c9609717a37425844299661aeecc,https://finance.yahoo.com/quote/IS3S.DE/history,32.95000076293945
2023-04-30,SGLD,LBMA_GOLD_PM,2023-04-28,2023-04-28,2026-08-28T06:45:02.413410+00:00,414251d3408c1500fae24f3037a81592774c3046dd7302b673f394f3dbcadb52,https://prices.lbma.org.uk/json/gold_pm.json,1795.788043478260869565217391
2023-04-30,WENE,XDW0_OFFICIAL_NAV,2023-04-28,2023-04-28,2026-08-28T06:45:02.413410+00:00,e475bd216680c21a3641cb1c847764a89810fae0218c9b71fa6de6a3ad3f2f70,https://finance.yahoo.com/quote/XDW0.DE/history,41.415000915527344
2023-05-31,CMOD,CMOD_OFFICIAL_NAV,2023-05-31,2023-05-31,2026-08-28T06:45:02.413410+00:00,8a0e74fe66464799538f3fe38dc7e3a8d44d0007d6953bd8c100de5b29f359cd,https://finance.yahoo.com/quote/CMOD.MI/history,19.908000946044922
2023-05-31,DFNS,FRED_NASDAQNQUSB50201020N,2023-05-31,2023-05-31,2026-08-28T06:45:02.413410+00:00,c84cc23ca82562d27a92626d90fb81e4b0efc18ca3b8123f69ffc5ec095939c0,https://fred.stlouisfed.org/graph/fredgraph.csv?id=NASDAQNQUSB50201020N,5097.240473061760840998685940
2023-05-31,DTEH,DTLE_OFFICIAL_NAV,2023-05-31,2023-05-31,2026-08-28T06:45:02.413410+00:00,a78f8cea4277832f4576b237f6852bd3c97aa9bb5351190fc497eedf31e45727,https://finance.yahoo.com/quote/DTLE.L/history,3.1106393337249756
2023-05-31,EQAC,FRED_NASDAQXNDXNNR,2023-05-31,2023-05-31,2026-08-28T06:45:02.413410+00:00,c7a6f427535c8838870afd10b9902f56163384ad2a2390a4c68f91b36df3b112,https://fred.stlouisfed.org/graph/fredgraph.csv?id=NASDAQXNDXNNR,15333.99662098742256429510043
2023-05-31,EWSA,WSML_OFFICIAL_NAV,2023-05-31,2023-05-31,2026-08-28T06:45:02.413410+00:00,d59d40f4c32a5804609dab01d431ae183bea82f32b1aaa8bfb6371eb3a3299ae,https://finance.yahoo.com/quote/IUSN.DE/history,5.706999778747559
2023-05-31,IBCI,IBCI_OFFICIAL_NAV,2023-05-31,2023-05-31,2026-08-28T06:45:02.413410+00:00,171eff0c4c292e16179e1b51902197d45b4179255d7fce18b0bbc1540eb9632b,https://finance.yahoo.com/quote/IBCI.AS/history,224.6300048828125
2023-05-31,INFR,INFR_OFFICIAL_NAV,2023-05-31,2023-05-31,2026-08-28T06:45:02.413410+00:00,af6bd526b17d603012401b1f741f703084f42346f2e4393175b3290f49bd9bc2,https://finance.yahoo.com/quote/INFR.MI/history,25.2608642578125
2023-05-31,IWVL,IWVL_OFFICIAL_NAV,2023-05-31,2023-05-31,2026-08-28T06:45:02.413410+00:00,d50d5d869874811217fd20f8cff339dc3858c9609717a37425844299661aeecc,https://finance.yahoo.com/quote/IS3S.DE/history,33.150001525878906
2023-05-31,SGLD,LBMA_GOLD_PM,2023-05-31,2023-05-31,2026-08-28T06:45:02.413410+00:00,414251d3408c1500fae24f3037a81592774c3046dd7302b673f394f3dbcadb52,https://prices.lbma.org.uk/json/gold_pm.json,1843.814529754082973531068143
2023-05-31,WENE,XDW0_OFFICIAL_NAV,2023-05-31,2023-05-31,2026-08-28T06:45:02.413410+00:00,e475bd216680c21a3641cb1c847764a89810fae0218c9b71fa6de6a3ad3f2f70,https://finance.yahoo.com/quote/XDW0.DE/history,38.654998779296875
2023-06-30,CMOD,CMOD_OFFICIAL_NAV,2023-06-30,2023-06-30,2026-08-28T06:45:02.413410+00:00,8a0e74fe66464799538f3fe38dc7e3a8d44d0007d6953bd8c100de5b29f359cd,https://finance.yahoo.com/quote/CMOD.MI/history,20.15999984741211
2023-06-30,DFNS,FRED_NASDAQNQUSB50201020N,2023-06-30,2023-06-30,2026-08-28T06:45:02.413410+00:00,c84cc23ca82562d27a92626d90fb81e4b0efc18ca3b8123f69ffc5ec095939c0,https://fred.stlouisfed.org/graph/fredgraph.csv?id=NASDAQNQUSB50201020N,5248.928571428571428571428571
2023-06-30,DTEH,DTLE_OFFICIAL_NAV,2023-06-30,2023-06-30,2026-08-28T06:45:02.413410+00:00,a78f8cea4277832f4576b237f6852bd3c97aa9bb5351190fc497eedf31e45727,https://finance.yahoo.com/quote/DTLE.L/history,3.1193885803222656
2023-06-30,EQAC,FRED_NASDAQXNDXNNR,2023-06-30,2023-06-30,2026-08-28T06:45:02.413410+00:00,c7a6f427535c8838870afd10b9902f56163384ad2a2390a4c68f91b36df3b112,https://fred.stlouisfed.org/graph/fredgraph.csv?id=NASDAQXNDXNNR,15937.5
2023-06-30,EWSA,WSML_OFFICIAL_NAV,2023-06-30,2023-06-30,2026-08-28T06:45:02.413410+00:00,d59d40f4c32a5804609dab01d431ae183bea82f32b1aaa8bfb6371eb3a3299ae,https://finance.yahoo.com/quote/IUSN.DE/history,5.966000080108643
2023-06-30,IBCI,IBCI_OFFICIAL_NAV,2023-06-30,2023-06-30,2026-08-28T06:45:02.413410+00:00,171eff0c4c292e16179e1b51902197d45b4179255d7fce18b0bbc1540eb9632b,https://finance.yahoo.com/quote/IBCI.AS/history,223.69000244140625
2023-06-30,INFR,INFR_OFFICIAL_NAV,2023-06-30,2023-06-30,2026-08-28T06:45:02.413410+00:00,af6bd526b17d603012401b1f741f703084f42346f2e4393175b3290f49bd9bc2,https://finance.yahoo.com/quote/INFR.MI/history,25.548076629638672
2023-06-30,IWVL,IWVL_OFFICIAL_NAV,2023-06-30,2023-06-30,2026-08-28T06:45:02.413410+00:00,d50d5d869874811217fd20f8cff339dc3858c9609717a37425844299661aeecc,https://finance.yahoo.com/quote/IS3S.DE/history,34.64500045776367
2023-06-30,SGLD,LBMA_GOLD_PM,2023-06-30,2023-06-30,2026-08-28T06:45:02.413410+00:00,414251d3408c1500fae24f3037a81592774c3046dd7302b673f394f3dbcadb52,https://prices.lbma.org.uk/json/gold_pm.json,1751.144688644688644688644689
2023-06-30,WENE,XDW0_OFFICIAL_NAV,2023-06-30,2023-06-30,2026-08-28T06:45:02.413410+00:00,e475bd216680c21a3641cb1c847764a89810fae0218c9b71fa6de6a3ad3f2f70,https://finance.yahoo.com/quote/XDW0.DE/history,40.14500045776367
2023-07-31,CMOD,CMOD_OFFICIAL_NAV,2023-07-31,2023-07-31,2026-08-28T06:45:02.413410+00:00,8a0e74fe66464799538f3fe38dc7e3a8d44d0007d6953bd8c100de5b29f359cd,https://finance.yahoo.com/quote/CMOD.MI/history,21.18000030517578
2023-07-31,DFNS,FRED_NASDAQNQUSB50201020N,2023-07-31,2023-07-31,2026-08-28T06:45:02.413410+00:00,c84cc23ca82562d27a92626d90fb81e4b0efc18ca3b8123f69ffc5ec095939c0,https://fred.stlouisfed.org/graph/fredgraph.csv?id=NASDAQNQUSB50201020N,5138.248638838475499092558984
2023-07-31,DTEH,DTLE_OFFICIAL_NAV,2023-07-31,2023-07-31,2026-08-28T06:45:02.413410+00:00,a78f8cea4277832f4576b237f6852bd3c97aa9bb5351190fc497eedf31e45727,https://finance.yahoo.com/quote/DTLE.L/history,3.0409533977508545
2023-07-31,EQAC,FRED_NASDAQXNDXNNR,2023-07-31,2023-07-31,2026-08-28T06:45:02.413410+00:00,c7a6f427535c8838870afd10b9902f56163384ad2a2390a4c68f91b36df3b112,https://fred.stlouisfed.org/graph/fredgraph.csv?id=NASDAQXNDXNNR,16397.69509981851179673321234
2023-07-31,EWSA,WSML_OFFICIAL_NAV,2023-07-31,2023-07-31,2026-08-28T06:45:02.413410+00:00,d59d40f4c32a5804609dab01d431ae183bea82f32b1aaa8bfb6371eb3a3299ae,https://finance.yahoo.com/quote/IUSN.DE/history,6.184000015258789
2023-07-31,IBCI,IBCI_OFFICIAL_NAV,2023-07-31,2023-07-31,2026-08-28T06:45:02.413410+00:00,171eff0c4c292e16179e1b51902197d45b4179255d7fce18b0bbc1540eb9632b,https://finance.yahoo.com/quote/IBCI.AS/history,224.85000610351562
2023-07-31,INFR,INFR_OFFICIAL_NAV,2023-07-31,2023-07-31,2026-08-28T06:45:02.413410+00:00,af6bd526b17d603012401b1f741f703084f42346f2e4393175b3290f49bd9bc2,https://finance.yahoo.com/quote/INFR.MI/history,25.98352813720703
2023-07-31,IWVL,IWVL_OFFICIAL_NAV,2023-07-31,2023-07-31,2026-08-28T06:45:02.413410+00:00,d50d5d869874811217fd20f8cff339dc3858c9609717a37425844299661aeecc,https://finance.yahoo.com/quote/IS3S.DE/history,35.689998626708984
2023-07-31,SGLD,LBMA_GOLD_PM,2023-07-31,2023-07-31,2026-08-28T06:45:02.413410+00:00,414251d3408c1500fae24f3037a81592774c3046dd7302b673f394f3dbcadb52,https://prices.lbma.org.uk/json/gold_pm.json,1788.248638838475499092558984
2023-07-31,WENE,XDW0_OFFICIAL_NAV,2023-07-31,2023-07-31,2026-08-28T06:45:02.413410+00:00,e475bd216680c21a3641cb1c847764a89810fae0218c9b71fa6de6a3ad3f2f70,https://finance.yahoo.com/quote/XDW0.DE/history,42.29999923706055
2023-08-31,CMOD,CMOD_OFFICIAL_NAV,2023-08-31,2023-08-31,2026-08-28T06:45:02.413410+00:00,8a0e74fe66464799538f3fe38dc7e3a8d44d0007d6953bd8c100de5b29f359cd,https://finance.yahoo.com/quote/CMOD.MI/history,21.424999237060547
2023-08-31,DFNS,FRED_NASDAQNQUSB50201020N,2023-08-31,2023-08-31,2026-08-28T06:45:02.413410+00:00,c84cc23ca82562d27a92626d90fb81e4b0efc18ca3b8123f69ffc5ec095939c0,https://fred.stlouisfed.org/graph/fredgraph.csv?id=NASDAQNQUSB50201020N,5241.609004520712242826829043
2023-08-31,DTEH,DTLE_OFFICIAL_NAV,2023-08-31,2023-08-31,2026-08-28T06:45:02.413410+00:00,a78f8cea4277832f4576b237f6852bd3c97aa9bb5351190fc497eedf31e45727,https://finance.yahoo.com/quote/DTLE.L/history,2.946699619293213
2023-08-31,EQAC,FRED_NASDAQXNDXNNR,2023-08-31,2023-08-31,2026-08-28T06:45:02.413410+00:00,c7a6f427535c8838870afd10b9902f56163384ad2a2390a4c68f91b36df3b112,https://fred.stlouisfed.org/graph/fredgraph.csv?id=NASDAQXNDXNNR,16415.05673955161915305840022
2023-08-31,EWSA,WSML_OFFICIAL_NAV,2023-08-31,2023-08-31,2026-08-28T06:45:02.413410+00:00,d59d40f4c32a5804609dab01d431ae183bea82f32b1aaa8bfb6371eb3a3299ae,https://finance.yahoo.com/quote/IUSN.DE/history,6.068999767303467
2023-08-31,IBCI,IBCI_OFFICIAL_NAV,2023-08-31,2023-08-31,2026-08-28T06:45:02.413410+00:00,171eff0c4c292e16179e1b51902197d45b4179255d7fce18b0bbc1540eb9632b,https://finance.yahoo.com/quote/IBCI.AS/history,224.25999450683594
2023-08-31,INFR,INFR_OFFICIAL_NAV,2023-08-31,2023-08-31,2026-08-28T06:45:02.413410+00:00,af6bd526b17d603012401b1f741f703084f42346f2e4393175b3290f49bd9bc2,https://finance.yahoo.com/quote/INFR.MI/history,25.085195541381836
2023-08-31,IWVL,IWVL_OFFICIAL_NAV,2023-08-31,2023-08-31,2026-08-28T06:45:02.413410+00:00,d50d5d869874811217fd20f8cff339dc3858c9609717a37425844299661aeecc,https://finance.yahoo.com/quote/IS3S.DE/history,35.290000915527344
2023-08-31,SGLD,LBMA_GOLD_PM,2023-08-31,2023-08-31,2026-08-28T06:45:02.413410+00:00,414251d3408c1500fae24f3037a81592774c3046dd7302b673f394f3dbcadb52,https://prices.lbma.org.uk/json/gold_pm.json,1791.954977396438785865854784
2023-08-31,WENE,XDW0_OFFICIAL_NAV,2023-08-31,2023-08-31,2026-08-28T06:45:02.413410+00:00,e475bd216680c21a3641cb1c847764a89810fae0218c9b71fa6de6a3ad3f2f70,https://finance.yahoo.com/quote/XDW0.DE/history,43.744998931884766
2023-09-30,CMOD,CMOD_OFFICIAL_NAV,2023-09-29,2023-09-29,2026-08-28T06:45:02.413410+00:00,8a0e74fe66464799538f3fe38dc7e3a8d44d0007d6953bd8c100de5b29f359cd,https://finance.yahoo.com/quote/CMOD.MI/history,21.905000686645508
2023-09-30,DFNS,FRED_NASDAQNQUSB50201020N,2023-09-29,2023-09-29,2026-08-28T06:45:02.413410+00:00,c84cc23ca82562d27a92626d90fb81e4b0efc18ca3b8123f69ffc5ec095939c0,https://fred.stlouisfed.org/graph/fredgraph.csv?id=NASDAQNQUSB50201020N,5144.916855631141345427059713
2023-09-30,DTEH,DTLE_OFFICIAL_NAV,2023-09-29,2023-09-29,2026-08-28T06:45:02.413410+00:00,a78f8cea4277832f4576b237f6852bd3c97aa9bb5351190fc497eedf31e45727,https://finance.yahoo.com/quote/DTLE.L/history,2.7072200775146484
2023-09-30,EQAC,FRED_NASDAQXNDXNNR,2023-09-29,2023-09-29,2026-08-28T06:45:02.413410+00:00,c7a6f427535c8838870afd10b9902f56163384ad2a2390a4c68f91b36df3b112,https://fred.stlouisfed.org/graph/fredgraph.csv?id=NASDAQXNDXNNR,15963.82275132275132275132275
2023-09-30,EWSA,WSML_OFFICIAL_NAV,2023-09-29,2023-09-29,2026-08-28T06:45:02.413410+00:00,d59d40f4c32a5804609dab01d431ae183bea82f32b1aaa8bfb6371eb3a3299ae,https://finance.yahoo.com/quote/IUSN.DE/history,5.909999847412109
2023-09-30,IBCI,IBCI_OFFICIAL_NAV,2023-09-29,2023-09-29,2026-08-28T06:45:02.413410+00:00,171eff0c4c292e16179e1b51902197d45b4179255d7fce18b0bbc1540eb9632b,https://finance.yahoo.com/quote/IBCI.AS/history,216.55999755859375
2023-09-30,INFR,INFR_OFFICIAL_NAV,2023-09-29,2023-09-29,2026-08-28T06:45:02.413410+00:00,af6bd526b17d603012401b1f741f703084f42346f2e4393175b3290f49bd9bc2,https://finance.yahoo.com/quote/INFR.MI/history,24.43624496459961
2023-09-30,IWVL,IWVL_OFFICIAL_NAV,2023-09-29,2023-09-29,2026-08-28T06:45:02.413410+00:00,d50d5d869874811217fd20f8cff339dc3858c9609717a37425844299661aeecc,https://finance.yahoo.com/quote/IS3S.DE/history,35.66999816894531
2023-09-30,SGLD,LBMA_GOLD_PM,2023-09-29,2023-09-29,2026-08-28T06:45:02.413410+00:00,414251d3408c1500fae24f3037a81592774c3046dd7302b673f394f3dbcadb52,https://prices.lbma.org.uk/json/gold_pm.json,1767.290249433106575963718821
2023-09-30,WENE,XDW0_OFFICIAL_NAV,2023-09-29,2023-09-29,2026-08-28T06:45:02.413410+00:00,e475bd216680c21a3641cb1c847764a89810fae0218c9b71fa6de6a3ad3f2f70,https://finance.yahoo.com/quote/XDW0.DE/history,46.244998931884766
2023-10-31,CMOD,CMOD_OFFICIAL_NAV,2023-10-31,2023-10-31,2026-08-28T06:45:02.413410+00:00,8a0e74fe66464799538f3fe38dc7e3a8d44d0007d6953bd8c100de5b29f359cd,https://finance.yahoo.com/quote/CMOD.MI/history,21.94499969482422
2023-10-31,DFNS,FRED_NASDAQNQUSB50201020N,2023-10-31,2023-10-31,2026-08-28T06:45:02.413410+00:00,c84cc23ca82562d27a92626d90fb81e4b0efc18ca3b8123f69ffc5ec095939c0,https://fred.stlouisfed.org/graph/fredgraph.csv?id=NASDAQNQUSB50201020N,5567.978803936411809235427706
2023-10-31,DTEH,DTLE_OFFICIAL_NAV,2023-10-31,2023-10-31,2026-08-28T06:45:02.413410+00:00,a78f8cea4277832f4576b237f6852bd3c97aa9bb5351190fc497eedf31e45727,https://finance.yahoo.com/quote/DTLE.L/history,2.572539806365967
2023-10-31,EQAC,FRED_NASDAQXNDXNNR,2023-10-31,2023-10-31,2026-08-28T06:45:02.413410+00:00,c7a6f427535c8838870afd10b9902f56163384ad2a2390a4c68f91b36df3b112,https://fred.stlouisfed.org/graph/fredgraph.csv?id=NASDAQXNDXNNR,15660.55071915215745647236942
2023-10-31,EWSA,WSML_OFFICIAL_NAV,2023-10-31,2023-10-31,2026-08-28T06:45:02.413410+00:00,d59d40f4c32a5804609dab01d431ae183bea82f32b1aaa8bfb6371eb3a3299ae,https://finance.yahoo.com/quote/IUSN.DE/history,5.539999961853027
2023-10-31,IBCI,IBCI_OFFICIAL_NAV,2023-10-31,2023-10-31,2026-08-28T06:45:02.413410+00:00,171eff0c4c292e16179e1b51902197d45b4179255d7fce18b0bbc1540eb9632b,https://finance.yahoo.com/quote/IBCI.AS/history,216.91000366210938
2023-10-31,INFR,INFR_OFFICIAL_NAV,2023-10-31,2023-10-31,2026-08-28T06:45:02.413410+00:00,af6bd526b17d603012401b1f741f703084f42346f2e4393175b3290f49bd9bc2,https://finance.yahoo.com/quote/INFR.MI/history,24.128103256225586
2023-10-31,IWVL,IWVL_OFFICIAL_NAV,2023-10-31,2023-10-31,2026-08-28T06:45:02.413410+00:00,d50d5d869874811217fd20f8cff339dc3858c9609717a37425844299661aeecc,https://finance.yahoo.com/quote/IS3S.DE/history,34.04999923706055
2023-10-31,SGLD,LBMA_GOLD_PM,2023-10-31,2023-10-31,2026-08-28T06:45:02.413410+00:00,414251d3408c1500fae24f3037a81592774c3046dd7302b673f394f3dbcadb52,https://prices.lbma.org.uk/json/gold_pm.json,1889.572293716881150643451930
2023-10-31,WENE,XDW0_OFFICIAL_NAV,2023-10-31,2023-10-31,2026-08-28T06:45:02.413410+00:00,e475bd216680c21a3641cb1c847764a89810fae0218c9b71fa6de6a3ad3f2f70,https://finance.yahoo.com/quote/XDW0.DE/history,43.974998474121094
2023-11-30,CMOD,CMOD_OFFICIAL_NAV,2023-11-30,2023-11-30,2026-08-28T06:45:02.413410+00:00,8a0e74fe66464799538f3fe38dc7e3a8d44d0007d6953bd8c100de5b29f359cd,https://finance.yahoo.com/quote/CMOD.MI/history,20.6200008392334
2023-11-30,DFNS,FRED_NASDAQNQUSB50201020N,2023-11-30,2023-11-30,2026-08-28T06:45:02.413410+00:00,c84cc23ca82562d27a92626d90fb81e4b0efc18ca3b8123f69ffc5ec095939c0,https://fred.stlouisfed.org/graph/fredgraph.csv?id=NASDAQNQUSB50201020N,5511.404473780711404473780711
2023-11-30,DTEH,DTLE_OFFICIAL_NAV,2023-11-30,2023-11-30,2026-08-28T06:45:02.413410+00:00,a78f8cea4277832f4576b237f6852bd3c97aa9bb5351190fc497eedf31e45727,https://finance.yahoo.com/quote/DTLE.L/history,2.805208444595337
2023-11-30,EQAC,FRED_NASDAQXNDXNNR,2023-11-30,2023-11-30,2026-08-28T06:45:02.413410+00:00,c7a6f427535c8838870afd10b9902f56163384ad2a2390a4c68f91b36df3b112,https://fred.stlouisfed.org/graph/fredgraph.csv?id=NASDAQXNDXNNR,16807.29739640630729739640631
2023-11-30,EWSA,WSML_OFFICIAL_NAV,2023-11-30,2023-11-30,2026-08-28T06:45:02.413410+00:00,d59d40f4c32a5804609dab01d431ae183bea82f32b1aaa8bfb6371eb3a3299ae,https://finance.yahoo.com/quote/IUSN.DE/history,5.85099983215332
2023-11-30,IBCI,IBCI_OFFICIAL_NAV,2023-11-30,2023-11-30,2026-08-28T06:45:02.413410+00:00,171eff0c4c292e16179e1b51902197d45b4179255d7fce18b0bbc1540eb9632b,https://finance.yahoo.com/quote/IBCI.AS/history,222.72999572753906
2023-11-30,INFR,INFR_OFFICIAL_NAV,2023-11-30,2023-11-30,2026-08-28T06:45:02.413410+00:00,af6bd526b17d603012401b1f741f703084f42346f2e4393175b3290f49bd9bc2,https://finance.yahoo.com/quote/INFR.MI/history,25.089876174926758
2023-11-30,IWVL,IWVL_OFFICIAL_NAV,2023-11-30,2023-11-30,2026-08-28T06:45:02.413410+00:00,d50d5d869874811217fd20f8cff339dc3858c9609717a37425844299661aeecc,https://finance.yahoo.com/quote/IS3S.DE/history,35.435001373291016
2023-11-30,SGLD,LBMA_GOLD_PM,2023-11-30,2023-11-30,2026-08-28T06:45:02.413410+00:00,414251d3408c1500fae24f3037a81592774c3046dd7302b673f394f3dbcadb52,https://prices.lbma.org.uk/json/gold_pm.json,1866.015768243491015768243491
2023-11-30,WENE,XDW0_OFFICIAL_NAV,2023-11-30,2023-11-30,2026-08-28T06:45:02.413410+00:00,e475bd216680c21a3641cb1c847764a89810fae0218c9b71fa6de6a3ad3f2f70,https://finance.yahoo.com/quote/XDW0.DE/history,42.525001525878906
2023-12-31,CMOD,CMOD_OFFICIAL_NAV,2023-12-29,2023-12-29,2026-08-28T06:45:02.413410+00:00,8a0e74fe66464799538f3fe38dc7e3a8d44d0007d6953bd8c100de5b29f359cd,https://finance.yahoo.com/quote/CMOD.MI/history,19.944000244140625
2023-12-31,DFNS,FRED_NASDAQNQUSB50201020N,2023-12-29,2023-12-29,2026-08-28T06:45:02.413410+00:00,c84cc23ca82562d27a92626d90fb81e4b0efc18ca3b8123f69ffc5ec095939c0,https://fred.stlouisfed.org/graph/fredgraph.csv?id=NASDAQNQUSB50201020N,5600.786476224914120412222021
2023-12-31,DTEH,DTLE_OFFICIAL_NAV,2023-12-29,2023-12-29,2026-08-28T06:45:02.413410+00:00,a78f8cea4277832f4576b237f6852bd3c97aa9bb5351190fc497eedf31e45727,https://finance.yahoo.com/quote/DTLE.L/history,3.0386428833007812
2023-12-31,EQAC,FRED_NASDAQXNDXNNR,2023-12-29,2023-12-29,2026-08-28T06:45:02.413410+00:00,c7a6f427535c8838870afd10b9902f56163384ad2a2390a4c68f91b36df3b112,https://fred.stlouisfed.org/graph/fredgraph.csv?id=NASDAQXNDXNNR,17488.24805640932923521967095
2023-12-31,EWSA,WSML_OFFICIAL_NAV,2023-12-29,2023-12-29,2026-08-28T06:45:02.413410+00:00,d59d40f4c32a5804609dab01d431ae183bea82f32b1aaa8bfb6371eb3a3299ae,https://finance.yahoo.com/quote/IUSN.DE/history,6.375999927520752
2023-12-31,IBCI,IBCI_OFFICIAL_NAV,2023-12-29,2023-12-29,2026-08-28T06:45:02.413410+00:00,171eff0c4c292e16179e1b51902197d45b4179255d7fce18b0bbc1540eb9632b,https://finance.yahoo.com/quote/IBCI.AS/history,228.1199951171875
2023-12-31,INFR,INFR_OFFICIAL_NAV,2023-12-29,2023-12-29,2026-08-28T06:45:02.413410+00:00,af6bd526b17d603012401b1f741f703084f42346f2e4393175b3290f49bd9bc2,https://finance.yahoo.com/quote/INFR.MI/history,25.7895565032959
2023-12-31,IWVL,IWVL_OFFICIAL_NAV,2023-12-29,2023-12-29,2026-08-28T06:45:02.413410+00:00,d50d5d869874811217fd20f8cff339dc3858c9609717a37425844299661aeecc,https://finance.yahoo.com/quote/IS3S.DE/history,36.869998931884766
2023-12-31,SGLD,LBMA_GOLD_PM,2023-12-28,2023-12-28,2026-08-28T06:45:02.413410+00:00,414251d3408c1500fae24f3037a81592774c3046dd7302b673f394f3dbcadb52,https://prices.lbma.org.uk/json/gold_pm.json,1878.864581450009039956608208
2023-12-31,WENE,XDW0_OFFICIAL_NAV,2023-12-29,2023-12-29,2026-08-28T06:45:02.413410+00:00,e475bd216680c21a3641cb1c847764a89810fae0218c9b71fa6de6a3ad3f2f70,https://finance.yahoo.com/quote/XDW0.DE/history,42.39500045776367
2024-01-31,CMOD,CMOD_OFFICIAL_NAV,2024-01-31,2024-01-31,2026-08-28T06:45:02.413410+00:00,8a0e74fe66464799538f3fe38dc7e3a8d44d0007d6953bd8c100de5b29f359cd,https://finance.yahoo.com/quote/CMOD.MI/history,20.325000762939453
2024-01-31,DFNS,FRED_NASDAQNQUSB50201020N,2024-01-31,2024-01-31,2026-08-28T06:45:02.413410+00:00,c84cc23ca82562d27a92626d90fb81e4b0efc18ca3b8123f69ffc5ec095939c0,https://fred.stlouisfed.org/graph/fredgraph.csv?id=NASDAQNQUSB50201020N,5552.860432980193459235375403
2024-01-31,DTEH,DTLE_OFFICIAL_NAV,2024-01-31,2024-01-31,2026-08-28T06:45:02.413410+00:00,a78f8cea4277832f4576b237f6852bd3c97aa9bb5351190fc497eedf31e45727,https://finance.yahoo.com/quote/DTLE.L/history,2.9557299613952637
2024-01-31,EQAC,FRED_NASDAQXNDXNNR,2024-01-31,2024-01-31,2026-08-28T06:45:02.413410+00:00,c7a6f427535c8838870afd10b9902f56163384ad2a2390a4c68f91b36df3b112,https://fred.stlouisfed.org/graph/fredgraph.csv?id=NASDAQXNDXNNR,18156.40718562874251497005988
2024-01-31,EWSA,WSML_OFFICIAL_NAV,2024-01-31,2024-01-31,2026-08-28T06:45:02.413410+00:00,d59d40f4c32a5804609dab01d431ae183bea82f32b1aaa8bfb6371eb3a3299ae,https://finance.yahoo.com/quote/IUSN.DE/history,6.317999839782715
2024-01-31,IBCI,IBCI_OFFICIAL_NAV,2024-01-31,2024-01-31,2026-08-28T06:45:02.413410+00:00,171eff0c4c292e16179e1b51902197d45b4179255d7fce18b0bbc1540eb9632b,https://finance.yahoo.com/quote/IBCI.AS/history,226.47000122070312
2024-01-31,INFR,INFR_OFFICIAL_NAV,2024-01-31,2024-01-31,2026-08-28T06:45:02.413410+00:00,af6bd526b17d603012401b1f741f703084f42346f2e4393175b3290f49bd9bc2,https://finance.yahoo.com/quote/INFR.MI/history,25.906946182250977
2024-01-31,IWVL,IWVL_OFFICIAL_NAV,2024-01-31,2024-01-31,2026-08-28T06:45:02.413410+00:00,d50d5d869874811217fd20f8cff339dc3858c9609717a37425844299661aeecc,https://finance.yahoo.com/quote/IS3S.DE/history,37.66999816894531
2024-01-31,SGLD,LBMA_GOLD_PM,2024-01-31,2024-01-31,2026-08-28T06:45:02.413410+00:00,414251d3408c1500fae24f3037a81592774c3046dd7302b673f394f3dbcadb52,https://prices.lbma.org.uk/json/gold_pm.json,1891.524643021649009672961769
2024-01-31,WENE,XDW0_OFFICIAL_NAV,2024-01-31,2024-01-31,2026-08-28T06:45:02.413410+00:00,e475bd216680c21a3641cb1c847764a89810fae0218c9b71fa6de6a3ad3f2f70,https://finance.yahoo.com/quote/XDW0.DE/history,42.959999084472656
2024-02-29,CMOD,CMOD_OFFICIAL_NAV,2024-02-29,2024-02-29,2026-08-28T06:45:02.413410+00:00,8a0e74fe66464799538f3fe38dc7e3a8d44d0007d6953bd8c100de5b29f359cd,https://finance.yahoo.com/quote/CMOD.MI/history,20.094999313354492
2024-02-29,DFNS,FRED_NASDAQNQUSB50201020N,2024-02-29,2024-02-29,2026-08-28T06:45:02.413410+00:00,c84cc23ca82562d27a92626d90fb81e4b0efc18ca3b8123f69ffc5ec095939c0,https://fred.stlouisfed.org/graph/fredgraph.csv?id=NASDAQNQUSB50201020N,5803.895623207180531137225872
2024-02-29,DTEH,DTLE_OFFICIAL_NAV,2024-02-29,2024-02-29,2026-08-28T06:45:02.413410+00:00,a78f8cea4277832f4576b237f6852bd3c97aa9bb5351190fc497eedf31e45727,https://finance.yahoo.com/quote/DTLE.L/history,2.889847755432129
2024-02-29,EQAC,FRED_NASDAQXNDXNNR,2024-02-29,2024-02-29,2026-08-28T06:45:02.413410+00:00,c7a6f427535c8838870afd10b9902f56163384ad2a2390a4c68f91b36df3b112,https://fred.stlouisfed.org/graph/fredgraph.csv?id=NASDAQXNDXNNR,19216.86869621541593411677616
2024-02-29,EWSA,WSML_OFFICIAL_NAV,2024-02-29,2024-02-29,2026-08-28T06:45:02.413410+00:00,d59d40f4c32a5804609dab01d431ae183bea82f32b1aaa8bfb6371eb3a3299ae,https://finance.yahoo.com/quote/IUSN.DE/history,6.479000091552734
2024-02-29,IBCI,IBCI_OFFICIAL_NAV,2024-02-29,2024-02-29,2026-08-28T06:45:02.413410+00:00,171eff0c4c292e16179e1b51902197d45b4179255d7fce18b0bbc1540eb9632b,https://finance.yahoo.com/quote/IBCI.AS/history,225.30999755859375
2024-02-29,INFR,INFR_OFFICIAL_NAV,2024-02-29,2024-02-29,2026-08-28T06:45:02.413410+00:00,af6bd526b17d603012401b1f741f703084f42346f2e4393175b3290f49bd9bc2,https://finance.yahoo.com/quote/INFR.MI/history,26.038911819458008
2024-02-29,IWVL,IWVL_OFFICIAL_NAV,2024-02-29,2024-02-29,2026-08-28T06:45:02.413410+00:00,d50d5d869874811217fd20f8cff339dc3858c9609717a37425844299661aeecc,https://finance.yahoo.com/quote/IS3S.DE/history,38.19499969482422
2024-02-29,SGLD,LBMA_GOLD_PM,2024-02-29,2024-02-29,2026-08-28T06:45:02.413410+00:00,414251d3408c1500fae24f3037a81592774c3046dd7302b673f394f3dbcadb52,https://prices.lbma.org.uk/json/gold_pm.json,1895.114277782918478763764227
2024-02-29,WENE,XDW0_OFFICIAL_NAV,2024-02-29,2024-02-29,2026-08-28T06:45:02.413410+00:00,e475bd216680c21a3641cb1c847764a89810fae0218c9b71fa6de6a3ad3f2f70,https://finance.yahoo.com/quote/XDW0.DE/history,43.599998474121094
2024-03-31,CMOD,CMOD_OFFICIAL_NAV,2024-03-28,2024-03-28,2026-08-28T06:45:02.413410+00:00,8a0e74fe66464799538f3fe38dc7e3a8d44d0007d6953bd8c100de5b29f359cd,https://finance.yahoo.com/quote/CMOD.MI/history,20.719999313354492
2024-03-31,DFNS,FRED_NASDAQNQUSB50201020N,2024-03-29,2024-03-29,2026-08-28T06:45:02.413410+00:00,c84cc23ca82562d27a92626d90fb81e4b0efc18ca3b8123f69ffc5ec095939c0,https://fred.stlouisfed.org/graph/fredgraph.csv?id=NASDAQNQUSB50201020N,6052.682791214901306644425910
2024-03-31,DTEH,DTLE_OFFICIAL_NAV,2024-03-28,2024-03-28,2026-08-28T06:45:02.413410+00:00,a78f8cea4277832f4576b237f6852bd3c97aa9bb5351190fc497eedf31e45727,https://finance.yahoo.com/quote/DTLE.L/history,2.916290283203125
2024-03-31,EQAC,FRED_NASDAQXNDXNNR,2024-03-28,2024-03-28,2026-08-28T06:45:02.413410+00:00,c7a6f427535c8838870afd10b9902f56163384ad2a2390a4c68f91b36df3b112,https://fred.stlouisfed.org/graph/fredgraph.csv?id=NASDAQXNDXNNR,19478.56547122602168473728107
2024-03-31,EWSA,WSML_OFFICIAL_NAV,2024-03-28,2024-03-28,2026-08-28T06:45:02.413410+00:00,d59d40f4c32a5804609dab01d431ae183bea82f32b1aaa8bfb6371eb3a3299ae,https://finance.yahoo.com/quote/IUSN.DE/history,6.761000156402588
2024-03-31,IBCI,IBCI_OFFICIAL_NAV,2024-03-28,2024-03-28,2026-08-28T06:45:02.413410+00:00,171eff0c4c292e16179e1b51902197d45b4179255d7fce18b0bbc1540eb9632b,https://finance.yahoo.com/quote/IBCI.AS/history,227.3300018310547
2024-03-31,INFR,INFR_OFFICIAL_NAV,2024-03-28,2024-03-28,2026-08-28T06:45:02.413410+00:00,af6bd526b17d603012401b1f741f703084f42346f2e4393175b3290f49bd9bc2,https://finance.yahoo.com/quote/INFR.MI/history,26.785171508789062
2024-03-31,IWVL,IWVL_OFFICIAL_NAV,2024-03-28,2024-03-28,2026-08-28T06:45:02.413410+00:00,d50d5d869874811217fd20f8cff339dc3858c9609717a37425844299661aeecc,https://finance.yahoo.com/quote/IS3S.DE/history,40.30500030517578
2024-03-31,SGLD,LBMA_GOLD_PM,2024-03-28,2024-03-28,2026-08-28T06:45:02.413410+00:00,414251d3408c1500fae24f3037a81592774c3046dd7302b673f394f3dbcadb52,https://prices.lbma.org.uk/json/gold_pm.json,2052.034102492818089148364378
2024-03-31,WENE,XDW0_OFFICIAL_NAV,2024-03-28,2024-03-28,2026-08-28T06:45:02.413410+00:00,e475bd216680c21a3641cb1c847764a89810fae0218c9b71fa6de6a3ad3f2f70,https://finance.yahoo.com/quote/XDW0.DE/history,47.45500183105469
2024-04-30,CMOD,CMOD_OFFICIAL_NAV,2024-04-30,2024-04-30,2026-08-28T06:45:02.413410+00:00,8a0e74fe66464799538f3fe38dc7e3a8d44d0007d6953bd8c100de5b29f359cd,https://finance.yahoo.com/quote/CMOD.MI/history,21.59000015258789
2024-04-30,DFNS,FRED_NASDAQNQUSB50201020N,2024-04-30,2024-04-30,2026-08-28T06:45:02.413410+00:00,c84cc23ca82562d27a92626d90fb81e4b0efc18ca3b8123f69ffc5ec095939c0,https://fred.stlouisfed.org/graph/fredgraph.csv?id=NASDAQNQUSB50201020N,6177.386746536877573942343692
2024-04-30,DTEH,DTLE_OFFICIAL_NAV,2024-04-30,2024-04-30,2026-08-28T06:45:02.413410+00:00,a78f8cea4277832f4576b237f6852bd3c97aa9bb5351190fc497eedf31e45727,https://finance.yahoo.com/quote/DTLE.L/history,2.7217812538146973
2024-04-30,EQAC,FRED_NASDAQXNDXNNR,2024-04-30,2024-04-30,2026-08-28T06:45:02.413410+00:00,c7a6f427535c8838870afd10b9902f56163384ad2a2390a4c68f91b36df3b112,https://fred.stlouisfed.org/graph/fredgraph.csv?id=NASDAQXNDXNNR,18800.38375140396855110445526
2024-04-30,EWSA,WSML_OFFICIAL_NAV,2024-04-30,2024-04-30,2026-08-28T06:45:02.413410+00:00,d59d40f4c32a5804609dab01d431ae183bea82f32b1aaa8bfb6371eb3a3299ae,https://finance.yahoo.com/quote/IUSN.DE/history,6.50600004196167
2024-04-30,IBCI,IBCI_OFFICIAL_NAV,2024-04-30,2024-04-30,2026-08-28T06:45:02.413410+00:00,171eff0c4c292e16179e1b51902197d45b4179255d7fce18b0bbc1540eb9632b,https://finance.yahoo.com/quote/IBCI.AS/history,226.08999633789062
2024-04-30,INFR,INFR_OFFICIAL_NAV,2024-04-30,2024-04-30,2026-08-28T06:45:02.413410+00:00,af6bd526b17d603012401b1f741f703084f42346f2e4393175b3290f49bd9bc2,https://finance.yahoo.com/quote/INFR.MI/history,26.671817779541016
2024-04-30,IWVL,IWVL_OFFICIAL_NAV,2024-04-30,2024-04-30,2026-08-28T06:45:02.413410+00:00,d50d5d869874811217fd20f8cff339dc3858c9609717a37425844299661aeecc,https://finance.yahoo.com/quote/IS3S.DE/history,39.16999816894531
2024-04-30,SGLD,LBMA_GOLD_PM,2024-04-30,2024-04-30,2026-08-28T06:45:02.413410+00:00,414251d3408c1500fae24f3037a81592774c3046dd7302b673f394f3dbcadb52,https://prices.lbma.org.uk/json/gold_pm.json,2159.303631598652190190939723
2024-04-30,WENE,XDW0_OFFICIAL_NAV,2024-04-30,2024-04-30,2026-08-28T06:45:02.413410+00:00,e475bd216680c21a3641cb1c847764a89810fae0218c9b71fa6de6a3ad3f2f70,https://finance.yahoo.com/quote/XDW0.DE/history,48.834999084472656
2024-05-31,CMOD,CMOD_OFFICIAL_NAV,2024-05-31,2024-05-31,2026-08-28T06:45:02.413410+00:00,8a0e74fe66464799538f3fe38dc7e3a8d44d0007d6953bd8c100de5b29f359cd,https://finance.yahoo.com/quote/CMOD.MI/history,21.540000915527344
2024-05-31,DFNS,FRED_NASDAQNQUSB50201020N,2024-05-31,2024-05-31,2026-08-28T06:45:02.413410+00:00,c84cc23ca82562d27a92626d90fb81e4b0efc18ca3b8123f69ffc5ec095939c0,https://fred.stlouisfed.org/graph/fredgraph.csv?id=NASDAQNQUSB50201020N,6105.227733726719527936566476
2024-05-31,DTEH,DTLE_OFFICIAL_NAV,2024-05-31,2024-05-31,2026-08-28T06:45:02.413410+00:00,a78f8cea4277832f4576b237f6852bd3c97aa9bb5351190fc497eedf31e45727,https://finance.yahoo.com/quote/DTLE.L/history,2.7887837886810303
2024-05-31,EQAC,FRED_NASDAQXNDXNNR,2024-05-31,2024-05-31,2026-08-28T06:45:02.413410+00:00,c7a6f427535c8838870afd10b9902f56163384ad2a2390a4c68f91b36df3b112,https://fred.stlouisfed.org/graph/fredgraph.csv?id=NASDAQXNDXNNR,19697.13258344089987092015490
2024-05-31,EWSA,WSML_OFFICIAL_NAV,2024-05-31,2024-05-31,2026-08-28T06:45:02.413410+00:00,d59d40f4c32a5804609dab01d431ae183bea82f32b1aaa8bfb6371eb3a3299ae,https://finance.yahoo.com/quote/IUSN.DE/history,6.61299991607666
2024-05-31,IBCI,IBCI_OFFICIAL_NAV,2024-05-31,2024-05-31,2026-08-28T06:45:02.413410+00:00,171eff0c4c292e16179e1b51902197d45b4179255d7fce18b0bbc1540eb9632b,https://finance.yahoo.com/quote/IBCI.AS/history,225.19000244140625
2024-05-31,INFR,INFR_OFFICIAL_NAV,2024-05-31,2024-05-31,2026-08-28T06:45:02.413410+00:00,af6bd526b17d603012401b1f741f703084f42346f2e4393175b3290f49bd9bc2,https://finance.yahoo.com/quote/INFR.MI/history,27.130876541137695
2024-05-31,IWVL,IWVL_OFFICIAL_NAV,2024-05-31,2024-05-31,2026-08-28T06:45:02.413410+00:00,d50d5d869874811217fd20f8cff339dc3858c9609717a37425844299661aeecc,https://finance.yahoo.com/quote/IS3S.DE/history,39.665000915527344
2024-05-31,SGLD,LBMA_GOLD_PM,2024-05-31,2024-05-31,2026-08-28T06:45:02.413410+00:00,414251d3408c1500fae24f3037a81592774c3046dd7302b673f394f3dbcadb52,https://prices.lbma.org.uk/json/gold_pm.json,2165.083901899317720818735018
2024-05-31,WENE,XDW0_OFFICIAL_NAV,2024-05-31,2024-05-31,2026-08-28T06:45:02.413410+00:00,e475bd216680c21a3641cb1c847764a89810fae0218c9b71fa6de6a3ad3f2f70,https://finance.yahoo.com/quote/XDW0.DE/history,47.154998779296875
2024-06-30,CMOD,CMOD_OFFICIAL_NAV,2024-06-28,2024-06-28,2026-08-28T06:45:02.413410+00:00,8a0e74fe66464799538f3fe38dc7e3a8d44d0007d6953bd8c100de5b29f359cd,https://finance.yahoo.com/quote/CMOD.MI/history,21.565000534057617
2024-06-30,DFNS,FRED_NASDAQNQUSB50201020N,2024-06-28,2024-06-28,2026-08-28T06:45:02.413410+00:00,c84cc23ca82562d27a92626d90fb81e4b0efc18ca3b8123f69ffc5ec095939c0,https://fred.stlouisfed.org/graph/fredgraph.csv?id=NASDAQNQUSB50201020N,6094.071515264681168891793483
2024-06-30,DTEH,DTLE_OFFICIAL_NAV,2024-06-28,2024-06-28,2026-08-28T06:45:02.413410+00:00,a78f8cea4277832f4576b237f6852bd3c97aa9bb5351190fc497eedf31e45727,https://finance.yahoo.com/quote/DTLE.L/history,2.8680202960968018
2024-06-30,EQAC,FRED_NASDAQXNDXNNR,2024-06-28,2024-06-28,2026-08-28T06:45:02.413410+00:00,c7a6f427535c8838870afd10b9902f56163384ad2a2390a4c68f91b36df3b112,https://fred.stlouisfed.org/graph/fredgraph.csv?id=NASDAQXNDXNNR,21191.27065633460928017925497
2024-06-30,EWSA,WSML_OFFICIAL_NAV,2024-06-28,2024-06-28,2026-08-28T06:45:02.413410+00:00,d59d40f4c32a5804609dab01d431ae183bea82f32b1aaa8bfb6371eb3a3299ae,https://finance.yahoo.com/quote/IUSN.DE/history,6.617000102996826
2024-06-30,IBCI,IBCI_OFFICIAL_NAV,2024-06-28,2024-06-28,2026-08-28T06:45:02.413410+00:00,171eff0c4c292e16179e1b51902197d45b4179255d7fce18b0bbc1540eb9632b,https://finance.yahoo.com/quote/IBCI.AS/history,223.67999267578125
2024-06-30,INFR,INFR_OFFICIAL_NAV,2024-06-28,2024-06-28,2026-08-28T06:45:02.413410+00:00,af6bd526b17d603012401b1f741f703084f42346f2e4393175b3290f49bd9bc2,https://finance.yahoo.com/quote/INFR.MI/history,26.940847396850586
2024-06-30,IWVL,IWVL_OFFICIAL_NAV,2024-06-28,2024-06-28,2026-08-28T06:45:02.413410+00:00,d50d5d869874811217fd20f8cff339dc3858c9609717a37425844299661aeecc,https://finance.yahoo.com/quote/IS3S.DE/history,39.59000015258789
2024-06-30,SGLD,LBMA_GOLD_PM,2024-06-28,2024-06-28,2026-08-28T06:45:02.413410+00:00,414251d3408c1500fae24f3037a81592774c3046dd7302b673f394f3dbcadb52,https://prices.lbma.org.uk/json/gold_pm.json,2176.174026701521800018672393
2024-06-30,WENE,XDW0_OFFICIAL_NAV,2024-06-28,2024-06-28,2026-08-28T06:45:02.413410+00:00,e475bd216680c21a3641cb1c847764a89810fae0218c9b71fa6de6a3ad3f2f70,https://finance.yahoo.com/quote/XDW0.DE/history,47.369998931884766
2024-07-31,CMOD,CMOD_OFFICIAL_NAV,2024-07-31,2024-07-31,2026-08-28T06:45:02.413410+00:00,8a0e74fe66464799538f3fe38dc7e3a8d44d0007d6953bd8c100de5b29f359cd,https://finance.yahoo.com/quote/CMOD.MI/history,20.3799991607666
2024-07-31,DFNS,FRED_NASDAQNQUSB50201020N,2024-07-31,2024-07-31,2026-08-28T06:45:02.413410+00:00,c84cc23ca82562d27a92626d90fb81e4b0efc18ca3b8123f69ffc5ec095939c0,https://fred.stlouisfed.org/graph/fredgraph.csv?id=NASDAQNQUSB50201020N,6572.992700729927007299270073
2024-07-31,DTEH,DTLE_OFFICIAL_NAV,2024-07-31,2024-07-31,2026-08-28T06:45:02.413410+00:00,a78f8cea4277832f4576b237f6852bd3c97aa9bb5351190fc497eedf31e45727,https://finance.yahoo.com/quote/DTLE.L/history,2.9344096183776855
2024-07-31,EQAC,FRED_NASDAQXNDXNNR,2024-07-31,2024-07-31,2026-08-28T06:45:02.413410+00:00,c7a6f427535c8838870afd10b9902f56163384ad2a2390a4c68f91b36df3b112,https://fred.stlouisfed.org/graph/fredgraph.csv?id=NASDAQXNDXNNR,20635.74794419292247990390834
2024-07-31,EWSA,WSML_OFFICIAL_NAV,2024-07-31,2024-07-31,2026-08-28T06:45:02.413410+00:00,d59d40f4c32a5804609dab01d431ae183bea82f32b1aaa8bfb6371eb3a3299ae,https://finance.yahoo.com/quote/IUSN.DE/history,7.006999969482422
2024-07-31,IBCI,IBCI_OFFICIAL_NAV,2024-07-31,2024-07-31,2026-08-28T06:45:02.413410+00:00,171eff0c4c292e16179e1b51902197d45b4179255d7fce18b0bbc1540eb9632b,https://finance.yahoo.com/quote/IBCI.AS/history,227.74000549316406
2024-07-31,INFR,INFR_OFFICIAL_NAV,2024-07-31,2024-07-31,2026-08-28T06:45:02.413410+00:00,af6bd526b17d603012401b1f741f703084f42346f2e4393175b3290f49bd9bc2,https://finance.yahoo.com/quote/INFR.MI/history,28.53706169128418
2024-07-31,IWVL,IWVL_OFFICIAL_NAV,2024-07-31,2024-07-31,2026-08-28T06:45:02.413410+00:00,d50d5d869874811217fd20f8cff339dc3858c9609717a37425844299661aeecc,https://finance.yahoo.com/quote/IS3S.DE/history,40.71500015258789
2024-07-31,SGLD,LBMA_GOLD_PM,2024-07-31,2024-07-31,2026-08-28T06:45:02.413410+00:00,414251d3408c1500fae24f3037a81592774c3046dd7302b673f394f3dbcadb52,https://prices.lbma.org.uk/json/gold_pm.json,2241.799870645846807724290862
2024-07-31,WENE,XDW0_OFFICIAL_NAV,2024-07-31,2024-07-31,2026-08-28T06:45:02.413410+00:00,e475bd216680c21a3641cb1c847764a89810fae0218c9b71fa6de6a3ad3f2f70,https://finance.yahoo.com/quote/XDW0.DE/history,47.814998626708984
2024-08-31,CMOD,CMOD_OFFICIAL_NAV,2024-08-30,2024-08-30,2026-08-28T06:45:02.413410+00:00,8a0e74fe66464799538f3fe38dc7e3a8d44d0007d6953bd8c100de5b29f359cd,https://finance.yahoo.com/quote/CMOD.MI/history,20.05500030517578
2024-08-31,DFNS,FRED_NASDAQNQUSB50201020N,2024-08-30,2024-08-30,2026-08-28T06:45:02.413410+00:00,c84cc23ca82562d27a92626d90fb81e4b0efc18ca3b8123f69ffc5ec095939c0,https://fred.stlouisfed.org/graph/fredgraph.csv?id=NASDAQNQUSB50201020N,6779.602169981916817359855335
2024-08-31,DTEH,DTLE_OFFICIAL_NAV,2024-08-30,2024-08-30,2026-08-28T06:45:02.413410+00:00,a78f8cea4277832f4576b237f6852bd3c97aa9bb5351190fc497eedf31e45727,https://finance.yahoo.com/quote/DTLE.L/history,3.020029067993164
2024-08-31,EQAC,FRED_NASDAQXNDXNNR,2024-08-30,2024-08-30,2026-08-28T06:45:02.413410+00:00,c7a6f427535c8838870afd10b9902f56163384ad2a2390a4c68f91b36df3b112,https://fred.stlouisfed.org/graph/fredgraph.csv?id=NASDAQXNDXNNR,20426.68173598553345388788427
2024-08-31,EWSA,WSML_OFFICIAL_NAV,2024-08-30,2024-08-30,2026-08-28T06:45:02.413410+00:00,d59d40f4c32a5804609dab01d431ae183bea82f32b1aaa8bfb6371eb3a3299ae,https://finance.yahoo.com/quote/IUSN.DE/history,6.8420000076293945
2024-08-31,IBCI,IBCI_OFFICIAL_NAV,2024-08-30,2024-08-30,2026-08-28T06:45:02.413410+00:00,171eff0c4c292e16179e1b51902197d45b4179255d7fce18b0bbc1540eb9632b,https://finance.yahoo.com/quote/IBCI.AS/history,226.67999267578125
2024-08-31,INFR,INFR_OFFICIAL_NAV,2024-08-30,2024-08-30,2026-08-28T06:45:02.413410+00:00,af6bd526b17d603012401b1f741f703084f42346f2e4393175b3290f49bd9bc2,https://finance.yahoo.com/quote/INFR.MI/history,28.896930694580078
2024-08-31,IWVL,IWVL_OFFICIAL_NAV,2024-08-30,2024-08-30,2026-08-28T06:45:02.413410+00:00,d50d5d869874811217fd20f8cff339dc3858c9609717a37425844299661aeecc,https://finance.yahoo.com/quote/IS3S.DE/history,39.994998931884766
2024-08-31,SGLD,LBMA_GOLD_PM,2024-08-30,2024-08-30,2026-08-28T06:45:02.413410+00:00,414251d3408c1500fae24f3037a81592774c3046dd7302b673f394f3dbcadb52,https://prices.lbma.org.uk/json/gold_pm.json,2272.468354430379746835443038
2024-08-31,WENE,XDW0_OFFICIAL_NAV,2024-08-30,2024-08-30,2026-08-28T06:45:02.413410+00:00,e475bd216680c21a3641cb1c847764a89810fae0218c9b71fa6de6a3ad3f2f70,https://finance.yahoo.com/quote/XDW0.DE/history,45.974998474121094
2024-09-30,CMOD,CMOD_OFFICIAL_NAV,2024-09-30,2024-09-30,2026-08-28T06:45:02.413410+00:00,8a0e74fe66464799538f3fe38dc7e3a8d44d0007d6953bd8c100de5b29f359cd,https://finance.yahoo.com/quote/CMOD.MI/history,20.795000076293945
2024-09-30,DFNS,FRED_NASDAQNQUSB50201020N,2024-09-30,2024-09-30,2026-08-28T06:45:02.413410+00:00,c84cc23ca82562d27a92626d90fb81e4b0efc18ca3b8123f69ffc5ec095939c0,https://fred.stlouisfed.org/graph/fredgraph.csv?id=NASDAQNQUSB50201020N,6881.991924629878869448183042
2024-09-30,DTEH,DTLE_OFFICIAL_NAV,2024-09-30,2024-09-30,2026-08-28T06:45:02.413410+00:00,a78f8cea4277832f4576b237f6852bd3c97aa9bb5351190fc497eedf31e45727,https://finance.yahoo.com/quote/DTLE.L/history,3.0479583740234375
2024-09-30,EQAC,FRED_NASDAQXNDXNNR,2024-09-30,2024-09-30,2026-08-28T06:45:02.413410+00:00,c7a6f427535c8838870afd10b9902f56163384ad2a2390a4c68f91b36df3b112,https://fred.stlouisfed.org/graph/fredgraph.csv?id=NASDAQXNDXNNR,20786.12830865859129654553611
2024-09-30,EWSA,WSML_OFFICIAL_NAV,2024-09-30,2024-09-30,2026-08-28T06:45:02.413410+00:00,d59d40f4c32a5804609dab01d431ae183bea82f32b1aaa8bfb6371eb3a3299ae,https://finance.yahoo.com/quote/IUSN.DE/history,6.952000141143799
2024-09-30,IBCI,IBCI_OFFICIAL_NAV,2024-09-30,2024-09-30,2026-08-28T06:45:02.413410+00:00,171eff0c4c292e16179e1b51902197d45b4179255d7fce18b0bbc1540eb9632b,https://finance.yahoo.com/quote/IBCI.AS/history,229.88999938964844
2024-09-30,INFR,INFR_OFFICIAL_NAV,2024-09-30,2024-09-30,2026-08-28T06:45:02.413410+00:00,af6bd526b17d603012401b1f741f703084f42346f2e4393175b3290f49bd9bc2,https://finance.yahoo.com/quote/INFR.MI/history,29.432945251464844
2024-09-30,IWVL,IWVL_OFFICIAL_NAV,2024-09-30,2024-09-30,2026-08-28T06:45:02.413410+00:00,d50d5d869874811217fd20f8cff339dc3858c9609717a37425844299661aeecc,https://finance.yahoo.com/quote/IS3S.DE/history,40.20500183105469
2024-09-30,SGLD,LBMA_GOLD_PM,2024-09-30,2024-09-30,2026-08-28T06:45:02.413410+00:00,414251d3408c1500fae24f3037a81592774c3046dd7302b673f394f3dbcadb52,https://prices.lbma.org.uk/json/gold_pm.json,2359.757738896366083445491252
2024-09-30,WENE,XDW0_OFFICIAL_NAV,2024-09-30,2024-09-30,2026-08-28T06:45:02.413410+00:00,e475bd216680c21a3641cb1c847764a89810fae0218c9b71fa6de6a3ad3f2f70,https://finance.yahoo.com/quote/XDW0.DE/history,44.224998474121094
2024-10-31,CMOD,CMOD_OFFICIAL_NAV,2024-10-31,2024-10-31,2026-08-28T06:45:02.413410+00:00,8a0e74fe66464799538f3fe38dc7e3a8d44d0007d6953bd8c100de5b29f359cd,https://finance.yahoo.com/quote/CMOD.MI/history,20.954999923706055
2024-10-31,DFNS,FRED_NASDAQNQUSB50201020N,2024-10-31,2024-10-31,2026-08-28T06:45:02.413410+00:00,c84cc23ca82562d27a92626d90fb81e4b0efc18ca3b8123f69ffc5ec095939c0,https://fred.stlouisfed.org/graph/fredgraph.csv?id=NASDAQNQUSB50201020N,6865.168125287885766927683095
2024-10-31,DTEH,DTLE_OFFICIAL_NAV,2024-10-31,2024-10-31,2026-08-28T06:45:02.413410+00:00,a78f8cea4277832f4576b237f6852bd3c97aa9bb5351190fc497eedf31e45727,https://finance.yahoo.com/quote/DTLE.L/history,2.8700804710388184
2024-10-31,EQAC,FRED_NASDAQXNDXNNR,2024-10-31,2024-10-31,2026-08-28T06:45:02.413410+00:00,c7a6f427535c8838870afd10b9902f56163384ad2a2390a4c68f91b36df3b112,https://fred.stlouisfed.org/graph/fredgraph.csv?id=NASDAQXNDXNNR,21165.21418701059419622293874
2024-10-31,EWSA,WSML_OFFICIAL_NAV,2024-10-31,2024-10-31,2026-08-28T06:45:02.413410+00:00,d59d40f4c32a5804609dab01d431ae183bea82f32b1aaa8bfb6371eb3a3299ae,https://finance.yahoo.com/quote/IUSN.DE/history,6.9670000076293945
2024-10-31,IBCI,IBCI_OFFICIAL_NAV,2024-10-31,2024-10-31,2026-08-28T06:45:02.413410+00:00,171eff0c4c292e16179e1b51902197d45b4179255d7fce18b0bbc1540eb9632b,https://finance.yahoo.com/quote/IBCI.AS/history,227.92999267578125
2024-10-31,INFR,INFR_OFFICIAL_NAV,2024-10-31,2024-10-31,2026-08-28T06:45:02.413410+00:00,af6bd526b17d603012401b1f741f703084f42346f2e4393175b3290f49bd9bc2,https://finance.yahoo.com/quote/INFR.MI/history,29.75838279724121
2024-10-31,IWVL,IWVL_OFFICIAL_NAV,2024-10-31,2024-10-31,2026-08-28T06:45:02.413410+00:00,d50d5d869874811217fd20f8cff339dc3858c9609717a37425844299661aeecc,https://finance.yahoo.com/quote/IS3S.DE/history,39.97999954223633
2024-10-31,SGLD,LBMA_GOLD_PM,2024-10-31,2024-10-31,2026-08-28T06:45:02.413410+00:00,414251d3408c1500fae24f3037a81592774c3046dd7302b673f394f3dbcadb52,https://prices.lbma.org.uk/json/gold_pm.json,2518.793182865039152464302165
2024-10-31,WENE,XDW0_OFFICIAL_NAV,2024-10-31,2024-10-31,2026-08-28T06:45:02.413410+00:00,e475bd216680c21a3641cb1c847764a89810fae0218c9b71fa6de6a3ad3f2f70,https://finance.yahoo.com/quote/XDW0.DE/history,45.65999984741211
2024-11-30,CMOD,CMOD_OFFICIAL_NAV,2024-11-29,2024-11-29,2026-08-28T06:45:02.413410+00:00,8a0e74fe66464799538f3fe38dc7e3a8d44d0007d6953bd8c100de5b29f359cd,https://finance.yahoo.com/quote/CMOD.MI/history,21.690000534057617
2024-11-30,DFNS,FRED_NASDAQNQUSB50201020N,2024-11-29,2024-11-29,2026-08-28T06:45:02.413410+00:00,c84cc23ca82562d27a92626d90fb81e4b0efc18ca3b8123f69ffc5ec095939c0,https://fred.stlouisfed.org/graph/fredgraph.csv?id=NASDAQNQUSB50201020N,7273.148762681331184223001801
2024-11-30,DTEH,DTLE_OFFICIAL_NAV,2024-11-29,2024-11-29,2026-08-28T06:45:02.413410+00:00,a78f8cea4277832f4576b237f6852bd3c97aa9bb5351190fc497eedf31e45727,https://finance.yahoo.com/quote/DTLE.L/history,2.913806200027466
2024-11-30,EQAC,FRED_NASDAQXNDXNNR,2024-11-29,2024-11-29,2026-08-28T06:45:02.413410+00:00,c7a6f427535c8838870afd10b9902f56163384ad2a2390a4c68f91b36df3b112,https://fred.stlouisfed.org/graph/fredgraph.csv?id=NASDAQXNDXNNR,22935.23276761164312126671091
2024-11-30,EWSA,WSML_OFFICIAL_NAV,2024-11-29,2024-11-29,2026-08-28T06:45:02.413410+00:00,d59d40f4c32a5804609dab01d431ae183bea82f32b1aaa8bfb6371eb3a3299ae,https://finance.yahoo.com/quote/IUSN.DE/history,7.61899995803833
2024-11-30,IBCI,IBCI_OFFICIAL_NAV,2024-11-29,2024-11-29,2026-08-28T06:45:02.413410+00:00,171eff0c4c292e16179e1b51902197d45b4179255d7fce18b0bbc1540eb9632b,https://finance.yahoo.com/quote/IBCI.AS/history,231.99000549316406
2024-11-30,INFR,INFR_OFFICIAL_NAV,2024-11-29,2024-11-29,2026-08-28T06:45:02.413410+00:00,af6bd526b17d603012401b1f741f703084f42346f2e4393175b3290f49bd9bc2,https://finance.yahoo.com/quote/INFR.MI/history,31.60089111328125
2024-11-30,IWVL,IWVL_OFFICIAL_NAV,2024-11-29,2024-11-29,2026-08-28T06:45:02.413410+00:00,d50d5d869874811217fd20f8cff339dc3858c9609717a37425844299661aeecc,https://finance.yahoo.com/quote/IS3S.DE/history,41.80500030517578
2024-11-30,SGLD,LBMA_GOLD_PM,2024-11-29,2024-11-29,2026-08-28T06:45:02.413410+00:00,414251d3408c1500fae24f3037a81592774c3046dd7302b673f394f3dbcadb52,https://prices.lbma.org.uk/json/gold_pm.json,2513.558357826870200056888215
2024-11-30,WENE,XDW0_OFFICIAL_NAV,2024-11-29,2024-11-29,2026-08-28T06:45:02.413410+00:00,e475bd216680c21a3641cb1c847764a89810fae0218c9b71fa6de6a3ad3f2f70,https://finance.yahoo.com/quote/XDW0.DE/history,49.39500045776367
2024-12-31,CMOD,CMOD_OFFICIAL_NAV,2024-12-30,2024-12-30,2026-08-28T06:45:02.413410+00:00,8a0e74fe66464799538f3fe38dc7e3a8d44d0007d6953bd8c100de5b29f359cd,https://finance.yahoo.com/quote/CMOD.MI/history,22.18000030517578
2024-12-31,DFNS,FRED_NASDAQNQUSB50201020N,2024-12-31,2024-12-31,2026-08-28T06:45:02.413410+00:00,c84cc23ca82562d27a92626d90fb81e4b0efc18ca3b8123f69ffc5ec095939c0,https://fred.stlouisfed.org/graph/fredgraph.csv?id=NASDAQNQUSB50201020N,6824.954110713940682059704376
2024-12-31,DTEH,DTLE_OFFICIAL_NAV,2024-12-31,2024-12-31,2026-08-28T06:45:02.413410+00:00,a78f8cea4277832f4576b237f6852bd3c97aa9bb5351190fc497eedf31e45727,https://finance.yahoo.com/quote/DTLE.L/history,2.763662815093994
2024-12-31,EQAC,FRED_NASDAQXNDXNNR,2024-12-31,2024-12-31,2026-08-28T06:45:02.413410+00:00,c7a6f427535c8838870afd10b9902f56163384ad2a2390a4c68f91b36df3b112,https://fred.stlouisfed.org/graph/fredgraph.csv?id=NASDAQXNDXNNR,23471.09458023379383634431456
2024-12-31,EWSA,WSML_OFFICIAL_NAV,2024-12-30,2024-12-30,2026-08-28T06:45:02.413410+00:00,d59d40f4c32a5804609dab01d431ae183bea82f32b1aaa8bfb6371eb3a3299ae,https://finance.yahoo.com/quote/IUSN.DE/history,7.216000080108643
2024-12-31,IBCI,IBCI_OFFICIAL_NAV,2024-12-31,2024-12-31,2026-08-28T06:45:02.413410+00:00,171eff0c4c292e16179e1b51902197d45b4179255d7fce18b0bbc1540eb9632b,https://finance.yahoo.com/quote/IBCI.AS/history,228.52999877929688
2024-12-31,INFR,INFR_OFFICIAL_NAV,2024-12-30,2024-12-30,2026-08-28T06:45:02.413410+00:00,af6bd526b17d603012401b1f741f703084f42346f2e4393175b3290f49bd9bc2,https://finance.yahoo.com/quote/INFR.MI/history,29.79718780517578
2024-12-31,IWVL,IWVL_OFFICIAL_NAV,2024-12-30,2024-12-30,2026-08-28T06:45:02.413410+00:00,d50d5d869874811217fd20f8cff339dc3858c9609717a37425844299661aeecc,https://finance.yahoo.com/quote/IS3S.DE/history,41.060001373291016
2024-12-31,SGLD,LBMA_GOLD_PM,2024-12-30,2024-12-30,2026-08-28T06:45:02.413410+00:00,414251d3408c1500fae24f3037a81592774c3046dd7302b673f394f3dbcadb52,https://prices.lbma.org.uk/json/gold_pm.json,2520.626026470872379480243455
2024-12-31,WENE,XDW0_OFFICIAL_NAV,2024-12-30,2024-12-30,2026-08-28T06:45:02.413410+00:00,e475bd216680c21a3641cb1c847764a89810fae0218c9b71fa6de6a3ad3f2f70,https://finance.yahoo.com/quote/XDW0.DE/history,45.564998626708984
2025-01-31,CMOD,CMOD_OFFICIAL_NAV,2025-01-31,2025-01-31,2026-08-28T06:45:02.413410+00:00,8a0e74fe66464799538f3fe38dc7e3a8d44d0007d6953bd8c100de5b29f359cd,https://finance.yahoo.com/quote/CMOD.MI/history,23.114999771118164
2025-01-31,DFNS,FRED_NASDAQNQUSB50201020N,2025-01-31,2025-01-31,2026-08-28T06:45:02.413410+00:00,c84cc23ca82562d27a92626d90fb81e4b0efc18ca3b8123f69ffc5ec095939c0,https://fred.stlouisfed.org/graph/fredgraph.csv?id=NASDAQNQUSB50201020N,6840.211538461538461538461538
2025-01-31,DTEH,DTLE_OFFICIAL_NAV,2025-01-31,2025-01-31,2026-08-28T06:45:02.413410+00:00,a78f8cea4277832f4576b237f6852bd3c97aa9bb5351190fc497eedf31e45727,https://finance.yahoo.com/quote/DTLE.L/history,2.767177104949951
2025-01-31,EQAC,FRED_NASDAQXNDXNNR,2025-01-31,2025-01-31,2026-08-28T06:45:02.413410+00:00,c7a6f427535c8838870afd10b9902f56163384ad2a2390a4c68f91b36df3b112,https://fred.stlouisfed.org/graph/fredgraph.csv?id=NASDAQXNDXNNR,23884.04807692307692307692308
2025-01-31,EWSA,WSML_OFFICIAL_NAV,2025-01-31,2025-01-31,2026-08-28T06:45:02.413410+00:00,d59d40f4c32a5804609dab01d431ae183bea82f32b1aaa8bfb6371eb3a3299ae,https://finance.yahoo.com/quote/IUSN.DE/history,7.572999954223633
2025-01-31,IBCI,IBCI_OFFICIAL_NAV,2025-01-31,2025-01-31,2026-08-28T06:45:02.413410+00:00,171eff0c4c292e16179e1b51902197d45b4179255d7fce18b0bbc1540eb9632b,https://finance.yahoo.com/quote/IBCI.AS/history,229.72000122070312
2025-01-31,INFR,INFR_OFFICIAL_NAV,2025-01-31,2025-01-31,2026-08-28T06:45:02.413410+00:00,af6bd526b17d603012401b1f741f703084f42346f2e4393175b3290f49bd9bc2,https://finance.yahoo.com/quote/INFR.MI/history,30.39361000061035
2025-01-31,IWVL,IWVL_OFFICIAL_NAV,2025-01-31,2025-01-31,2026-08-28T06:45:02.413410+00:00,d50d5d869874811217fd20f8cff339dc3858c9609717a37425844299661aeecc,https://finance.yahoo.com/quote/IS3S.DE/history,43.06999969482422
2025-01-31,SGLD,LBMA_GOLD_PM,2025-01-31,2025-01-31,2026-08-28T06:45:02.413410+00:00,414251d3408c1500fae24f3037a81592774c3046dd7302b673f394f3dbcadb52,https://prices.lbma.org.uk/json/gold_pm.json,2703.894230769230769230769231
2025-01-31,WENE,XDW0_OFFICIAL_NAV,2025-01-31,2025-01-31,2026-08-28T06:45:02.413410+00:00,e475bd216680c21a3641cb1c847764a89810fae0218c9b71fa6de6a3ad3f2f70,https://finance.yahoo.com/quote/XDW0.DE/history,48.08000183105469
2025-02-28,CMOD,CMOD_OFFICIAL_NAV,2025-02-28,2025-02-28,2026-08-28T06:45:02.413410+00:00,8a0e74fe66464799538f3fe38dc7e3a8d44d0007d6953bd8c100de5b29f359cd,https://finance.yahoo.com/quote/CMOD.MI/history,23.2450008392334
2025-02-28,DFNS,FRED_NASDAQNQUSB50201020N,2025-02-28,2025-02-28,2026-08-28T06:45:02.413410+00:00,c84cc23ca82562d27a92626d90fb81e4b0efc18ca3b8123f69ffc5ec095939c0,https://fred.stlouisfed.org/graph/fredgraph.csv?id=NASDAQNQUSB50201020N,6431.243991540088444529898097
2025-02-28,DTEH,DTLE_OFFICIAL_NAV,2025-02-28,2025-02-28,2026-08-28T06:45:02.413410+00:00,a78f8cea4277832f4576b237f6852bd3c97aa9bb5351190fc497eedf31e45727,https://finance.yahoo.com/quote/DTLE.L/history,2.8777518272399902
2025-02-28,EQAC,FRED_NASDAQXNDXNNR,2025-02-28,2025-02-28,2026-08-28T06:45:02.413410+00:00,c7a6f427535c8838870afd10b9902f56163384ad2a2390a4c68f91b36df3b112,https://fred.stlouisfed.org/graph/fredgraph.csv?id=NASDAQXNDXNNR,23231.91693905018265718131129
2025-02-28,EWSA,WSML_OFFICIAL_NAV,2025-02-28,2025-02-28,2026-08-28T06:45:02.413410+00:00,d59d40f4c32a5804609dab01d431ae183bea82f32b1aaa8bfb6371eb3a3299ae,https://finance.yahoo.com/quote/IUSN.DE/history,7.236999988555908
2025-02-28,IBCI,IBCI_OFFICIAL_NAV,2025-02-28,2025-02-28,2026-08-28T06:45:02.413410+00:00,171eff0c4c292e16179e1b51902197d45b4179255d7fce18b0bbc1540eb9632b,https://finance.yahoo.com/quote/IBCI.AS/history,230.08999633789062
2025-02-28,INFR,INFR_OFFICIAL_NAV,2025-02-28,2025-02-28,2026-08-28T06:45:02.413410+00:00,af6bd526b17d603012401b1f741f703084f42346f2e4393175b3290f49bd9bc2,https://finance.yahoo.com/quote/INFR.MI/history,30.752113342285156
2025-02-28,IWVL,IWVL_OFFICIAL_NAV,2025-02-28,2025-02-28,2026-08-28T06:45:02.413410+00:00,d50d5d869874811217fd20f8cff339dc3858c9609717a37425844299661aeecc,https://finance.yahoo.com/quote/IS3S.DE/history,44.060001373291016
2025-02-28,SGLD,LBMA_GOLD_PM,2025-02-28,2025-02-28,2026-08-28T06:45:02.413410+00:00,414251d3408c1500fae24f3037a81592774c3046dd7302b673f394f3dbcadb52,https://prices.lbma.org.uk/json/gold_pm.json,2725.004806767929244376081523
2025-02-28,WENE,XDW0_OFFICIAL_NAV,2025-02-28,2025-02-28,2026-08-28T06:45:02.413410+00:00,e475bd216680c21a3641cb1c847764a89810fae0218c9b71fa6de6a3ad3f2f70,https://finance.yahoo.com/quote/XDW0.DE/history,48.21500015258789
2025-03-31,CMOD,CMOD_OFFICIAL_NAV,2025-03-31,2025-03-31,2026-08-28T06:45:02.413410+00:00,8a0e74fe66464799538f3fe38dc7e3a8d44d0007d6953bd8c100de5b29f359cd,https://finance.yahoo.com/quote/CMOD.MI/history,23.209999084472656
2025-03-31,DFNS,FRED_NASDAQNQUSB50201020N,2025-03-31,2025-03-31,2026-08-28T06:45:02.413410+00:00,c84cc23ca82562d27a92626d90fb81e4b0efc18ca3b8123f69ffc5ec095939c0,https://fred.stlouisfed.org/graph/fredgraph.csv?id=NASDAQNQUSB50201020N,6414.560948499444238606891441
2025-03-31,DTEH,DTLE_OFFICIAL_NAV,2025-03-31,2025-03-31,2026-08-28T06:45:02.413410+00:00,a78f8cea4277832f4576b237f6852bd3c97aa9bb5351190fc497eedf31e45727,https://finance.yahoo.com/quote/DTLE.L/history,2.8491709232330322
2025-03-31,EQAC,FRED_NASDAQXNDXNNR,2025-03-31,2025-03-31,2026-08-28T06:45:02.413410+00:00,c7a6f427535c8838870afd10b9902f56163384ad2a2390a4c68f91b36df3b112,https://fred.stlouisfed.org/graph/fredgraph.csv?id=NASDAQXNDXNNR,20674.84253427195257502778807
2025-03-31,EWSA,WSML_OFFICIAL_NAV,2025-03-31,2025-03-31,2026-08-28T06:45:02.413410+00:00,d59d40f4c32a5804609dab01d431ae183bea82f32b1aaa8bfb6371eb3a3299ae,https://finance.yahoo.com/quote/IUSN.DE/history,6.706999778747559
2025-03-31,IBCI,IBCI_OFFICIAL_NAV,2025-03-31,2025-03-31,2026-08-28T06:45:02.413410+00:00,171eff0c4c292e16179e1b51902197d45b4179255d7fce18b0bbc1540eb9632b,https://finance.yahoo.com/quote/IBCI.AS/history,226.88999938964844
2025-03-31,INFR,INFR_OFFICIAL_NAV,2025-03-31,2025-03-31,2026-08-28T06:45:02.413410+00:00,af6bd526b17d603012401b1f741f703084f42346f2e4393175b3290f49bd9bc2,https://finance.yahoo.com/quote/INFR.MI/history,30.26874542236328
2025-03-31,IWVL,IWVL_OFFICIAL_NAV,2025-03-31,2025-03-31,2026-08-28T06:45:02.413410+00:00,d50d5d869874811217fd20f8cff339dc3858c9609717a37425844299661aeecc,https://finance.yahoo.com/quote/IS3S.DE/history,42.279998779296875
2025-03-31,SGLD,LBMA_GOLD_PM,2025-03-31,2025-03-31,2026-08-28T06:45:02.413410+00:00,414251d3408c1500fae24f3037a81592774c3046dd7302b673f394f3dbcadb52,https://prices.lbma.org.uk/json/gold_pm.json,2885.420526120785476102260096
2025-03-31,WENE,XDW0_OFFICIAL_NAV,2025-03-31,2025-03-31,2026-08-28T06:45:02.413410+00:00,e475bd216680c21a3641cb1c847764a89810fae0218c9b71fa6de6a3ad3f2f70,https://finance.yahoo.com/quote/XDW0.DE/history,49.165000915527344
2025-04-30,CMOD,CMOD_OFFICIAL_NAV,2025-04-30,2025-04-30,2026-08-28T06:45:02.413410+00:00,8a0e74fe66464799538f3fe38dc7e3a8d44d0007d6953bd8c100de5b29f359cd,https://finance.yahoo.com/quote/CMOD.MI/history,21.18000030517578
2025-04-30,DFNS,FRED_NASDAQNQUSB50201020N,2025-04-30,2025-04-30,2026-08-28T06:45:02.413410+00:00,c84cc23ca82562d27a92626d90fb81e4b0efc18ca3b8123f69ffc5ec095939c0,https://fred.stlouisfed.org/graph/fredgraph.csv?id=NASDAQNQUSB50201020N,6393.232883954533439069521544
2025-04-30,DTEH,DTLE_OFFICIAL_NAV,2025-04-30,2025-04-30,2026-08-28T06:45:02.413410+00:00,a78f8cea4277832f4576b237f6852bd3c97aa9bb5351190fc497eedf31e45727,https://finance.yahoo.com/quote/DTLE.L/history,2.822932720184326
2025-04-30,EQAC,FRED_NASDAQXNDXNNR,2025-04-30,2025-04-30,2026-08-28T06:45:02.413410+00:00,c7a6f427535c8838870afd10b9902f56163384ad2a2390a4c68f91b36df3b112,https://fred.stlouisfed.org/graph/fredgraph.csv?id=NASDAQXNDXNNR,19970.78156665785531764913208
2025-04-30,EWSA,WSML_OFFICIAL_NAV,2025-04-30,2025-04-30,2026-08-28T06:45:02.413410+00:00,d59d40f4c32a5804609dab01d431ae183bea82f32b1aaa8bfb6371eb3a3299ae,https://finance.yahoo.com/quote/IUSN.DE/history,6.426000118255615
2025-04-30,IBCI,IBCI_OFFICIAL_NAV,2025-04-30,2025-04-30,2026-08-28T06:45:02.413410+00:00,171eff0c4c292e16179e1b51902197d45b4179255d7fce18b0bbc1540eb9632b,https://finance.yahoo.com/quote/IBCI.AS/history,229.57000732421875
2025-04-30,INFR,INFR_OFFICIAL_NAV,2025-04-30,2025-04-30,2026-08-28T06:45:02.413410+00:00,af6bd526b17d603012401b1f741f703084f42346f2e4393175b3290f49bd9bc2,https://finance.yahoo.com/quote/INFR.MI/history,29.002309799194336
2025-04-30,IWVL,IWVL_OFFICIAL_NAV,2025-04-30,2025-04-30,2026-08-28T06:45:02.413410+00:00,d50d5d869874811217fd20f8cff339dc3858c9609717a37425844299661aeecc,https://finance.yahoo.com/quote/IS3S.DE/history,40.59000015258789
2025-04-30,SGLD,LBMA_GOLD_PM,2025-04-30,2025-04-30,2026-08-28T06:45:02.413410+00:00,414251d3408c1500fae24f3037a81592774c3046dd7302b673f394f3dbcadb52,https://prices.lbma.org.uk/json/gold_pm.json,2909.551502335007489646664904
2025-04-30,WENE,XDW0_OFFICIAL_NAV,2025-04-30,2025-04-30,2026-08-28T06:45:02.413410+00:00,e475bd216680c21a3641cb1c847764a89810fae0218c9b71fa6de6a3ad3f2f70,https://finance.yahoo.com/quote/XDW0.DE/history,41.73500061035156
2025-05-31,CMOD,CMOD_OFFICIAL_NAV,2025-05-30,2025-05-30,2026-08-28T06:45:02.413410+00:00,8a0e74fe66464799538f3fe38dc7e3a8d44d0007d6953bd8c100de5b29f359cd,https://finance.yahoo.com/quote/CMOD.MI/history,20.885000228881836
2025-05-31,DFNS,FRED_NASDAQNQUSB50201020N,2025-05-30,2025-05-30,2026-08-28T06:45:02.413410+00:00,c84cc23ca82562d27a92626d90fb81e4b0efc18ca3b8123f69ffc5ec095939c0,https://fred.stlouisfed.org/graph/fredgraph.csv?id=NASDAQNQUSB50201020N,6789.045562703798360800211510
2025-05-31,DTEH,DTLE_OFFICIAL_NAV,2025-05-30,2025-05-30,2026-08-28T06:45:02.413410+00:00,a78f8cea4277832f4576b237f6852bd3c97aa9bb5351190fc497eedf31e45727,https://finance.yahoo.com/quote/DTLE.L/history,2.716106653213501
2025-05-31,EQAC,FRED_NASDAQXNDXNNR,2025-05-30,2025-05-30,2026-08-28T06:45:02.413410+00:00,c7a6f427535c8838870afd10b9902f56163384ad2a2390a4c68f91b36df3b112,https://fred.stlouisfed.org/graph/fredgraph.csv?id=NASDAQXNDXNNR,21793.46963955230457389618401
2025-05-31,EWSA,WSML_OFFICIAL_NAV,2025-05-30,2025-05-30,2026-08-28T06:45:02.413410+00:00,d59d40f4c32a5804609dab01d431ae183bea82f32b1aaa8bfb6371eb3a3299ae,https://finance.yahoo.com/quote/IUSN.DE/history,6.809999942779541
2025-05-31,IBCI,IBCI_OFFICIAL_NAV,2025-05-30,2025-05-30,2026-08-28T06:45:02.413410+00:00,171eff0c4c292e16179e1b51902197d45b4179255d7fce18b0bbc1540eb9632b,https://finance.yahoo.com/quote/IBCI.AS/history,230.36000061035156
2025-05-31,INFR,INFR_OFFICIAL_NAV,2025-05-30,2025-05-30,2026-08-28T06:45:02.413410+00:00,af6bd526b17d603012401b1f741f703084f42346f2e4393175b3290f49bd9bc2,https://finance.yahoo.com/quote/INFR.MI/history,29.318452835083008
2025-05-31,IWVL,IWVL_OFFICIAL_NAV,2025-05-30,2025-05-30,2026-08-28T06:45:02.413410+00:00,d50d5d869874811217fd20f8cff339dc3858c9609717a37425844299661aeecc,https://finance.yahoo.com/quote/IS3S.DE/history,42.41999816894531
2025-05-31,SGLD,LBMA_GOLD_PM,2025-05-30,2025-05-30,2026-08-28T06:45:02.413410+00:00,414251d3408c1500fae24f3037a81592774c3046dd7302b673f394f3dbcadb52,https://prices.lbma.org.uk/json/gold_pm.json,2888.472724068035604124438177
2025-05-31,WENE,XDW0_OFFICIAL_NAV,2025-05-30,2025-05-30,2026-08-28T06:45:02.413410+00:00,e475bd216680c21a3641cb1c847764a89810fae0218c9b71fa6de6a3ad3f2f70,https://finance.yahoo.com/quote/XDW0.DE/history,42.21500015258789
2025-06-30,CMOD,CMOD_OFFICIAL_NAV,2025-06-30,2025-06-30,2026-08-28T06:45:02.413410+00:00,8a0e74fe66464799538f3fe38dc7e3a8d44d0007d6953bd8c100de5b29f359cd,https://finance.yahoo.com/quote/CMOD.MI/history,20.700000762939453
2025-06-30,DFNS,FRED_NASDAQNQUSB50201020N,2025-06-30,2025-06-30,2026-08-28T06:45:02.413410+00:00,c84cc23ca82562d27a92626d90fb81e4b0efc18ca3b8123f69ffc5ec095939c0,https://fred.stlouisfed.org/graph/fredgraph.csv?id=NASDAQNQUSB50201020N,6828.572642310960067969413764
2025-06-30,DTEH,DTLE_OFFICIAL_NAV,2025-06-30,2025-06-30,2026-08-28T06:45:02.413410+00:00,a78f8cea4277832f4576b237f6852bd3c97aa9bb5351190fc497eedf31e45727,https://finance.yahoo.com/quote/DTLE.L/history,2.7720460891723633
2025-06-30,EQAC,FRED_NASDAQXNDXNNR,2025-06-30,2025-06-30,2026-08-28T06:45:02.413410+00:00,c7a6f427535c8838870afd10b9902f56163384ad2a2390a4c68f91b36df3b112,https://fred.stlouisfed.org/graph/fredgraph.csv?id=NASDAQXNDXNNR,22338.47068819031435853865760
2025-06-30,EWSA,WSML_OFFICIAL_NAV,2025-06-30,2025-06-30,2026-08-28T06:45:02.413410+00:00,d59d40f4c32a5804609dab01d431ae183bea82f32b1aaa8bfb6371eb3a3299ae,https://finance.yahoo.com/quote/IUSN.DE/history,6.89300012588501
2025-06-30,IBCI,IBCI_OFFICIAL_NAV,2025-06-30,2025-06-30,2026-08-28T06:45:02.413410+00:00,171eff0c4c292e16179e1b51902197d45b4179255d7fce18b0bbc1540eb9632b,https://finance.yahoo.com/quote/IBCI.AS/history,231.47000122070312
2025-06-30,INFR,INFR_OFFICIAL_NAV,2025-06-30,2025-06-30,2026-08-28T06:45:02.413410+00:00,af6bd526b17d603012401b1f741f703084f42346f2e4393175b3290f49bd9bc2,https://finance.yahoo.com/quote/INFR.MI/history,28.55024528503418
2025-06-30,IWVL,IWVL_OFFICIAL_NAV,2025-06-30,2025-06-30,2026-08-28T06:45:02.413410+00:00,d50d5d869874811217fd20f8cff339dc3858c9609717a37425844299661aeecc,https://finance.yahoo.com/quote/IS3S.DE/history,42.619998931884766
2025-06-30,SGLD,LBMA_GOLD_PM,2025-06-30,2025-06-30,2026-08-28T06:45:02.413410+00:00,414251d3408c1500fae24f3037a81592774c3046dd7302b673f394f3dbcadb52,https://prices.lbma.org.uk/json/gold_pm.json,2793.075615972812234494477485
2025-06-30,WENE,XDW0_OFFICIAL_NAV,2025-06-30,2025-06-30,2026-08-28T06:45:02.413410+00:00,e475bd216680c21a3641cb1c847764a89810fae0218c9b71fa6de6a3ad3f2f70,https://finance.yahoo.com/quote/XDW0.DE/history,42.994998931884766
2025-07-31,CMOD,CMOD_OFFICIAL_NAV,2025-07-31,2025-07-31,2026-08-28T06:45:02.413410+00:00,8a0e74fe66464799538f3fe38dc7e3a8d44d0007d6953bd8c100de5b29f359cd,https://finance.yahoo.com/quote/CMOD.MI/history,21.094999313354492
2025-07-31,DFNS,FRED_NASDAQNQUSB50201020N,2025-07-31,2025-07-31,2026-08-28T06:45:02.413410+00:00,c84cc23ca82562d27a92626d90fb81e4b0efc18ca3b8123f69ffc5ec095939c0,https://fred.stlouisfed.org/graph/fredgraph.csv?id=NASDAQNQUSB50201020N,7160.992039191671769748928353
2025-07-31,DTEH,DTLE_OFFICIAL_NAV,2025-07-31,2025-07-31,2026-08-28T06:45:02.413410+00:00,a78f8cea4277832f4576b237f6852bd3c97aa9bb5351190fc497eedf31e45727,https://finance.yahoo.com/quote/DTLE.L/history,2.7620110511779785
2025-07-31,EQAC,FRED_NASDAQXNDXNNR,2025-07-31,2025-07-31,2026-08-28T06:45:02.413410+00:00,c7a6f427535c8838870afd10b9902f56163384ad2a2390a4c68f91b36df3b112,https://fred.stlouisfed.org/graph/fredgraph.csv?id=NASDAQXNDXNNR,23552.91750503018108651911469
2025-07-31,EWSA,WSML_OFFICIAL_NAV,2025-07-31,2025-07-31,2026-08-28T06:45:02.413410+00:00,d59d40f4c32a5804609dab01d431ae183bea82f32b1aaa8bfb6371eb3a3299ae,https://finance.yahoo.com/quote/IUSN.DE/history,7.197000026702881
2025-07-31,IBCI,IBCI_OFFICIAL_NAV,2025-07-31,2025-07-31,2026-08-28T06:45:02.413410+00:00,171eff0c4c292e16179e1b51902197d45b4179255d7fce18b0bbc1540eb9632b,https://finance.yahoo.com/quote/IBCI.AS/history,230.99000549316406
2025-07-31,INFR,INFR_OFFICIAL_NAV,2025-07-31,2025-07-31,2026-08-28T06:45:02.413410+00:00,af6bd526b17d603012401b1f741f703084f42346f2e4393175b3290f49bd9bc2,https://finance.yahoo.com/quote/INFR.MI/history,29.46917724609375
2025-07-31,IWVL,IWVL_OFFICIAL_NAV,2025-07-31,2025-07-31,2026-08-28T06:45:02.413410+00:00,d50d5d869874811217fd20f8cff339dc3858c9609717a37425844299661aeecc,https://finance.yahoo.com/quote/IS3S.DE/history,43.64500045776367
2025-07-31,SGLD,LBMA_GOLD_PM,2025-07-31,2025-07-31,2026-08-28T06:45:02.413410+00:00,414251d3408c1500fae24f3037a81592774c3046dd7302b673f394f3dbcadb52,https://prices.lbma.org.uk/json/gold_pm.json,2885.880500393666345901495932
2025-07-31,WENE,XDW0_OFFICIAL_NAV,2025-07-31,2025-07-31,2026-08-28T06:45:02.413410+00:00,e475bd216680c21a3641cb1c847764a89810fae0218c9b71fa6de6a3ad3f2f70,https://finance.yahoo.com/quote/XDW0.DE/history,45.125
2025-08-31,CMOD,CMOD_OFFICIAL_NAV,2025-08-29,2025-08-29,2026-08-28T06:45:02.413410+00:00,8a0e74fe66464799538f3fe38dc7e3a8d44d0007d6953bd8c100de5b29f359cd,https://finance.yahoo.com/quote/CMOD.MI/history,20.969999313354492
2025-08-31,DFNS,FRED_NASDAQNQUSB50201020N,2025-08-29,2025-08-29,2026-08-28T06:45:02.413410+00:00,c84cc23ca82562d27a92626d90fb81e4b0efc18ca3b8123f69ffc5ec095939c0,https://fred.stlouisfed.org/graph/fredgraph.csv?id=NASDAQNQUSB50201020N,7235.570756733646857631466439
2025-08-31,DTEH,DTLE_OFFICIAL_NAV,2025-08-29,2025-08-29,2026-08-28T06:45:02.413410+00:00,a78f8cea4277832f4576b237f6852bd3c97aa9bb5351190fc497eedf31e45727,https://finance.yahoo.com/quote/DTLE.L/history,2.738595962524414
2025-08-31,EQAC,FRED_NASDAQXNDXNNR,2025-08-29,2025-08-29,2026-08-28T06:45:02.413410+00:00,c7a6f427535c8838870afd10b9902f56163384ad2a2390a4c68f91b36df3b112,https://fred.stlouisfed.org/graph/fredgraph.csv?id=NASDAQXNDXNNR,23228.76442924326635314236853
2025-08-31,EWSA,WSML_OFFICIAL_NAV,2025-08-29,2025-08-29,2026-08-28T06:45:02.413410+00:00,d59d40f4c32a5804609dab01d431ae183bea82f32b1aaa8bfb6371eb3a3299ae,https://finance.yahoo.com/quote/IUSN.DE/history,7.355000019073486
2025-08-31,IBCI,IBCI_OFFICIAL_NAV,2025-08-29,2025-08-29,2026-08-28T06:45:02.413410+00:00,171eff0c4c292e16179e1b51902197d45b4179255d7fce18b0bbc1540eb9632b,https://finance.yahoo.com/quote/IBCI.AS/history,228.77000427246094
2025-08-31,INFR,INFR_OFFICIAL_NAV,2025-08-29,2025-08-29,2026-08-28T06:45:02.413410+00:00,af6bd526b17d603012401b1f741f703084f42346f2e4393175b3290f49bd9bc2,https://finance.yahoo.com/quote/INFR.MI/history,29.17037010192871
2025-08-31,IWVL,IWVL_OFFICIAL_NAV,2025-08-29,2025-08-29,2026-08-28T06:45:02.413410+00:00,d50d5d869874811217fd20f8cff339dc3858c9609717a37425844299661aeecc,https://finance.yahoo.com/quote/IS3S.DE/history,45.099998474121094
2025-08-31,SGLD,LBMA_GOLD_PM,2025-08-29,2025-08-29,2026-08-28T06:45:02.413410+00:00,414251d3408c1500fae24f3037a81592774c3046dd7302b673f394f3dbcadb52,https://prices.lbma.org.uk/json/gold_pm.json,2932.150491663103890551517743
2025-08-31,WENE,XDW0_OFFICIAL_NAV,2025-08-29,2025-08-29,2026-08-28T06:45:02.413410+00:00,e475bd216680c21a3641cb1c847764a89810fae0218c9b71fa6de6a3ad3f2f70,https://finance.yahoo.com/quote/XDW0.DE/history,46.0
2025-09-30,CMOD,CMOD_OFFICIAL_NAV,2025-09-30,2025-09-30,2026-08-28T06:45:02.413410+00:00,8a0e74fe66464799538f3fe38dc7e3a8d44d0007d6953bd8c100de5b29f359cd,https://finance.yahoo.com/quote/CMOD.MI/history,21.454999923706055
2025-09-30,DFNS,FRED_NASDAQNQUSB50201020N,2025-09-30,2025-09-30,2026-08-28T06:45:02.413410+00:00,c84cc23ca82562d27a92626d90fb81e4b0efc18ca3b8123f69ffc5ec095939c0,https://fred.stlouisfed.org/graph/fredgraph.csv?id=NASDAQNQUSB50201020N,7742.837665104388581167447806
2025-09-30,DTEH,DTLE_OFFICIAL_NAV,2025-09-30,2025-09-30,2026-08-28T06:45:02.413410+00:00,a78f8cea4277832f4576b237f6852bd3c97aa9bb5351190fc497eedf31e45727,https://finance.yahoo.com/quote/DTLE.L/history,2.8434855937957764
2025-09-30,EQAC,FRED_NASDAQXNDXNNR,2025-09-30,2025-09-30,2026-08-28T06:45:02.413410+00:00,c7a6f427535c8838870afd10b9902f56163384ad2a2390a4c68f91b36df3b112,https://fred.stlouisfed.org/graph/fredgraph.csv?id=NASDAQXNDXNNR,24410.65189603749467405198125
2025-09-30,EWSA,WSML_OFFICIAL_NAV,2025-09-30,2025-09-30,2026-08-28T06:45:02.413410+00:00,d59d40f4c32a5804609dab01d431ae183bea82f32b1aaa8bfb6371eb3a3299ae,https://finance.yahoo.com/quote/IUSN.DE/history,7.431000232696533
2025-09-30,IBCI,IBCI_OFFICIAL_NAV,2025-09-30,2025-09-30,2026-08-28T06:45:02.413410+00:00,171eff0c4c292e16179e1b51902197d45b4179255d7fce18b0bbc1540eb9632b,https://finance.yahoo.com/quote/IBCI.AS/history,230.0800018310547
2025-09-30,INFR,INFR_OFFICIAL_NAV,2025-09-30,2025-09-30,2026-08-28T06:45:02.413410+00:00,af6bd526b17d603012401b1f741f703084f42346f2e4393175b3290f49bd9bc2,https://finance.yahoo.com/quote/INFR.MI/history,29.665027618408203
2025-09-30,IWVL,IWVL_OFFICIAL_NAV,2025-09-30,2025-09-30,2026-08-28T06:45:02.413410+00:00,d50d5d869874811217fd20f8cff339dc3858c9609717a37425844299661aeecc,https://finance.yahoo.com/quote/IS3S.DE/history,46.35499954223633
2025-09-30,SGLD,LBMA_GOLD_PM,2025-09-30,2025-09-30,2026-08-28T06:45:02.413410+00:00,414251d3408c1500fae24f3037a81592774c3046dd7302b673f394f3dbcadb52,https://prices.lbma.org.uk/json/gold_pm.json,3259.735832978270132083510865
2025-09-30,WENE,XDW0_OFFICIAL_NAV,2025-09-30,2025-09-30,2026-08-28T06:45:02.413410+00:00,e475bd216680c21a3641cb1c847764a89810fae0218c9b71fa6de6a3ad3f2f70,https://finance.yahoo.com/quote/XDW0.DE/history,45.47999954223633
2025-10-31,CMOD,CMOD_OFFICIAL_NAV,2025-10-31,2025-10-31,2026-08-28T06:45:02.413410+00:00,8a0e74fe66464799538f3fe38dc7e3a8d44d0007d6953bd8c100de5b29f359cd,https://finance.yahoo.com/quote/CMOD.MI/history,22.364999771118164
2025-10-31,DFNS,FRED_NASDAQNQUSB50201020N,2025-10-31,2025-10-31,2026-08-28T06:45:02.413410+00:00,c84cc23ca82562d27a92626d90fb81e4b0efc18ca3b8123f69ffc5ec095939c0,https://fred.stlouisfed.org/graph/fredgraph.csv?id=NASDAQNQUSB50201020N,7928.403084654709297287929989
2025-10-31,DTEH,DTLE_OFFICIAL_NAV,2025-10-31,2025-10-31,2026-08-28T06:45:02.413410+00:00,a78f8cea4277832f4576b237f6852bd3c97aa9bb5351190fc497eedf31e45727,https://finance.yahoo.com/quote/DTLE.L/history,2.8728737831115723
2025-10-31,EQAC,FRED_NASDAQXNDXNNR,2025-10-31,2025-10-31,2026-08-28T06:45:02.413410+00:00,c7a6f427535c8838870afd10b9902f56163384ad2a2390a4c68f91b36df3b112,https://fred.stlouisfed.org/graph/fredgraph.csv?id=NASDAQXNDXNNR,26011.33350662854172082141929
2025-10-31,EWSA,WSML_OFFICIAL_NAV,2025-10-31,2025-10-31,2026-08-28T06:45:02.413410+00:00,d59d40f4c32a5804609dab01d431ae183bea82f32b1aaa8bfb6371eb3a3299ae,https://finance.yahoo.com/quote/IUSN.DE/history,7.627999782562256
2025-10-31,IBCI,IBCI_OFFICIAL_NAV,2025-10-31,2025-10-31,2026-08-28T06:45:02.413410+00:00,171eff0c4c292e16179e1b51902197d45b4179255d7fce18b0bbc1540eb9632b,https://finance.yahoo.com/quote/IBCI.AS/history,232.4199981689453
2025-10-31,INFR,INFR_OFFICIAL_NAV,2025-10-31,2025-10-31,2026-08-28T06:45:02.413410+00:00,af6bd526b17d603012401b1f741f703084f42346f2e4393175b3290f49bd9bc2,https://finance.yahoo.com/quote/INFR.MI/history,29.944196701049805
2025-10-31,IWVL,IWVL_OFFICIAL_NAV,2025-10-31,2025-10-31,2026-08-28T06:45:02.413410+00:00,d50d5d869874811217fd20f8cff339dc3858c9609717a37425844299661aeecc,https://finance.yahoo.com/quote/IS3S.DE/history,48.775001525878906
2025-10-31,SGLD,LBMA_GOLD_PM,2025-10-31,2025-10-31,2026-08-28T06:45:02.413410+00:00,414251d3408c1500fae24f3037a81592774c3046dd7302b673f394f3dbcadb52,https://prices.lbma.org.uk/json/gold_pm.json,3475.868642232042284030846547
2025-10-31,WENE,XDW0_OFFICIAL_NAV,2025-10-31,2025-10-31,2026-08-28T06:45:02.413410+00:00,e475bd216680c21a3641cb1c847764a89810fae0218c9b71fa6de6a3ad3f2f70,https://finance.yahoo.com/quote/XDW0.DE/history,46.01499938964844
2025-11-30,CMOD,CMOD_OFFICIAL_NAV,2025-11-28,2025-11-28,2026-08-28T06:45:02.413410+00:00,8a0e74fe66464799538f3fe38dc7e3a8d44d0007d6953bd8c100de5b29f359cd,https://finance.yahoo.com/quote/CMOD.MI/history,22.989999771118164
2025-11-30,DFNS,FRED_NASDAQNQUSB50201020N,2025-11-28,2025-11-28,2026-08-28T06:45:02.413410+00:00,c84cc23ca82562d27a92626d90fb81e4b0efc18ca3b8123f69ffc5ec095939c0,https://fred.stlouisfed.org/graph/fredgraph.csv?id=NASDAQNQUSB50201020N,7238.612068965517241379310345
2025-11-30,DTEH,DTLE_OFFICIAL_NAV,2025-11-28,2025-11-28,2026-08-28T06:45:02.413410+00:00,a78f8cea4277832f4576b237f6852bd3c97aa9bb5351190fc497eedf31e45727,https://finance.yahoo.com/quote/DTLE.L/history,2.8714399337768555
2025-11-30,EQAC,FRED_NASDAQXNDXNNR,2025-11-28,2025-11-28,2026-08-28T06:45:02.413410+00:00,c7a6f427535c8838870afd10b9902f56163384ad2a2390a4c68f91b36df3b112,https://fred.stlouisfed.org/graph/fredgraph.csv?id=NASDAQXNDXNNR,25468.42241379310344827586207
2025-11-30,EWSA,WSML_OFFICIAL_NAV,2025-11-28,2025-11-28,2026-08-28T06:45:02.413410+00:00,d59d40f4c32a5804609dab01d431ae183bea82f32b1aaa8bfb6371eb3a3299ae,https://finance.yahoo.com/quote/IUSN.DE/history,7.729000091552734
2025-11-30,IBCI,IBCI_OFFICIAL_NAV,2025-11-28,2025-11-28,2026-08-28T06:45:02.413410+00:00,171eff0c4c292e16179e1b51902197d45b4179255d7fce18b0bbc1540eb9632b,https://finance.yahoo.com/quote/IBCI.AS/history,232.1300048828125
2025-11-30,INFR,INFR_OFFICIAL_NAV,2025-11-28,2025-11-28,2026-08-28T06:45:02.413410+00:00,af6bd526b17d603012401b1f741f703084f42346f2e4393175b3290f49bd9bc2,https://finance.yahoo.com/quote/INFR.MI/history,30.658708572387695
2025-11-30,IWVL,IWVL_OFFICIAL_NAV,2025-11-28,2025-11-28,2026-08-28T06:45:02.413410+00:00,d50d5d869874811217fd20f8cff339dc3858c9609717a37425844299661aeecc,https://finance.yahoo.com/quote/IS3S.DE/history,49.86000061035156
2025-11-30,SGLD,LBMA_GOLD_PM,2025-11-28,2025-11-28,2026-08-28T06:45:02.413410+00:00,414251d3408c1500fae24f3037a81592774c3046dd7302b673f394f3dbcadb52,https://prices.lbma.org.uk/json/gold_pm.json,3612.974137931034482758620690
2025-11-30,WENE,XDW0_OFFICIAL_NAV,2025-11-28,2025-11-28,2026-08-28T06:45:02.413410+00:00,e475bd216680c21a3641cb1c847764a89810fae0218c9b71fa6de6a3ad3f2f70,https://finance.yahoo.com/quote/XDW0.DE/history,47.40999984741211
2025-12-31,CMOD,CMOD_OFFICIAL_NAV,2025-12-30,2025-12-30,2026-08-28T06:45:02.413410+00:00,8a0e74fe66464799538f3fe38dc7e3a8d44d0007d6953bd8c100de5b29f359cd,https://finance.yahoo.com/quote/CMOD.MI/history,23.06999969482422
2025-12-31,DFNS,FRED_NASDAQNQUSB50201020N,2025-12-31,2025-12-31,2026-08-28T06:45:02.413410+00:00,c84cc23ca82562d27a92626d90fb81e4b0efc18ca3b8123f69ffc5ec095939c0,https://fred.stlouisfed.org/graph/fredgraph.csv?id=NASDAQNQUSB50201020N,7307.796523517382413087934560
2025-12-31,DTEH,DTLE_OFFICIAL_NAV,2025-12-31,2025-12-31,2026-08-28T06:45:02.413410+00:00,a78f8cea4277832f4576b237f6852bd3c97aa9bb5351190fc497eedf31e45727,https://finance.yahoo.com/quote/DTLE.L/history,2.825878143310547
2025-12-31,EQAC,FRED_NASDAQXNDXNNR,2025-12-31,2025-12-31,2026-08-28T06:45:02.413410+00:00,c7a6f427535c8838870afd10b9902f56163384ad2a2390a4c68f91b36df3b112,https://fred.stlouisfed.org/graph/fredgraph.csv?id=NASDAQXNDXNNR,24999.91479209270620313565099
2025-12-31,EWSA,WSML_OFFICIAL_NAV,2025-12-30,2025-12-30,2026-08-28T06:45:02.413410+00:00,d59d40f4c32a5804609dab01d431ae183bea82f32b1aaa8bfb6371eb3a3299ae,https://finance.yahoo.com/quote/IUSN.DE/history,7.78000020980835
2025-12-31,IBCI,IBCI_OFFICIAL_NAV,2025-12-31,2025-12-31,2026-08-28T06:45:02.413410+00:00,171eff0c4c292e16179e1b51902197d45b4179255d7fce18b0bbc1540eb9632b,https://finance.yahoo.com/quote/IBCI.AS/history,230.0500030517578
2025-12-31,INFR,INFR_OFFICIAL_NAV,2025-12-30,2025-12-30,2026-08-28T06:45:02.413410+00:00,af6bd526b17d603012401b1f741f703084f42346f2e4393175b3290f49bd9bc2,https://finance.yahoo.com/quote/INFR.MI/history,29.866405487060547
2025-12-31,IWVL,IWVL_OFFICIAL_NAV,2025-12-30,2025-12-30,2026-08-28T06:45:02.413410+00:00,d50d5d869874811217fd20f8cff339dc3858c9609717a37425844299661aeecc,https://finance.yahoo.com/quote/IS3S.DE/history,51.380001068115234
2025-12-31,SGLD,LBMA_GOLD_PM,2025-12-30,2025-12-30,2026-08-28T06:45:02.413410+00:00,414251d3408c1500fae24f3037a81592774c3046dd7302b673f394f3dbcadb52,https://prices.lbma.org.uk/json/gold_pm.json,3721.710974778459441036128153
2025-12-31,WENE,XDW0_OFFICIAL_NAV,2025-12-30,2025-12-30,2026-08-28T06:45:02.413410+00:00,e475bd216680c21a3641cb1c847764a89810fae0218c9b71fa6de6a3ad3f2f70,https://finance.yahoo.com/quote/XDW0.DE/history,46.584999084472656
2026-01-31,CMOD,CMOD_OFFICIAL_NAV,2026-01-30,2026-01-30,2026-08-28T06:45:02.413410+00:00,8a0e74fe66464799538f3fe38dc7e3a8d44d0007d6953bd8c100de5b29f359cd,https://finance.yahoo.com/quote/CMOD.MI/history,25.094999313354492
2026-01-31,DFNS,FRED_NASDAQNQUSB50201020N,2026-01-30,2026-01-30,2026-08-28T06:45:02.413410+00:00,c84cc23ca82562d27a92626d90fb81e4b0efc18ca3b8123f69ffc5ec095939c0,https://fred.stlouisfed.org/graph/fredgraph.csv?id=NASDAQNQUSB50201020N,8463.079511989903239377366428
2026-01-31,DTEH,DTLE_OFFICIAL_NAV,2026-01-30,2026-01-30,2026-08-28T06:45:02.413410+00:00,a78f8cea4277832f4576b237f6852bd3c97aa9bb5351190fc497eedf31e45727,https://finance.yahoo.com/quote/DTLE.L/history,2.792661190032959
2026-01-31,EQAC,FRED_NASDAQXNDXNNR,2026-01-30,2026-01-30,2026-08-28T06:45:02.413410+00:00,c7a6f427535c8838870afd10b9902f56163384ad2a2390a4c68f91b36df3b112,https://fred.stlouisfed.org/graph/fredgraph.csv?id=NASDAQXNDXNNR,24988.11106436684896928901977
2026-01-31,EWSA,WSML_OFFICIAL_NAV,2026-01-30,2026-01-30,2026-08-28T06:45:02.413410+00:00,d59d40f4c32a5804609dab01d431ae183bea82f32b1aaa8bfb6371eb3a3299ae,https://finance.yahoo.com/quote/IUSN.DE/history,8.043999671936035
2026-01-31,IBCI,IBCI_OFFICIAL_NAV,2026-01-30,2026-01-30,2026-08-28T06:45:02.413410+00:00,171eff0c4c292e16179e1b51902197d45b4179255d7fce18b0bbc1540eb9632b,https://finance.yahoo.com/quote/IBCI.AS/history,234.08999633789062
2026-01-31,INFR,INFR_OFFICIAL_NAV,2026-01-30,2026-01-30,2026-08-28T06:45:02.413410+00:00,af6bd526b17d603012401b1f741f703084f42346f2e4393175b3290f49bd9bc2,https://finance.yahoo.com/quote/INFR.MI/history,30.407730102539062
2026-01-31,IWVL,IWVL_OFFICIAL_NAV,2026-01-30,2026-01-30,2026-08-28T06:45:02.413410+00:00,d50d5d869874811217fd20f8cff339dc3858c9609717a37425844299661aeecc,https://finance.yahoo.com/quote/IS3S.DE/history,54.13999938964844
2026-01-31,SGLD,LBMA_GOLD_PM,2026-01-30,2026-01-30,2026-08-28T06:45:02.413410+00:00,414251d3408c1500fae24f3037a81592774c3046dd7302b673f394f3dbcadb52,https://prices.lbma.org.uk/json/gold_pm.json,4191.712242322254943205721498
2026-01-31,WENE,XDW0_OFFICIAL_NAV,2026-01-30,2026-01-30,2026-08-28T06:45:02.413410+00:00,e475bd216680c21a3641cb1c847764a89810fae0218c9b71fa6de6a3ad3f2f70,https://finance.yahoo.com/quote/XDW0.DE/history,51.70000076293945
2026-02-28,CMOD,CMOD_OFFICIAL_NAV,2026-02-27,2026-02-27,2026-08-28T06:45:02.413410+00:00,8a0e74fe66464799538f3fe38dc7e3a8d44d0007d6953bd8c100de5b29f359cd,https://finance.yahoo.com/quote/CMOD.MI/history,25.084999084472656
2026-02-28,DFNS,FRED_NASDAQNQUSB50201020N,2026-02-27,2026-02-27,2026-08-28T06:45:02.413410+00:00,c84cc23ca82562d27a92626d90fb81e4b0efc18ca3b8123f69ffc5ec095939c0,https://fred.stlouisfed.org/graph/fredgraph.csv?id=NASDAQNQUSB50201020N,8764.929791913381830485535442
2026-02-28,DTEH,DTLE_OFFICIAL_NAV,2026-02-27,2026-02-27,2026-08-28T06:45:02.413410+00:00,a78f8cea4277832f4576b237f6852bd3c97aa9bb5351190fc497eedf31e45727,https://finance.yahoo.com/quote/DTLE.L/history,2.916247606277466
2026-02-28,EQAC,FRED_NASDAQXNDXNNR,2026-02-27,2026-02-27,2026-08-28T06:45:02.413410+00:00,c7a6f427535c8838870afd10b9902f56163384ad2a2390a4c68f91b36df3b112,https://fred.stlouisfed.org/graph/fredgraph.csv?id=NASDAQXNDXNNR,24549.09490779901877854846896
2026-02-28,EWSA,WSML_OFFICIAL_NAV,2026-02-27,2026-02-27,2026-08-28T06:45:02.413410+00:00,d59d40f4c32a5804609dab01d431ae183bea82f32b1aaa8bfb6371eb3a3299ae,https://finance.yahoo.com/quote/IUSN.DE/history,8.406000137329102
2026-02-28,IBCI,IBCI_OFFICIAL_NAV,2026-02-27,2026-02-27,2026-08-28T06:45:02.413410+00:00,171eff0c4c292e16179e1b51902197d45b4179255d7fce18b0bbc1540eb9632b,https://finance.yahoo.com/quote/IBCI.AS/history,236.3800048828125
2026-02-28,INFR,INFR_OFFICIAL_NAV,2026-02-27,2026-02-27,2026-08-28T06:45:02.413410+00:00,af6bd526b17d603012401b1f741f703084f42346f2e4393175b3290f49bd9bc2,https://finance.yahoo.com/quote/INFR.MI/history,33.58683776855469
2026-02-28,IWVL,IWVL_OFFICIAL_NAV,2026-02-27,2026-02-27,2026-08-28T06:45:02.413410+00:00,d50d5d869874811217fd20f8cff339dc3858c9609717a37425844299661aeecc,https://finance.yahoo.com/quote/IS3S.DE/history,56.529998779296875
2026-02-28,SGLD,LBMA_GOLD_PM,2026-02-27,2026-02-27,2026-08-28T06:45:02.413410+00:00,414251d3408c1500fae24f3037a81592774c3046dd7302b673f394f3dbcadb52,https://prices.lbma.org.uk/json/gold_pm.json,4417.442057181525968533243106
2026-02-28,WENE,XDW0_OFFICIAL_NAV,2026-02-27,2026-02-27,2026-08-28T06:45:02.413410+00:00,e475bd216680c21a3641cb1c847764a89810fae0218c9b71fa6de6a3ad3f2f70,https://finance.yahoo.com/quote/XDW0.DE/history,56.31999969482422
2026-03-31,CMOD,CMOD_OFFICIAL_NAV,2026-03-31,2026-03-31,2026-08-28T06:45:02.413410+00:00,8a0e74fe66464799538f3fe38dc7e3a8d44d0007d6953bd8c100de5b29f359cd,https://finance.yahoo.com/quote/CMOD.MI/history,28.885000228881836
2026-03-31,DFNS,FRED_NASDAQNQUSB50201020N,2026-03-31,2026-03-31,2026-08-28T06:45:02.413410+00:00,c84cc23ca82562d27a92626d90fb81e4b0efc18ca3b8123f69ffc5ec095939c0,https://fred.stlouisfed.org/graph/fredgraph.csv?id=NASDAQNQUSB50201020N,8265.037332870289980899461712
2026-03-31,DTEH,DTLE_OFFICIAL_NAV,2026-03-31,2026-03-31,2026-08-28T06:45:02.413410+00:00,a78f8cea4277832f4576b237f6852bd3c97aa9bb5351190fc497eedf31e45727,https://finance.yahoo.com/quote/DTLE.L/history,2.787287950515747
2026-03-31,EQAC,FRED_NASDAQXNDXNNR,2026-03-31,2026-03-31,2026-08-28T06:45:02.413410+00:00,c7a6f427535c8838870afd10b9902f56163384ad2a2390a4c68f91b36df3b112,https://fred.stlouisfed.org/graph/fredgraph.csv?id=NASDAQXNDXNNR,23978.65948949470394165653759
2026-03-31,EWSA,WSML_OFFICIAL_NAV,2026-03-31,2026-03-31,2026-08-28T06:45:02.413410+00:00,d59d40f4c32a5804609dab01d431ae183bea82f32b1aaa8bfb6371eb3a3299ae,https://finance.yahoo.com/quote/IUSN.DE/history,7.894999980926514
2026-03-31,IBCI,IBCI_OFFICIAL_NAV,2026-03-31,2026-03-31,2026-08-28T06:45:02.413410+00:00,171eff0c4c292e16179e1b51902197d45b4179255d7fce18b0bbc1540eb9632b,https://finance.yahoo.com/quote/IBCI.AS/history,233.9199981689453
2026-03-31,INFR,INFR_OFFICIAL_NAV,2026-03-31,2026-03-31,2026-08-28T06:45:02.413410+00:00,af6bd526b17d603012401b1f741f703084f42346f2e4393175b3290f49bd9bc2,https://finance.yahoo.com/quote/INFR.MI/history,33.102291107177734
2026-03-31,IWVL,IWVL_OFFICIAL_NAV,2026-03-31,2026-03-31,2026-08-28T06:45:02.413410+00:00,d50d5d869874811217fd20f8cff339dc3858c9609717a37425844299661aeecc,https://finance.yahoo.com/quote/IS3S.DE/history,53.310001373291016
2026-03-31,SGLD,LBMA_GOLD_PM,2026-03-31,2026-03-31,2026-08-28T06:45:02.413410+00:00,414251d3408c1500fae24f3037a81592774c3046dd7302b673f394f3dbcadb52,https://prices.lbma.org.uk/json/gold_pm.json,4000.998437228685535683278347
2026-03-31,WENE,XDW0_OFFICIAL_NAV,2026-03-31,2026-03-31,2026-08-28T06:45:02.413410+00:00,e475bd216680c21a3641cb1c847764a89810fae0218c9b71fa6de6a3ad3f2f70,https://finance.yahoo.com/quote/XDW0.DE/history,66.05999755859375
2026-04-30,CMOD,CMOD_OFFICIAL_NAV,2026-04-30,2026-04-30,2026-08-28T06:45:02.413410+00:00,8a0e74fe66464799538f3fe38dc7e3a8d44d0007d6953bd8c100de5b29f359cd,https://finance.yahoo.com/quote/CMOD.MI/history,29.28499984741211
2026-04-30,DFNS,FRED_NASDAQNQUSB50201020N,2026-04-30,2026-04-30,2026-08-28T06:45:02.413410+00:00,c84cc23ca82562d27a92626d90fb81e4b0efc18ca3b8123f69ffc5ec095939c0,https://fred.stlouisfed.org/graph/fredgraph.csv?id=NASDAQNQUSB50201020N,7508.636712422201381191917470
2026-04-30,DTEH,DTLE_OFFICIAL_NAV,2026-04-30,2026-04-30,2026-08-28T06:45:02.413410+00:00,a78f8cea4277832f4576b237f6852bd3c97aa9bb5351190fc497eedf31e45727,https://finance.yahoo.com/quote/DTLE.L/history,2.762863874435425
2026-04-30,EQAC,FRED_NASDAQXNDXNNR,2026-04-30,2026-04-30,2026-08-28T06:45:02.413410+00:00,c7a6f427535c8838870afd10b9902f56163384ad2a2390a4c68f91b36df3b112,https://fred.stlouisfed.org/graph/fredgraph.csv?id=NASDAQXNDXNNR,27233.12302839116719242902208
2026-04-30,EWSA,WSML_OFFICIAL_NAV,2026-04-30,2026-04-30,2026-08-28T06:45:02.413410+00:00,d59d40f4c32a5804609dab01d431ae183bea82f32b1aaa8bfb6371eb3a3299ae,https://finance.yahoo.com/quote/IUSN.DE/history,8.48799991607666
2026-04-30,IBCI,IBCI_OFFICIAL_NAV,2026-04-30,2026-04-30,2026-08-28T06:45:02.413410+00:00,171eff0c4c292e16179e1b51902197d45b4179255d7fce18b0bbc1540eb9632b,https://finance.yahoo.com/quote/IBCI.AS/history,236.77999877929688
2026-04-30,INFR,INFR_OFFICIAL_NAV,2026-04-30,2026-04-30,2026-08-28T06:45:02.413410+00:00,af6bd526b17d603012401b1f741f703084f42346f2e4393175b3290f49bd9bc2,https://finance.yahoo.com/quote/INFR.MI/history,33.710445404052734
2026-04-30,IWVL,IWVL_OFFICIAL_NAV,2026-04-30,2026-04-30,2026-08-28T06:45:02.413410+00:00,d50d5d869874811217fd20f8cff339dc3858c9609717a37425844299661aeecc,https://finance.yahoo.com/quote/IS3S.DE/history,59.810001373291016
2026-04-30,SGLD,LBMA_GOLD_PM,2026-04-30,2026-04-30,2026-08-28T06:45:02.413410+00:00,414251d3408c1500fae24f3037a81592774c3046dd7302b673f394f3dbcadb52,https://prices.lbma.org.uk/json/gold_pm.json,3931.579844829056185523062495
2026-04-30,WENE,XDW0_OFFICIAL_NAV,2026-04-30,2026-04-30,2026-08-28T06:45:02.413410+00:00,e475bd216680c21a3641cb1c847764a89810fae0218c9b71fa6de6a3ad3f2f70,https://finance.yahoo.com/quote/XDW0.DE/history,62.47999954223633
2026-05-31,CMOD,CMOD_OFFICIAL_NAV,2026-05-29,2026-05-29,2026-08-28T06:45:02.413410+00:00,8a0e74fe66464799538f3fe38dc7e3a8d44d0007d6953bd8c100de5b29f359cd,https://finance.yahoo.com/quote/CMOD.MI/history,28.530000686645508
2026-05-31,DFNS,FRED_NASDAQNQUSB50201020N,2026-05-29,2026-05-29,2026-08-28T06:45:02.413410+00:00,c84cc23ca82562d27a92626d90fb81e4b0efc18ca3b8123f69ffc5ec095939c0,https://fred.stlouisfed.org/graph/fredgraph.csv?id=NASDAQNQUSB50201020N,7668.447641065159688329480264
2026-05-31,DTEH,DTLE_OFFICIAL_NAV,2026-05-29,2026-05-29,2026-08-28T06:45:02.413410+00:00,a78f8cea4277832f4576b237f6852bd3c97aa9bb5351190fc497eedf31e45727,https://finance.yahoo.com/quote/DTLE.L/history,2.776052951812744
2026-05-31,EQAC,FRED_NASDAQXNDXNNR,2026-05-29,2026-05-29,2026-08-28T06:45:02.413410+00:00,c7a6f427535c8838870afd10b9902f56163384ad2a2390a4c68f91b36df3b112,https://fred.stlouisfed.org/graph/fredgraph.csv?id=NASDAQXNDXNNR,30236.33872763079030738933128
2026-05-31,EWSA,WSML_OFFICIAL_NAV,2026-05-29,2026-05-29,2026-08-28T06:45:02.413410+00:00,d59d40f4c32a5804609dab01d431ae183bea82f32b1aaa8bfb6371eb3a3299ae,https://finance.yahoo.com/quote/IUSN.DE/history,8.878999710083008
2026-05-31,IBCI,IBCI_OFFICIAL_NAV,2026-05-29,2026-05-29,2026-08-28T06:45:02.413410+00:00,171eff0c4c292e16179e1b51902197d45b4179255d7fce18b0bbc1540eb9632b,https://finance.yahoo.com/quote/IBCI.AS/history,238.4499969482422
2026-05-31,INFR,INFR_OFFICIAL_NAV,2026-05-29,2026-05-29,2026-08-28T06:45:02.413410+00:00,af6bd526b17d603012401b1f741f703084f42346f2e4393175b3290f49bd9bc2,https://finance.yahoo.com/quote/INFR.MI/history,32.9188117980957
2026-05-31,IWVL,IWVL_OFFICIAL_NAV,2026-05-29,2026-05-29,2026-08-28T06:45:02.413410+00:00,d50d5d869874811217fd20f8cff339dc3858c9609717a37425844299661aeecc,https://finance.yahoo.com/quote/IS3S.DE/history,68.9000015258789
2026-05-31,SGLD,LBMA_GOLD_PM,2026-05-29,2026-05-29,2026-08-28T06:45:02.413410+00:00,414251d3408c1500fae24f3037a81592774c3046dd7302b673f394f3dbcadb52,https://prices.lbma.org.uk/json/gold_pm.json,3892.413734052572994263207466
2026-05-31,WENE,XDW0_OFFICIAL_NAV,2026-05-29,2026-05-29,2026-08-28T06:45:02.413410+00:00,e475bd216680c21a3641cb1c847764a89810fae0218c9b71fa6de6a3ad3f2f70,https://finance.yahoo.com/quote/XDW0.DE/history,58.97999954223633
2026-06-30,CMOD,CMOD_OFFICIAL_NAV,2026-06-30,2026-06-30,2026-08-28T06:45:02.413410+00:00,8a0e74fe66464799538f3fe38dc7e3a8d44d0007d6953bd8c100de5b29f359cd,https://finance.yahoo.com/quote/CMOD.MI/history,26.604999542236328
2026-06-30,DFNS,FRED_NASDAQNQUSB50201020N,2026-06-30,2026-06-30,2026-08-28T06:45:02.413410+00:00,c84cc23ca82562d27a92626d90fb81e4b0efc18ca3b8123f69ffc5ec095939c0,https://fred.stlouisfed.org/graph/fredgraph.csv?id=NASDAQNQUSB50201020N,7625.970044670228606464044845
2026-06-30,DTEH,DTLE_OFFICIAL_NAV,2026-06-30,2026-06-30,2026-08-28T06:45:02.413410+00:00,a78f8cea4277832f4576b237f6852bd3c97aa9bb5351190fc497eedf31e45727,https://finance.yahoo.com/quote/DTLE.L/history,2.822499990463257
2026-06-30,EQAC,FRED_NASDAQXNDXNNR,2026-06-30,2026-06-30,2026-08-28T06:45:02.413410+00:00,c7a6f427535c8838870afd10b9902f56163384ad2a2390a4c68f91b36df3b112,https://fred.stlouisfed.org/graph/fredgraph.csv?id=NASDAQXNDXNNR,30886.28361215730927564158711
2026-06-30,EWSA,WSML_OFFICIAL_NAV,2026-06-30,2026-06-30,2026-08-28T06:45:02.413410+00:00,d59d40f4c32a5804609dab01d431ae183bea82f32b1aaa8bfb6371eb3a3299ae,https://finance.yahoo.com/quote/IUSN.DE/history,9.225000381469727
2026-06-30,IBCI,IBCI_OFFICIAL_NAV,2026-06-30,2026-06-30,2026-08-28T06:45:02.413410+00:00,171eff0c4c292e16179e1b51902197d45b4179255d7fce18b0bbc1540eb9632b,https://finance.yahoo.com/quote/IBCI.AS/history,237.9600067138672
2026-06-30,INFR,INFR_OFFICIAL_NAV,2026-06-30,2026-06-30,2026-08-28T06:45:02.413410+00:00,af6bd526b17d603012401b1f741f703084f42346f2e4393175b3290f49bd9bc2,https://finance.yahoo.com/quote/INFR.MI/history,34.32500457763672
2026-06-30,IWVL,IWVL_OFFICIAL_NAV,2026-06-30,2026-06-30,2026-08-28T06:45:02.413410+00:00,d50d5d869874811217fd20f8cff339dc3858c9609717a37425844299661aeecc,https://finance.yahoo.com/quote/IS3S.DE/history,69.47000122070312
2026-06-30,SGLD,LBMA_GOLD_PM,2026-06-30,2026-06-30,2026-08-28T06:45:02.413410+00:00,414251d3408c1500fae24f3037a81592774c3046dd7302b673f394f3dbcadb52,https://prices.lbma.org.uk/json/gold_pm.json,3526.364193746167995095033722
2026-06-30,WENE,XDW0_OFFICIAL_NAV,2026-06-30,2026-06-30,2026-08-28T06:45:02.413410+00:00,e475bd216680c21a3641cb1c847764a89810fae0218c9b71fa6de6a3ad3f2f70,https://finance.yahoo.com/quote/XDW0.DE/history,57.0099983215332
2026-07-31,CMOD,CMOD_OFFICIAL_NAV,2026-07-31,2026-07-31,2026-08-28T06:45:02.413410+00:00,8a0e74fe66464799538f3fe38dc7e3a8d44d0007d6953bd8c100de5b29f359cd,https://finance.yahoo.com/quote/CMOD.MI/history,28.424999237060547
2026-07-31,DFNS,FRED_NASDAQNQUSB50201020N,2026-07-31,2026-07-31,2026-08-28T06:45:02.413410+00:00,c84cc23ca82562d27a92626d90fb81e4b0efc18ca3b8123f69ffc5ec095939c0,https://fred.stlouisfed.org/graph/fredgraph.csv?id=NASDAQNQUSB50201020N,7841.366438058859275978817606
2026-07-31,DTEH,DTLE_OFFICIAL_NAV,2026-07-31,2026-07-31,2026-08-28T06:45:02.413410+00:00,a78f8cea4277832f4576b237f6852bd3c97aa9bb5351190fc497eedf31e45727,https://finance.yahoo.com/quote/DTLE.L/history,2.6670000553131104
2026-07-31,EQAC,FRED_NASDAQXNDXNNR,2026-07-31,2026-07-31,2026-08-28T06:45:02.413410+00:00,c7a6f427535c8838870afd10b9902f56163384ad2a2390a4c68f91b36df3b112,https://fred.stlouisfed.org/graph/fredgraph.csv?id=NASDAQXNDXNNR,28594.10539109297682090459241
2026-07-31,EWSA,WSML_OFFICIAL_NAV,2026-07-31,2026-07-31,2026-08-28T06:45:02.413410+00:00,d59d40f4c32a5804609dab01d431ae183bea82f32b1aaa8bfb6371eb3a3299ae,https://finance.yahoo.com/quote/IUSN.DE/history,8.92199993133545
2026-07-31,IBCI,IBCI_OFFICIAL_NAV,2026-07-31,2026-07-31,2026-08-28T06:45:02.413410+00:00,171eff0c4c292e16179e1b51902197d45b4179255d7fce18b0bbc1540eb9632b,https://finance.yahoo.com/quote/IBCI.AS/history,235.6199951171875
2026-07-31,INFR,INFR_OFFICIAL_NAV,2026-07-31,2026-07-31,2026-08-28T06:45:02.413410+00:00,af6bd526b17d603012401b1f741f703084f42346f2e4393175b3290f49bd9bc2,https://finance.yahoo.com/quote/INFR.MI/history,34.031837463378906
2026-07-31,IWVL,IWVL_OFFICIAL_NAV,2026-07-31,2026-07-31,2026-08-28T06:45:02.413410+00:00,d50d5d869874811217fd20f8cff339dc3858c9609717a37425844299661aeecc,https://finance.yahoo.com/quote/IS3S.DE/history,67.86000061035156
2026-07-31,SGLD,LBMA_GOLD_PM,2026-07-31,2026-07-31,2026-08-28T06:45:02.413410+00:00,414251d3408c1500fae24f3037a81592774c3046dd7302b673f394f3dbcadb52,https://prices.lbma.org.uk/json/gold_pm.json,3495.615938883583644413577567
2026-07-31,WENE,XDW0_OFFICIAL_NAV,2026-07-31,2026-07-31,2026-08-28T06:45:02.413410+00:00,e475bd216680c21a3641cb1c847764a89810fae0218c9b71fa6de6a3ad3f2f70,https://finance.yahoo.com/quote/XDW0.DE/history,63.099998474121094
2026-08-28,CMOD,CMOD_OFFICIAL_NAV,2026-08-26,2026-08-26,2026-08-28T06:45:02.413410+00:00,8a0e74fe66464799538f3fe38dc7e3a8d44d0007d6953bd8c100de5b29f359cd,https://finance.yahoo.com/quote/CMOD.MI/history,29.475000381469727
2026-08-28,DFNS,FRED_NASDAQNQUSB50201020N,2026-08-27,2026-08-27,2026-08-28T06:45:02.413410+00:00,c84cc23ca82562d27a92626d90fb81e4b0efc18ca3b8123f69ffc5ec095939c0,https://fred.stlouisfed.org/graph/fredgraph.csv?id=NASDAQNQUSB50201020N,7661.408764121876069839096200
2026-08-28,DTEH,DTLE_OFFICIAL_NAV,2026-08-26,2026-08-26,2026-08-28T06:45:02.413410+00:00,a78f8cea4277832f4576b237f6852bd3c97aa9bb5351190fc497eedf31e45727,https://finance.yahoo.com/quote/DTLE.L/history,2.712249994277954
2026-08-28,EQAC,FRED_NASDAQXNDXNNR,2026-08-27,2026-08-27,2026-08-28T06:45:02.413410+00:00,c7a6f427535c8838870afd10b9902f56163384ad2a2390a4c68f91b36df3b112,https://fred.stlouisfed.org/graph/fredgraph.csv?id=NASDAQXNDXNNR,29563.17185895241355700102705
2026-08-28,EWSA,WSML_OFFICIAL_NAV,2026-08-26,2026-08-26,2026-08-28T06:45:02.413410+00:00,d59d40f4c32a5804609dab01d431ae183bea82f32b1aaa8bfb6371eb3a3299ae,https://finance.yahoo.com/quote/IUSN.DE/history,9.180000305175781
2026-08-28,IBCI,IBCI_OFFICIAL_NAV,2026-08-26,2026-08-26,2026-08-28T06:45:02.413410+00:00,171eff0c4c292e16179e1b51902197d45b4179255d7fce18b0bbc1540eb9632b,https://finance.yahoo.com/quote/IBCI.AS/history,236.05999755859375
2026-08-28,INFR,INFR_OFFICIAL_NAV,2026-08-26,2026-08-26,2026-08-28T06:45:02.413410+00:00,af6bd526b17d603012401b1f741f703084f42346f2e4393175b3290f49bd9bc2,https://finance.yahoo.com/quote/INFR.MI/history,33.6150016784668
2026-08-28,IWVL,IWVL_OFFICIAL_NAV,2026-08-26,2026-08-26,2026-08-28T06:45:02.413410+00:00,d50d5d869874811217fd20f8cff339dc3858c9609717a37425844299661aeecc,https://finance.yahoo.com/quote/IS3S.DE/history,70.0999984741211
2026-08-28,SGLD,LBMA_GOLD_PM,2026-08-27,2026-08-27,2026-08-28T06:45:02.413410+00:00,414251d3408c1500fae24f3037a81592774c3046dd7302b673f394f3dbcadb52,https://prices.lbma.org.uk/json/gold_pm.json,3910.433070866141732283464567
2026-08-28,WENE,XDW0_OFFICIAL_NAV,2026-08-26,2026-08-26,2026-08-28T06:45:02.413410+00:00,e475bd216680c21a3641cb1c847764a89810fae0218c9b71fa6de6a3ad3f2f70,https://finance.yahoo.com/quote/XDW0.DE/history,64.8499984741211
